Exercice;Outre-mer;Code Insee 2024 Région;Nom 2024 Région;Code Insee 2024 Département;Nom 2024 Département;Code Siren 2024 EPCI;Nom 2024 EPCI;Strate population 2024;Commune rurale;Commune de montagne;Commune touristique;Tranche revenu par habitant;Présence QPV;Code Insee 2024 Commune;Nom 2024 Commune;Catégorie;Code Siren Collectivité;Code Insee Collectivité;Libellé Budget;Agrégat;Montant BP;Montant BA;Montant flux BP-BA;Montant;Montant en millions;Population totale;Montant en € par habitant;Compte 2024 Disponible;ordre_analyse1_section1;ordre_analyse1_section2;ordre_analyse1_section3;ordre_analyse2_section1;ordre_analyse2_section2;ordre_analyse2_section3;ordre_analyse3_section1;ordre_analyse3_section2;ordre_analyse3_section3;ordre_analyse4_section1;annee_join;Population totale du dernier exercice
2024;Non;75;Nouvelle-Aquitaine;33;Gironde;243301223;Communauté de communes du Grand Cubzaguais;5;Non;Non;Non;1;Non;33018;Val de Virvée;Commune;200058071;33018;VAL-DE-VIRVEE;Dépenses d'équipement;780985.66;0.0;0.0;780985.66;0.78098566;3748;208.37397545357524;1;;;;;;;;2;;;2024;3748
2024;Non;75;Nouvelle-Aquitaine;33;Gironde;200043974;Communauté de communes du Sud Gironde;3;Oui;Non;Non;1;Non;33106;Castets et Castillon;Commune;200064301;33106;CASTETS-ET-CASTILLON;Dépenses d'équipement;974541.96;0.0;0.0;974541.96;0.9745419599999999;1545;630.7714951456311;1;;;;;;;;2;;;2024;1545
2024;Non;75;Nouvelle-Aquitaine;33;Gironde;243301447;Communauté de communes Médoc Estuaire;4;Non;Non;Non;2;Non;33268;Margaux-Cantenac;Commune;200068013;33268;MARGAUX-CANTENAC;Dépenses d'équipement;867953.66;0.0;0.0;867953.66;0.8679536600000001;2861;303.3742257951765;1;;;;;;;;2;;;2024;2861
2024;Non;75;Nouvelle-Aquitaine;33;Gironde;200069599;Communauté de communes rurales de l'Entre-Deux-Mers;3;Oui;Non;Oui;1;Non;33008;Porte-de-Benauge;Commune;200083772;33008;PORTE-DE-BENAUGE;Dépenses d'équipement;29786.48;0.0;0.0;29786.48;0.02978648;508;58.6348031496063;1;;;;;;;;2;;;2024;508
2024;Non;75;Nouvelle-Aquitaine;33;Gironde;200069995;Communauté de communes Médoc Cœur de Presqu'île;2;Oui;Non;Non;1;Non;33055;Blaignan-Prignac;Commune;200083780;33055;BLAIGNAN-PRIGNAC;Dépenses d'équipement;156852.45;0.0;0.0;156852.45;0.15685245;463;338.7741900647948;1;;;;;;;;2;;;2024;463
2024;Non;75;Nouvelle-Aquitaine;33;Gironde;243300811;Communauté de communes de l'Estuaire;3;Oui;Non;Non;1;Non;33380;Val-de-Livenne;Commune;200083830;33380;VAL DE LIVENNE;Dépenses d'équipement;291461.24;5749.5;0.0;297210.74;0.29721074;1816;163.66230176211454;1;;;;;;;;2;;;2024;1816
2024;Non;75;Nouvelle-Aquitaine;33;Gironde;200070092;Communauté d'agglomération du Libournais;4;Oui;Non;Non;1;Non;33001;Abzac;Commune;213300015;33001;ABZAC;Dépenses d'équipement;331189.19;8407.41;0.0;339596.6;0.33959659999999997;2038;166.6322865554465;1;;;;;;;;2;;;2024;2038
2024;Non;75;Nouvelle-Aquitaine;33;Gironde;200044394;Communauté de communes du Réolais en Sud Gironde;3;Oui;Non;Non;1;Non;33002;Aillas;Commune;213300023;33002;AILLAS;Dépenses d'équipement;82882.42;0.0;0.0;82882.42;0.08288242;838;98.90503579952266;1;;;;;;;;2;;;2024;838
2024;Non;75;Nouvelle-Aquitaine;33;Gironde;243300316;Bordeaux Métropole;7;Non;Non;Non;1;Non;33003;Ambarès-et-Lagrave;Commune;213300031;33003;AMBARES-ET-LAGRAVE;Dépenses d'équipement;3799228.63;0.0;0.0;3799228.63;3.79922863;16963;223.97150445086365;1;;;;;;;;2;;;2024;16963
2024;Non;75;Nouvelle-Aquitaine;33;Gironde;243300316;Bordeaux Métropole;4;Non;Non;Non;1;Non;33004;Ambès;Commune;213300049;33004;AMBES;Dépenses d'équipement;436819.32;0.0;0.0;436819.32;0.43681932;3230;135.23817956656347;1;;;;;;;;2;;;2024;3230
2024;Non;75;Nouvelle-Aquitaine;33;Gironde;243301504;Communauté d'agglomération du Bassin d'Arcachon Nord;7;Non;Non;Oui;3;Non;33005;Andernos-les-Bains;Commune;213300056;33005;ANDERNOS-LES-BAINS;Dépenses d'équipement;8860408.71;2301587.62;0.0;11161996.33;11.161996330000001;12746;875.7254299388044;1;;;;;;;;2;;;2024;12746
2024;Non;75;Nouvelle-Aquitaine;33;Gironde;243300811;Communauté de communes de l'Estuaire;3;Oui;Non;Non;1;Non;33006;Anglade;Commune;213300064;33006;ANGLADE;Dépenses d'équipement;25233.86;0.0;0.0;25233.86;0.02523386;918;27.487864923747278;1;;;;;;;;2;;;2024;918
2024;Non;75;Nouvelle-Aquitaine;33;Gironde;200069581;Communauté de communes Convergence Garonne;3;Non;Non;Non;2;Non;33007;Arbanats;Commune;213300072;33007;ARBANATS;Dépenses d'équipement;1425762.67;0.0;0.0;1425762.67;1.42576267;1366;1043.7501244509517;1;;;;;;;;2;;;2024;1366
2024;Non;75;Nouvelle-Aquitaine;33;Gironde;243300563;Communauté d'agglomération Bassin d'Arcachon Sud (COBAS);7;Non;Non;Oui;4;Non;33009;Arcachon;Commune;213300098;33009;ARCACHON;Dépenses d'équipement;14695778.76;331819.98;0.0;15027598.74;15.02759874;11579;1297.8321737628467;1;;;;;;;;2;;;2024;11579
2024;Non;75;Nouvelle-Aquitaine;33;Gironde;243301447;Communauté de communes Médoc Estuaire;3;Oui;Non;Non;2;Non;33010;Arcins;Commune;213300106;33010;ARCINS;Dépenses d'équipement;380549.57;0.0;0.0;380549.57;0.38054957;553;688.1547377938517;1;;;;;;;;2;;;2024;553
2024;Non;75;Nouvelle-Aquitaine;33;Gironde;243301504;Communauté d'agglomération du Bassin d'Arcachon Nord;6;Non;Non;Oui;3;Non;33011;Arès;Commune;213300114;33011;ARES;Dépenses d'équipement;2025267.28;15785.34;0.0;2041052.62;2.0410526200000003;6567;310.8044190650221;1;;;;;;;;2;;;2024;6567
2024;Non;75;Nouvelle-Aquitaine;33;Gironde;243301447;Communauté de communes Médoc Estuaire;5;Non;Non;Non;2;Non;33012;Arsac;Commune;213300122;33012;ARSAC;Dépenses d'équipement;1177039.13;0.0;0.0;1177039.13;1.1770391299999998;4018;292.94154554504723;1;;;;;;;;2;;;2024;4018
2024;Non;75;Nouvelle-Aquitaine;33;Gironde;243300316;Bordeaux Métropole;6;Non;Non;Non;2;Non;33013;Artigues-près-Bordeaux;Commune;213300130;33013;ARTIGUES-PRES-BORDEAUX;Dépenses d'équipement;5584135.88;2152.27;0.0;5586288.15;5.586288150000001;8722;640.4824753496905;1;;;;;;;;2;;;2024;8722
2024;Non;75;Nouvelle-Aquitaine;33;Gironde;200035533;Communauté de communes du Grand Saint-Émilionnais;3;Oui;Non;Non;2;Non;33014;Les Artigues-de-Lussac;Commune;213300148;33014;LES ARTIGUES-DE-LUSSAC;Dépenses d'équipement;8009.51;0.0;0.0;8009.51;0.008009510000000001;1136;7.050625;1;;;;;;;;2;;;2024;1136
2024;Non;75;Nouvelle-Aquitaine;33;Gironde;200070092;Communauté d'agglomération du Libournais;4;Non;Non;Non;2;Non;33015;Arveyres;Commune;213300155;33015;ARVEYRES;Dépenses d'équipement;488549.9;0.0;0.0;488549.9;0.48854990000000004;2065;236.58590799031478;1;;;;;;;;2;;;2024;2065
2024;Non;75;Nouvelle-Aquitaine;33;Gironde;243301397;Communauté de communes du Fronsadais;2;Non;Non;Non;2;Non;33016;Asques;Commune;213300163;33016;ASQUES;Dépenses d'équipement;55768.26;0.0;0.0;55768.26;0.05576826;442;126.17253393665159;1;;;;;;;;2;;;2024;442
2024;Non;75;Nouvelle-Aquitaine;33;Gironde;243301504;Communauté d'agglomération du Bassin d'Arcachon Nord;6;Non;Non;Oui;2;Non;33019;Audenge;Commune;213300197;33019;AUDENGE;Dépenses d'équipement;7447546.84;1024457.63;0.0;8472004.47;8.47200447;9511;890.7585395857429;1;;;;;;;;2;;;2024;9511
2024;Non;75;Nouvelle-Aquitaine;33;Gironde;243301371;Communauté de communes du Pays Foyen;1;Oui;Non;Non;1;Non;33020;Auriolles;Commune;213300205;33020;AURIOLLES;Dépenses d'équipement;15501.19;0.0;0.0;15501.19;0.01550119;144;107.64715277777778;1;;;;;;;;2;;;2024;144
2024;Non;75;Nouvelle-Aquitaine;33;Gironde;200044394;Communauté de communes du Réolais en Sud Gironde;3;Oui;Non;Non;1;Non;33021;Auros;Commune;213300213;33021;AUROS;Dépenses d'équipement;388449.24;0.0;0.0;388449.24;0.38844924;1067;364.05739456419866;1;;;;;;;;2;;;2024;1067
2024;Non;75;Nouvelle-Aquitaine;33;Gironde;243301389;Communauté de communes Médullienne;4;Non;Non;Non;2;Non;33022;Avensan;Commune;213300221;33022;AVENSAN;Dépenses d'équipement;503163.74;13832.94;0.0;516996.68;0.51699668;3119;165.7571914075024;1;;;;;;;;2;;;2024;3119
2024;Non;75;Nouvelle-Aquitaine;33;Gironde;243301264;Communauté de communes de Montesquieu;3;Non;Non;Non;2;Non;33023;Ayguemorte-les-Graves;Commune;213300239;33023;AYGUEMORTE-LES-GRAVES;Dépenses d'équipement;184417.48;0.0;0.0;184417.48;0.18441748000000002;1411;130.6998440822112;1;;;;;;;;2;;;2024;1411
2024;Non;75;Nouvelle-Aquitaine;33;Gironde;200044394;Communauté de communes du Réolais en Sud Gironde;2;Non;Non;Non;1;Non;33024;Bagas;Commune;213300247;33024;BAGAS;Dépenses d'équipement;207845.28;0.0;0.0;207845.28;0.20784528;297;699.8157575757575;1;;;;;;;;2;;;2024;297
2024;Non;75;Nouvelle-Aquitaine;33;Gironde;200069599;Communauté de communes rurales de l'Entre-Deux-Mers;2;Oui;Non;Oui;1;Non;33025;Baigneaux;Commune;213300254;33025;BAIGNEAUX;Dépenses d'équipement;48821.94;0.0;0.0;48821.94;0.04882194;450;108.4932;1;;;;;;;;2;;;2024;450
2024;Non;75;Nouvelle-Aquitaine;33;Gironde;200043974;Communauté de communes du Sud Gironde;3;Oui;Non;Non;1;Non;33026;Balizac;Commune;213300262;33026;BALIZAC;Dépenses d'équipement;33296.43;0.0;0.0;33296.43;0.03329643;519;64.1549710982659;1;;;;;;;;2;;;2024;519
2024;Non;75;Nouvelle-Aquitaine;33;Gironde;200044394;Communauté de communes du Réolais en Sud Gironde;2;Oui;Non;Non;1;Non;33027;Barie;Commune;213300270;33027;BARIE;Dépenses d'équipement;47155.47;0.0;0.0;47155.47;0.04715547;290;162.60506896551723;1;;;;;;;;2;;;2024;290
2024;Non;75;Nouvelle-Aquitaine;33;Gironde;243301215;Communauté de communes du Créonnais;3;Non;Non;Non;2;Non;33028;Baron;Commune;213300288;33028;BARON;Dépenses d'équipement;170240.75;0.0;0.0;170240.75;0.17024075;1209;140.8112076095947;1;;;;;;;;2;;;2024;1209
2024;Non;75;Nouvelle-Aquitaine;33;Gironde;243301405;Communauté de communes du Val de l'Eyre;6;Non;Non;Non;2;Non;33029;Le Barp;Commune;213300296;33029;LE BARP;Dépenses d'équipement;3147137.15;0.0;0.0;3147137.15;3.14713715;5736;548.6640777545327;1;;;;;;;;2;;;2024;5736
2024;Non;75;Nouvelle-Aquitaine;33;Gironde;200069581;Communauté de communes Convergence Garonne;4;Oui;Non;Non;1;Non;33030;Barsac;Commune;213300304;33030;BARSAC;Dépenses d'équipement;776376.27;13361.1;0.0;789737.37;0.78973737;2089;378.0456534226903;1;;;;;;;;2;;;2024;2089
2024;Non;75;Nouvelle-Aquitaine;33;Gironde;200044394;Communauté de communes du Réolais en Sud Gironde;1;Oui;Non;Non;2;Non;33031;Bassanne;Commune;213300312;33031;BASSANNE;Dépenses d'équipement;24074.35;0.0;0.0;24074.35;0.024074349999999998;134;179.65932835820894;1;;;;;;;;2;;;2024;134
2024;Non;75;Nouvelle-Aquitaine;33;Gironde;243300316;Bordeaux Métropole;6;Non;Non;Non;1;Oui;33032;Bassens;Commune;213300320;33032;BASSENS;Dépenses d'équipement;4020470.36;0.0;0.0;4020470.36;4.02047036;7909;508.3411758755848;1;;;;;;;;2;;;2024;7909
2024;Non;75;Nouvelle-Aquitaine;33;Gironde;243301439;Communauté de communes des Portes de l'Entre-Deux-Mers;3;Non;Non;Non;2;Non;33033;Baurech;Commune;213300338;33033;BAURECH;Dépenses d'équipement;642748.58;0.0;0.0;642748.58;0.6427485799999999;972;661.2639711934156;1;;;;;;;;2;;;2024;972
2024;Non;75;Nouvelle-Aquitaine;33;Gironde;200070092;Communauté d'agglomération du Libournais;2;Oui;Non;Non;1;Non;33034;Bayas;Commune;213300346;33034;BAYAS;Dépenses d'équipement;118498.72;0.0;0.0;118498.72;0.11849872;465;254.8359569892473;1;;;;;;;;2;;;2024;465
2024;Non;75;Nouvelle-Aquitaine;33;Gironde;200023794;Communauté de communes de Blaye;3;Non;Non;Non;2;Non;33035;Bayon-sur-Gironde;Commune;213300353;33035;BAYON-SUR-GIRONDE;Dépenses d'équipement;355671.42;0.0;0.0;355671.42;0.35567141999999996;734;484.5659673024523;1;;;;;;;;2;;;2024;734
2024;Non;75;Nouvelle-Aquitaine;33;Gironde;200043982;Communauté de communes du Bazadais;6;Non;Non;Non;1;Non;33036;Bazas;Commune;213300361;33036;BAZAS;Dépenses d'équipement;1606451.55;0.0;0.0;1606451.55;1.60645155;5059;317.54329907096263;1;;;;;;;;2;;;2024;5059
2024;Non;75;Nouvelle-Aquitaine;33;Gironde;243301264;Communauté de communes de Montesquieu;4;Non;Non;Non;2;Non;33037;Beautiran;Commune;213300379;33037;BEAUTIRAN;Dépenses d'équipement;699478.76;268722.71;0.0;968201.47;0.96820147;2484;389.77514895330114;1;;;;;;;;2;;;2024;2484
2024;Non;75;Nouvelle-Aquitaine;33;Gironde;200069995;Communauté de communes Médoc Cœur de Presqu'île;3;Oui;Non;Non;1;Non;33038;Bégadan;Commune;213300387;33038;BEGADAN;Dépenses d'équipement;212366.87;0.0;0.0;212366.87;0.21236686999999999;911;233.11401756311744;1;;;;;;;;2;;;2024;911
2024;Non;75;Nouvelle-Aquitaine;33;Gironde;243300316;Bordeaux Métropole;8;Non;Non;Non;2;Oui;33039;Bègles;Commune;213300395;33039;BEGLES;Dépenses d'équipement;11223478.79;0.0;0.0;11223478.79;11.22347879;31161;360.177105676968;1;;;;;;;;2;;;2024;31161
2024;Non;75;Nouvelle-Aquitaine;33;Gironde;200069581;Communauté de communes Convergence Garonne;3;Non;Non;Non;1;Non;33040;Béguey;Commune;213300403;33040;BEGUEY;Dépenses d'équipement;175605.44;0.0;0.0;175605.44;0.17560544;1221;143.8209991809992;1;;;;;;;;2;;;2024;1221
2024;Non;75;Nouvelle-Aquitaine;33;Gironde;243301405;Communauté de communes du Val de l'Eyre;6;Non;Non;Non;2;Non;33042;Belin-Béliet;Commune;213300429;33042;BELIN-BELIET;Dépenses d'équipement;2035310.51;0.0;0.0;2035310.51;2.03531051;6141;331.42981761928024;1;;;;;;;;2;;;2024;6141
2024;Non;75;Nouvelle-Aquitaine;33;Gironde;200069599;Communauté de communes rurales de l'Entre-Deux-Mers;2;Oui;Non;Oui;1;Non;33043;Bellebat;Commune;213300437;33043;BELLEBAT;Dépenses d'équipement;32599.22;0.0;0.0;32599.22;0.03259922;326;99.99760736196319;1;;;;;;;;2;;;2024;326
2024;Non;75;Nouvelle-Aquitaine;33;Gironde;200069599;Communauté de communes rurales de l'Entre-Deux-Mers;2;Oui;Non;Oui;3;Non;33044;Bellefond;Commune;213300445;33044;BELLEFOND;Dépenses d'équipement;24251.49;0.0;0.0;24251.49;0.02425149;220;110.23404545454547;1;;;;;;;;2;;;2024;220
2024;Non;75;Nouvelle-Aquitaine;33;Gironde;200035533;Communauté de communes du Grand Saint-Émilionnais;2;Oui;Non;Non;1;Non;33045;Belvès-de-Castillon;Commune;213300452;33045;BELVES-DE-CASTILLON;Dépenses d'équipement;31420.04;0.0;0.0;31420.04;0.03142004;339;92.68448377581122;1;;;;;;;;2;;;2024;339
2024;Non;75;Nouvelle-Aquitaine;33;Gironde;200043982;Communauté de communes du Bazadais;3;Oui;Non;Non;2;Non;33046;Bernos-Beaulac;Commune;213300460;33046;BERNOS-BEAULAC;Dépenses d'équipement;259072.6;15366.61;0.0;274439.21;0.27443921000000004;1166;235.36810463121785;1;;;;;;;;2;;;2024;1166
2024;Non;75;Nouvelle-Aquitaine;33;Gironde;200023794;Communauté de communes de Blaye;3;Oui;Non;Non;2;Non;33047;Berson;Commune;213300478;33047;BERSON;Dépenses d'équipement;462325.63;0.0;0.0;462325.63;0.46232563;1854;249.36657497303128;1;;;;;;;;2;;;2024;1854
2024;Non;75;Nouvelle-Aquitaine;33;Gironde;200044394;Communauté de communes du Réolais en Sud Gironde;2;Oui;Non;Non;1;Non;33048;Berthez;Commune;213300486;33048;BERTHEZ;Dépenses d'équipement;51035.33;0.0;0.0;51035.33;0.051035330000000004;288;177.20600694444445;1;;;;;;;;2;;;2024;288
2024;Non;75;Nouvelle-Aquitaine;33;Gironde;243301249;Communauté de communes Les Rives de la Laurence;4;Non;Non;Non;2;Non;33049;Beychac-et-Caillau;Commune;213300494;33049;BEYCHAC-ET-CAILLAU;Dépenses d'équipement;602016.81;0.0;0.0;602016.81;0.6020168100000001;2614;230.30482402448357;1;;;;;;;;2;;;2024;2614
2024;Non;75;Nouvelle-Aquitaine;33;Gironde;200043974;Communauté de communes du Sud Gironde;3;Oui;Non;Non;1;Non;33050;Bieujac;Commune;213300502;33050;BIEUJAC;Dépenses d'équipement;28062.29;0.0;0.0;28062.29;0.02806229;665;42.19893233082707;1;;;;;;;;2;;;2024;665
2024;Non;75;Nouvelle-Aquitaine;33;Gironde;243301504;Communauté d'agglomération du Bassin d'Arcachon Nord;7;Non;Non;Non;2;Non;33051;Biganos;Commune;213300510;33051;BIGANOS;Dépenses d'équipement;4197857.01;0.0;0.0;4197857.01;4.19785701;11232;373.74083066239314;1;;;;;;;;2;;;2024;11232
2024;Non;75;Nouvelle-Aquitaine;33;Gironde;200070092;Communauté d'agglomération du Libournais;3;Non;Non;Non;2;Non;33052;Les Billaux;Commune;213300528;33052;LES BILLAUX;Dépenses d'équipement;27767.27;0.0;0.0;27767.27;0.02776727;1201;23.120124895920068;1;;;;;;;;2;;;2024;1201
2024;Non;75;Nouvelle-Aquitaine;33;Gironde;200043982;Communauté de communes du Bazadais;2;Oui;Non;Non;1;Non;33053;Birac;Commune;213300536;33053;BIRAC;Dépenses d'équipement;165611.8;0.0;0.0;165611.8;0.16561179999999998;239;692.9364016736401;1;;;;;;;;2;;;2024;239
2024;Non;75;Nouvelle-Aquitaine;33;Gironde;200044394;Communauté de communes du Réolais en Sud Gironde;2;Oui;Non;Non;2;Non;33054;Blaignac;Commune;213300544;33054;BLAIGNAC;Dépenses d'équipement;60909.86;0.0;0.0;60909.86;0.06090986;310;196.4834193548387;1;;;;;;;;2;;;2024;310
2024;Non;75;Nouvelle-Aquitaine;33;Gironde;243300316;Bordeaux Métropole;7;Non;Non;Non;2;Non;33056;Blanquefort;Commune;213300569;33056;BLANQUEFORT;Dépenses d'équipement;2701727.7;0.0;0.0;2701727.7;2.7017277;16636;162.402482567925;1;;;;;;;;2;;;2024;16636
2024;Non;75;Nouvelle-Aquitaine;33;Gironde;200069599;Communauté de communes rurales de l'Entre-Deux-Mers;3;Oui;Non;Non;1;Non;33057;Blasimon;Commune;213300577;33057;BLASIMON;Dépenses d'équipement;89797.27;140224.58;0.0;230021.85;0.23002185;960;239.60609375;1;;;;;;;;2;;;2024;960
2024;Non;75;Nouvelle-Aquitaine;33;Gironde;200023794;Communauté de communes de Blaye;6;Non;Non;Non;1;Non;33058;Blaye;Commune;213300585;33058;BLAYE;Dépenses d'équipement;690957.11;2807.14;0.0;693764.25;0.69376425;5077;136.64846365964152;1;;;;;;;;2;;;2024;5077
2024;Non;75;Nouvelle-Aquitaine;33;Gironde;243301215;Communauté de communes du Créonnais;2;Oui;Non;Non;2;Non;33059;Blésignac;Commune;213300593;33059;BLESIGNAC;Dépenses d'équipement;32090.89;0.0;0.0;32090.89;0.03209089;314;102.20028662420383;1;;;;;;;;2;;;2024;314
2024;Non;75;Nouvelle-Aquitaine;33;Gironde;200043974;Communauté de communes du Sud Gironde;3;Oui;Non;Non;2;Non;33060;Bommes;Commune;213300601;33060;BOMMES;Dépenses d'équipement;26368.85;0.0;0.0;26368.85;0.02636885;508;51.90718503937008;1;;;;;;;;2;;;2024;508
2024;Non;75;Nouvelle-Aquitaine;33;Gironde;243301355;Communauté de communes Les Coteaux Bordelais;3;Non;Non;Non;3;Non;33061;Bonnetan;Commune;213300619;33061;BONNETAN;Dépenses d'équipement;248162.0;0.0;0.0;248162.0;0.248162;1043;237.93096836049855;1;;;;;;;;2;;;2024;1043
2024;Non;75;Nouvelle-Aquitaine;33;Gironde;200070092;Communauté d'agglomération du Libournais;3;Oui;Non;Non;2;Non;33062;Bonzac;Commune;213300627;33062;BONZAC;Dépenses d'équipement;118154.43;0.0;0.0;118154.43;0.11815442999999999;791;149.3734892541087;1;;;;;;;;2;;;2024;791
2024;Non;75;Nouvelle-Aquitaine;33;Gironde;243300316;Bordeaux Métropole;10;Non;Non;Oui;3;Oui;33063;Bordeaux;Commune;213300635;33063;BORDEAUX;Dépenses d'équipement;109202950.59;0.0;0.0;109202950.59;109.20295059;265255;411.69045103768076;1;;;;;;;;2;;;2024;265255
2024;Non;75;Nouvelle-Aquitaine;33;Gironde;243301454;Communauté de communes Castillon/Pujols;0;Oui;Non;Non;1;Non;33064;Bossugan;Commune;213300643;33064;BOSSUGAN;Dépenses d'équipement;9019.53;0.0;0.0;9019.53;0.009019530000000001;43;209.756511627907;1;;;;;;;;2;;;2024;43
2024;Non;75;Nouvelle-Aquitaine;33;Gironde;243300316;Bordeaux Métropole;5;Non;Non;Non;4;Non;33065;Bouliac;Commune;213300650;33065;BOULIAC;Dépenses d'équipement;2061835.76;0.0;0.0;2061835.76;2.06183576;3848;535.820103950104;1;;;;;;;;2;;;2024;3848
2024;Non;75;Nouvelle-Aquitaine;33;Gironde;200044394;Communauté de communes du Réolais en Sud Gironde;0;Oui;Non;Non;1;Non;33066;Bourdelles;Commune;213300668;33066;BOURDELLES;Dépenses d'équipement;14937.73;0.0;0.0;14937.73;0.01493773;97;153.99721649484536;1;;;;;;;;2;;;2024;97
2024;Non;75;Nouvelle-Aquitaine;33;Gironde;243301223;Communauté de communes du Grand Cubzaguais;4;Non;Non;Non;1;Non;33067;Bourg;Commune;213300676;33067;BOURG;Dépenses d'équipement;269299.34;10966.0;0.0;280265.34;0.28026534000000003;2312;121.22203287197233;1;;;;;;;;2;;;2024;2312
2024;Non;75;Nouvelle-Aquitaine;33;Gironde;200043974;Communauté de communes du Sud Gironde;1;Oui;Non;Non;1;Non;33068;Bourideys;Commune;213300684;33068;BOURIDEYS;Dépenses d'équipement;76419.03;0.0;0.0;76419.03;0.07641903;102;749.2061764705883;1;;;;;;;;2;;;2024;102
2024;Non;75;Nouvelle-Aquitaine;33;Gironde;243300316;Bordeaux Métropole;8;Non;Non;Non;4;Oui;33069;Le Bouscat;Commune;213300692;33069;LE BOUSCAT;Dépenses d'équipement;7934121.22;0.0;0.0;7934121.22;7.93412122;24640;322.0016728896104;1;;;;;;;;2;;;2024;24640
2024;Non;75;Nouvelle-Aquitaine;33;Gironde;243301389;Communauté de communes Médullienne;3;Oui;Non;Non;1;Non;33070;Brach;Commune;213300700;33070;BRACH;Dépenses d'équipement;174448.09;15321.0;0.0;189769.09;0.18976909;863;219.8946581691773;1;;;;;;;;2;;;2024;863
2024;Non;75;Nouvelle-Aquitaine;33;Gironde;243301454;Communauté de communes Castillon/Pujols;3;Non;Non;Non;1;Non;33071;Branne;Commune;213300718;33071;BRANNE;Dépenses d'équipement;277952.85;0.0;0.0;277952.85;0.27795285;1326;209.61753393665157;1;;;;;;;;2;;;2024;1326
2024;Non;75;Nouvelle-Aquitaine;33;Gironde;200044394;Communauté de communes du Réolais en Sud Gironde;2;Oui;Non;Non;1;Non;33072;Brannens;Commune;213300726;33072;BRANNENS;Dépenses d'équipement;26787.22;0.0;0.0;26787.22;0.02678722;244;109.78368852459018;1;;;;;;;;2;;;2024;244
2024;Non;75;Nouvelle-Aquitaine;33;Gironde;243300811;Communauté de communes de l'Estuaire;3;Oui;Non;Non;1;Non;33073;Braud-et-Saint-Louis;Commune;213300734;33073;BRAUD-ET-SAINT-LOUIS;Dépenses d'équipement;10295479.17;72215.88;0.0;10367695.05;10.36769505;1540;6732.2695129870135;1;;;;;;;;2;;;2024;1540
2024;Non;75;Nouvelle-Aquitaine;33;Gironde;200044394;Communauté de communes du Réolais en Sud Gironde;2;Oui;Non;Non;1;Non;33074;Brouqueyran;Commune;213300742;33074;BROUQUEYRAN;Dépenses d'équipement;25276.15;0.0;0.0;25276.15;0.02527615;211;119.79218009478673;1;;;;;;;;2;;;2024;211
2024;Non;75;Nouvelle-Aquitaine;33;Gironde;243300316;Bordeaux Métropole;8;Non;Non;Non;2;Non;33075;Bruges;Commune;213300759;33075;BRUGES;Dépenses d'équipement;5042722.22;0.0;0.0;5042722.22;5.04272222;20437;246.74473846454958;1;;;;;;;;2;;;2024;20437
2024;Non;75;Nouvelle-Aquitaine;33;Gironde;200069581;Communauté de communes Convergence Garonne;3;Oui;Non;Non;2;Non;33076;Budos;Commune;213300767;33076;BUDOS;Dépenses d'équipement;51088.6;0.0;0.0;51088.6;0.0510886;828;61.7012077294686;1;;;;;;;;2;;;2024;828
2024;Non;75;Nouvelle-Aquitaine;33;Gironde;243301264;Communauté de communes de Montesquieu;4;Oui;Non;Non;2;Non;33077;Cabanac-et-Villagrains;Commune;213300775;33077;CABANAC-ET-VILLAGRAINS;Dépenses d'équipement;536063.26;156434.85;0.0;692498.11;0.69249811;2444;283.34619885433716;1;;;;;;;;2;;;2024;2444
2024;Non;75;Nouvelle-Aquitaine;33;Gironde;243301454;Communauté de communes Castillon/Pujols;3;Oui;Non;Non;2;Non;33078;Cabara;Commune;213300783;33078;CABARA;Dépenses d'équipement;174545.52;0.0;0.0;174545.52;0.17454551999999998;506;344.95162055335965;1;;;;;;;;2;;;2024;506
2024;Non;75;Nouvelle-Aquitaine;33;Gironde;200070092;Communauté d'agglomération du Libournais;2;Non;Non;Non;2;Non;33079;Cadarsac;Commune;213300791;33079;CADARSAC;Dépenses d'équipement;23869.26;0.0;0.0;23869.26;0.02386926;354;67.42728813559322;1;;;;;;;;2;;;2024;354
2024;Non;75;Nouvelle-Aquitaine;33;Gironde;243301264;Communauté de communes de Montesquieu;6;Non;Non;Non;2;Non;33080;Cadaujac;Commune;213300809;33080;CADAUJAC;Dépenses d'équipement;1533943.12;113088.94;0.0;1647032.06;1.6470320600000001;6742;244.2942835953723;1;;;;;;;;2;;;2024;6742
2024;Non;75;Nouvelle-Aquitaine;33;Gironde;200069581;Communauté de communes Convergence Garonne;4;Non;Non;Non;1;Non;33081;Cadillac-sur-Garonne;Commune;213300817;33081;CADILLAC SUR GARONNE;Dépenses d'équipement;538026.71;0.0;0.0;538026.71;0.5380267099999999;2812;191.3324004267425;1;;;;;;;;2;;;2024;2812
2024;Non;75;Nouvelle-Aquitaine;33;Gironde;243301397;Communauté de communes du Fronsadais;3;Non;Non;Non;2;Non;33082;Cadillac-en-Fronsadais;Commune;213300825;33082;CADILLAC-EN-FRONSADAIS;Dépenses d'équipement;361692.9;0.0;0.0;361692.9;0.36169290000000004;1371;263.8168490153173;1;;;;;;;;2;;;2024;1371
2024;Non;75;Nouvelle-Aquitaine;33;Gironde;243301355;Communauté de communes Les Coteaux Bordelais;3;Non;Non;Non;2;Non;33083;Camarsac;Commune;213300833;33083;CAMARSAC;Dépenses d'équipement;80856.94;20216.6;0.0;101073.54;0.10107353999999999;1036;97.56133204633204;1;;;;;;;;2;;;2024;1036
2024;Non;75;Nouvelle-Aquitaine;33;Gironde;243301439;Communauté de communes des Portes de l'Entre-Deux-Mers;3;Non;Non;Non;2;Non;33084;Cambes;Commune;213300841;33084;CAMBES;Dépenses d'équipement;1019599.92;0.0;0.0;1019599.92;1.01959992;1829;557.4630508474577;1;;;;;;;;2;;;2024;1829
2024;Non;75;Nouvelle-Aquitaine;33;Gironde;243301439;Communauté de communes des Portes de l'Entre-Deux-Mers;4;Non;Non;Non;3;Non;33085;Camblanes-et-Meynac;Commune;213300858;33085;CAMBLANES-ET-MEYNAC;Dépenses d'équipement;1523707.26;0.0;0.0;1523707.26;1.5237072600000001;3238;470.5704941321804;1;;;;;;;;2;;;2024;3238
2024;Non;75;Nouvelle-Aquitaine;33;Gironde;243301215;Communauté de communes du Créonnais;2;Oui;Non;Non;2;Non;33086;Camiac-et-Saint-Denis;Commune;213300866;33086;CAMIAC-ET-SAINT-DENIS;Dépenses d'équipement;65294.78;0.0;0.0;65294.78;0.06529478;367;177.91493188010898;1;;;;;;;;2;;;2024;367
2024;Non;75;Nouvelle-Aquitaine;33;Gironde;200044394;Communauté de communes du Réolais en Sud Gironde;2;Non;Non;Non;1;Non;33087;Camiran;Commune;213300874;33087;CAMIRAN;Dépenses d'équipement;13179.1;0.0;0.0;13179.1;0.013179100000000001;420;31.378809523809526;1;;;;;;;;2;;;2024;420
2024;Non;75;Nouvelle-Aquitaine;33;Gironde;200070092;Communauté d'agglomération du Libournais;3;Non;Non;Non;1;Non;33088;Camps-sur-l'Isle;Commune;213300882;33088;CAMPS-SUR-L'ISLE;Dépenses d'équipement;678267.89;0.0;0.0;678267.89;0.67826789;629;1078.3273290937998;1;;;;;;;;2;;;2024;629
2024;Non;75;Nouvelle-Aquitaine;33;Gironde;200023794;Communauté de communes de Blaye;3;Oui;Non;Non;1;Non;33089;Campugnan;Commune;213300890;33089;CAMPUGNAN;Dépenses d'équipement;205118.76;0.0;0.0;205118.76;0.20511876;519;395.2191907514451;1;;;;;;;;2;;;2024;519
2024;Non;75;Nouvelle-Aquitaine;33;Gironde;243301165;Communauté de communes Jalle-Eau-Bourde;6;Non;Non;Non;2;Non;33090;Canéjan;Commune;213300908;33090;CANEJAN;Dépenses d'équipement;1893685.81;524454.65;0.0;2418140.46;2.41814046;5994;403.42683683683686;1;;;;;;;;2;;;2024;5994
2024;Non;75;Nouvelle-Aquitaine;33;Gironde;243301215;Communauté de communes du Créonnais;3;Oui;Non;Non;2;Non;33093;Capian;Commune;213300932;33093;CAPIAN;Dépenses d'équipement;25389.07;0.0;0.0;25389.07;0.02538907;796;31.895816582914573;1;;;;;;;;2;;;2024;796
2024;Non;75;Nouvelle-Aquitaine;33;Gironde;243301371;Communauté de communes du Pays Foyen;2;Oui;Non;Non;2;Non;33094;Caplong;Commune;213300940;33094;CAPLONG;Dépenses d'équipement;63299.32;0.0;0.0;63299.32;0.06329932;239;264.85071129707114;1;;;;;;;;2;;;2024;239
2024;Non;75;Nouvelle-Aquitaine;33;Gironde;200043982;Communauté de communes du Bazadais;3;Oui;Non;Non;2;Non;33095;Captieux;Commune;213300957;33095;CAPTIEUX;Dépenses d'équipement;98901.09;172770.43;0.0;271671.52;0.27167152;1356;200.34772861356933;1;;;;;;;;2;;;2024;1356
2024;Non;75;Nouvelle-Aquitaine;33;Gironde;243300316;Bordeaux Métropole;6;Non;Non;Non;2;Non;33096;Carbon-Blanc;Commune;213300965;33096;CARBON-BLANC;Dépenses d'équipement;1759688.29;0.0;0.0;1759688.29;1.75968829;8386;209.83642857142857;1;;;;;;;;2;;;2024;8386
2024;Non;75;Nouvelle-Aquitaine;33;Gironde;200070720;Communauté de communes Médoc Atlantique;4;Oui;Non;Oui;3;Non;33097;Carcans;Commune;213300973;33097;CARCANS;Dépenses d'équipement;3092294.04;495892.38;0.0;3588186.42;3.58818642;2454;1462.1786552567237;1;;;;;;;;2;;;2024;2454
2024;Non;75;Nouvelle-Aquitaine;33;Gironde;200069581;Communauté de communes Convergence Garonne;3;Oui;Non;Non;2;Non;33098;Cardan;Commune;213300981;33098;CARDAN;Dépenses d'équipement;46778.59;0.0;0.0;46778.59;0.046778589999999995;520;89.95882692307691;1;;;;;;;;2;;;2024;520
2024;Non;75;Nouvelle-Aquitaine;33;Gironde;243301355;Communauté de communes Les Coteaux Bordelais;5;Non;Non;Non;3;Non;33099;Carignan-de-Bordeaux;Commune;213300999;33099;CARIGNAN-DE-BORDEAUX;Dépenses d'équipement;1055521.08;0.0;0.0;1055521.08;1.0555210800000001;4282;246.50188696870623;1;;;;;;;;2;;;2024;4282
2024;Non;75;Nouvelle-Aquitaine;33;Gironde;200023794;Communauté de communes de Blaye;3;Non;Non;Non;2;Non;33100;Cars;Commune;213301005;33100;CARS;Dépenses d'équipement;416004.49;0.0;0.0;416004.49;0.41600449;1232;337.66598214285716;1;;;;;;;;2;;;2024;1232
2024;Non;75;Nouvelle-Aquitaine;33;Gironde;243300811;Communauté de communes de l'Estuaire;3;Non;Non;Non;1;Non;33101;Cartelègue;Commune;213301013;33101;CARTELEGUE;Dépenses d'équipement;128163.98;0.0;0.0;128163.98;0.12816397999999998;1286;99.66094867807153;1;;;;;;;;2;;;2024;1286
2024;Non;75;Nouvelle-Aquitaine;33;Gironde;200044394;Communauté de communes du Réolais en Sud Gironde;2;Non;Non;Non;1;Non;33102;Casseuil;Commune;213301021;33102;CASSEUIL;Dépenses d'équipement;55896.25;0.0;0.0;55896.25;0.05589625;378;147.87367724867724;1;;;;;;;;2;;;2024;378
2024;Non;75;Nouvelle-Aquitaine;33;Gironde;200069599;Communauté de communes rurales de l'Entre-Deux-Mers;0;Oui;Non;Non;1;Non;33103;Castelmoron-d'Albret;Commune;213301039;33103;CASTELMORON-D'ALBRET;Dépenses d'équipement;16251.2;0.0;0.0;16251.2;0.0162512;53;306.6264150943396;1;;;;;;;;2;;;2024;53
2024;Non;75;Nouvelle-Aquitaine;33;Gironde;243301389;Communauté de communes Médullienne;5;Non;Non;Non;2;Non;33104;Castelnau-de-Médoc;Commune;213301047;33104;CASTELNAU-MEDOC;Dépenses d'équipement;1441834.45;0.0;0.0;1441834.45;1.44183445;4899;294.31199224331493;1;;;;;;;;2;;;2024;4899
2024;Non;75;Nouvelle-Aquitaine;33;Gironde;200069599;Communauté de communes rurales de l'Entre-Deux-Mers;2;Oui;Non;Non;1;Non;33105;Castelviel;Commune;213301054;33105;CASTELVIEL;Dépenses d'équipement;2618.4;0.0;0.0;2618.4;0.0026184;214;12.235514018691589;1;;;;;;;;2;;;2024;214
2024;Non;75;Nouvelle-Aquitaine;33;Gironde;243301454;Communauté de communes Castillon/Pujols;4;Non;Non;Non;1;Non;33108;Castillon-la-Bataille;Commune;213301088;33108;CASTILLON-LA-BATAILLE;Dépenses d'équipement;1739031.71;0.0;0.0;1739031.71;1.73903171;3305;526.1820605143721;1;;;;;;;;2;;;2024;3305
2024;Non;75;Nouvelle-Aquitaine;33;Gironde;243301264;Communauté de communes de Montesquieu;4;Non;Non;Non;2;Non;33109;Castres-Gironde;Commune;213301096;33109;CASTRES-GIRONDE;Dépenses d'équipement;1054500.72;0.0;0.0;1054500.72;1.05450072;2611;403.8685254691689;1;;;;;;;;2;;;2024;2611
2024;Non;75;Nouvelle-Aquitaine;33;Gironde;200044394;Communauté de communes du Réolais en Sud Gironde;3;Non;Non;Oui;1;Non;33111;Caudrot;Commune;213301112;33111;CAUDROT;Dépenses d'équipement;869320.25;1551.31;0.0;870871.56;0.8708715600000001;1120;777.563892857143;1;;;;;;;;2;;;2024;1120
2024;Non;75;Nouvelle-Aquitaine;33;Gironde;200069599;Communauté de communes rurales de l'Entre-Deux-Mers;1;Oui;Non;Non;1;Non;33112;Caumont;Commune;213301120;33112;CAUMONT;Dépenses d'équipement;194829.01;0.0;0.0;194829.01;0.19482901;139;1401.6475539568346;1;;;;;;;;2;;;2024;139
2024;Non;75;Nouvelle-Aquitaine;33;Gironde;200043982;Communauté de communes du Bazadais;1;Oui;Non;Non;2;Non;33113;Cauvignac;Commune;213301138;33113;CAUVIGNAC;Dépenses d'équipement;67126.55;0.0;0.0;67126.55;0.06712655000000001;146;459.77089041095894;1;;;;;;;;2;;;2024;146
2024;Non;75;Nouvelle-Aquitaine;33;Gironde;243301181;Communauté de communes Latitude Nord Gironde;4;Non;Non;Non;1;Non;33114;Cavignac;Commune;213301146;33114;CAVIGNAC;Dépenses d'équipement;828996.39;19719.0;0.0;848715.39;0.8487153900000001;2404;353.0430074875208;1;;;;;;;;2;;;2024;2404
2024;Non;75;Nouvelle-Aquitaine;33;Gironde;200043974;Communauté de communes du Sud Gironde;2;Oui;Non;Non;2;Non;33115;Cazalis;Commune;213301153;33115;CAZALIS;Dépenses d'équipement;13179.0;0.0;0.0;13179.0;0.013179;243;54.23456790123457;1;;;;;;;;2;;;2024;243
2024;Non;75;Nouvelle-Aquitaine;33;Gironde;200043982;Communauté de communes du Bazadais;2;Oui;Non;Non;2;Non;33116;Cazats;Commune;213301161;33116;CAZATS;Dépenses d'équipement;99591.01;0.0;0.0;99591.01;0.09959101;406;245.2980541871921;1;;;;;;;;2;;;2024;406
2024;Non;75;Nouvelle-Aquitaine;33;Gironde;200069599;Communauté de communes rurales de l'Entre-Deux-Mers;2;Oui;Non;Non;1;Non;33117;Cazaugitat;Commune;213301179;33117;CAZAUGITAT;Dépenses d'équipement;8373.1;0.0;0.0;8373.1;0.0083731;216;38.764351851851856;1;;;;;;;;2;;;2024;216
2024;Non;75;Nouvelle-Aquitaine;33;Gironde;243301439;Communauté de communes des Portes de l'Entre-Deux-Mers;4;Non;Non;Non;3;Non;33118;Cénac;Commune;213301187;33118;CENAC;Dépenses d'équipement;1314321.2;0.0;0.0;1314321.2;1.3143212;2167;606.5164743885556;1;;;;;;;;2;;;2024;2167
2024;Non;75;Nouvelle-Aquitaine;33;Gironde;243300316;Bordeaux Métropole;8;Non;Non;Non;1;Oui;33119;Cenon;Commune;213301195;33119;CENON;Dépenses d'équipement;3745763.15;121712.15;0.0;3867475.3;3.8674752999999997;27014;143.16559191530317;1;;;;;;;;2;;;2024;27014
2024;Non;75;Nouvelle-Aquitaine;33;Gironde;200069581;Communauté de communes Convergence Garonne;4;Non;Non;Non;1;Non;33120;Cérons;Commune;213301203;33120;CERONS;Dépenses d'équipement;540952.51;0.0;0.0;540952.51;0.54095251;2173;248.94271053842616;1;;;;;;;;2;;;2024;2173
2024;Non;75;Nouvelle-Aquitaine;33;Gironde;200069599;Communauté de communes rurales de l'Entre-Deux-Mers;1;Oui;Non;Oui;2;Non;33121;Cessac;Commune;213301211;33121;CESSAC;Dépenses d'équipement;25502.01;0.0;0.0;25502.01;0.02550201;198;128.7980303030303;1;;;;;;;;2;;;2024;198
2024;Non;75;Nouvelle-Aquitaine;33;Gironde;243301165;Communauté de communes Jalle-Eau-Bourde;7;Non;Non;Non;3;Non;33122;Cestas;Commune;213301229;33122;CESTAS;Dépenses d'équipement;3474379.86;1013218.29;0.0;4487598.15;4.48759815;17070;262.8938576449912;1;;;;;;;;2;;;2024;17070
2024;Non;75;Nouvelle-Aquitaine;33;Gironde;243301181;Communauté de communes Latitude Nord Gironde;4;Non;Non;Non;1;Non;33123;Cézac;Commune;213301237;33123;CEZAC;Dépenses d'équipement;1054539.97;0.0;0.0;1054539.97;1.05453997;2728;386.56157258064513;1;;;;;;;;2;;;2024;2728
2024;Non;75;Nouvelle-Aquitaine;33;Gironde;200070092;Communauté d'agglomération du Libournais;3;Oui;Non;Non;1;Non;33124;Chamadelle;Commune;213301245;33124;CHAMADELLE;Dépenses d'équipement;350128.52;0.0;0.0;350128.52;0.35012852;737;475.07261872455905;1;;;;;;;;2;;;2024;737
2024;Non;75;Nouvelle-Aquitaine;33;Gironde;200069995;Communauté de communes Médoc Cœur de Presqu'île;4;Oui;Non;Non;2;Non;33125;Cissac-Médoc;Commune;213301252;33125;CISSAC-MEDOC;Dépenses d'équipement;550013.47;0.0;0.0;550013.47;0.55001347;2292;239.97097294938916;1;;;;;;;;2;;;2024;2292
2024;Non;75;Nouvelle-Aquitaine;33;Gironde;243301181;Communauté de communes Latitude Nord Gironde;3;Oui;Non;Non;1;Non;33126;Civrac-de-Blaye;Commune;213301260;33126;CIVRAC-DE-BLAYE;Dépenses d'équipement;1327262.02;0.0;0.0;1327262.02;1.32726202;835;1589.5353532934132;1;;;;;;;;2;;;2024;835
2024;Non;75;Nouvelle-Aquitaine;33;Gironde;243301454;Communauté de communes Castillon/Pujols;2;Oui;Non;Non;2;Non;33127;Civrac-sur-Dordogne;Commune;213301278;33127;CIVRAC-SUR-DORDOGNE;Dépenses d'équipement;14959.2;0.0;0.0;14959.2;0.0149592;220;67.99636363636364;1;;;;;;;;2;;;2024;220
2024;Non;75;Nouvelle-Aquitaine;33;Gironde;200069995;Communauté de communes Médoc Cœur de Presqu'île;3;Oui;Non;Non;1;Non;33128;Civrac-en-Médoc;Commune;213301286;33128;CIVRAC-EN-MEDOC;Dépenses d'équipement;80528.82;0.0;0.0;80528.82;0.08052882;653;123.32131699846862;1;;;;;;;;2;;;2024;653
2024;Non;75;Nouvelle-Aquitaine;33;Gironde;200069599;Communauté de communes rurales de l'Entre-Deux-Mers;1;Oui;Non;Non;1;Non;33129;Cleyrac;Commune;213301294;33129;CLEYRAC;Dépenses d'équipement;16719.74;0.0;0.0;16719.74;0.01671974;151;110.72675496688743;1;;;;;;;;2;;;2024;151
2024;Non;75;Nouvelle-Aquitaine;33;Gironde;200043974;Communauté de communes du Sud Gironde;3;Oui;Non;Non;2;Non;33130;Coimères;Commune;213301302;33130;COIMERES;Dépenses d'équipement;4549.08;0.0;0.0;4549.08;0.00454908;1100;4.1355272727272725;1;;;;;;;;2;;;2024;1100
2024;Non;75;Nouvelle-Aquitaine;33;Gironde;200069599;Communauté de communes rurales de l'Entre-Deux-Mers;2;Oui;Non;Non;1;Non;33131;Coirac;Commune;213301310;33131;COIRAC;Dépenses d'équipement;137827.11;0.0;0.0;137827.11;0.13782710999999997;217;635.1479723502304;1;;;;;;;;2;;;2024;217
2024;Non;75;Nouvelle-Aquitaine;33;Gironde;200023794;Communauté de communes de Blaye;3;Non;Non;Non;2;Non;33132;Comps;Commune;213301328;33132;COMPS;Dépenses d'équipement;218192.9;0.0;0.0;218192.9;0.2181929;554;393.84999999999997;1;;;;;;;;2;;;2024;554
2024;Non;75;Nouvelle-Aquitaine;33;Gironde;243301454;Communauté de communes Castillon/Pujols;0;Oui;Non;Non;2;Non;33133;Coubeyrac;Commune;213301336;33133;COUBEYRAC;Dépenses d'équipement;0.0;0.0;0.0;0.0;0.0;71;0.0;1;;;;;;;;2;;;2024;71
2024;Non;75;Nouvelle-Aquitaine;33;Gironde;200069995;Communauté de communes Médoc Cœur de Presqu'île;2;Oui;Non;Non;1;Non;33134;Couquèques;Commune;213301344;33134;COUQUEQUES;Dépenses d'équipement;81879.36;0.0;0.0;81879.36;0.08187936;273;299.9243956043956;1;;;;;;;;2;;;2024;273
2024;Non;75;Nouvelle-Aquitaine;33;Gironde;200069599;Communauté de communes rurales de l'Entre-Deux-Mers;1;Oui;Non;Oui;1;Non;33135;Courpiac;Commune;213301351;33135;COURPIAC;Dépenses d'équipement;8643.24;0.0;0.0;8643.24;0.00864324;124;69.70354838709677;1;;;;;;;;2;;;2024;124
2024;Non;75;Nouvelle-Aquitaine;33;Gironde;200069599;Communauté de communes rurales de l'Entre-Deux-Mers;2;Oui;Non;Non;1;Non;33136;Cours-de-Monségur;Commune;213301369;33136;COURS-DE-MONSEGUR;Dépenses d'équipement;125513.61;0.0;0.0;125513.61;0.12551361;260;482.7446538461538;1;;;;;;;;2;;;2024;260
2024;Non;75;Nouvelle-Aquitaine;33;Gironde;200043982;Communauté de communes du Bazadais;2;Oui;Non;Non;1;Non;33137;Cours-les-Bains;Commune;213301377;33137;COURS-LES-BAINS;Dépenses d'équipement;29699.37;0.0;0.0;29699.37;0.02969937;222;133.78094594594594;1;;;;;;;;2;;;2024;222
2024;Non;75;Nouvelle-Aquitaine;33;Gironde;200070092;Communauté d'agglomération du Libournais;6;Non;Non;Non;1;Oui;33138;Coutras;Commune;213301385;33138;COUTRAS;Dépenses d'équipement;5153227.84;0.0;0.0;5153227.84;5.15322784;8795;585.9269857873792;1;;;;;;;;2;;;2024;8795
2024;Non;75;Nouvelle-Aquitaine;33;Gironde;200069599;Communauté de communes rurales de l'Entre-Deux-Mers;0;Oui;Non;Non;1;Non;33139;Coutures;Commune;213301393;33139;COUTURES-SUR-DROPT;Dépenses d'équipement;10054.6;0.0;0.0;10054.6;0.0100546;96;104.73541666666667;1;;;;;;;;2;;;2024;96
2024;Non;75;Nouvelle-Aquitaine;33;Gironde;243301215;Communauté de communes du Créonnais;5;Non;Non;Non;1;Non;33140;Créon;Commune;213301401;33140;CREON;Dépenses d'équipement;685736.51;0.0;0.0;685736.51;0.68573651;4985;137.5599819458375;1;;;;;;;;2;;;2024;4985
2024;Non;75;Nouvelle-Aquitaine;33;Gironde;243301355;Communauté de communes Les Coteaux Bordelais;3;Non;Non;Non;2;Non;33141;Croignon;Commune;213301419;33141;CROIGNON;Dépenses d'équipement;139642.02;503285.0;0.0;642927.02;0.64292702;744;864.1492204301076;1;;;;;;;;2;;;2024;744
2024;Non;75;Nouvelle-Aquitaine;33;Gironde;243301181;Communauté de communes Latitude Nord Gironde;3;Non;Non;Non;1;Non;33142;Cubnezais;Commune;213301427;33142;CUBNEZAIS;Dépenses d'équipement;280435.04;0.0;0.0;280435.04;0.28043503999999997;1825;153.66303561643835;1;;;;;;;;2;;;2024;1825
2024;Non;75;Nouvelle-Aquitaine;33;Gironde;243301223;Communauté de communes du Grand Cubzaguais;4;Non;Non;Non;1;Non;33143;Cubzac-les-Ponts;Commune;213301435;33143;CUBZAC-LES-PONTS;Dépenses d'équipement;1339020.07;0.0;0.0;1339020.07;1.3390200700000001;2620;511.0763625954199;1;;;;;;;;2;;;2024;2620
2024;Non;75;Nouvelle-Aquitaine;33;Gironde;200043982;Communauté de communes du Bazadais;3;Oui;Non;Non;1;Non;33144;Cudos;Commune;213301443;33144;CUDOS;Dépenses d'équipement;70477.66;0.0;0.0;70477.66;0.07047766;920;76.60615217391305;1;;;;;;;;2;;;2024;920
2024;Non;75;Nouvelle-Aquitaine;33;Gironde;243301215;Communauté de communes du Créonnais;3;Oui;Non;Non;2;Non;33145;Cursan;Commune;213301450;33145;CURSAN;Dépenses d'équipement;323368.53;3342.0;0.0;326710.53;0.32671053000000005;683;478.34631039531484;1;;;;;;;;2;;;2024;683
2024;Non;75;Nouvelle-Aquitaine;33;Gironde;243301447;Communauté de communes Médoc Estuaire;4;Non;Non;Non;1;Non;33146;Cussac-Fort-Médoc;Commune;213301468;33146;CUSSAC-FORT-MEDOC;Dépenses d'équipement;835870.93;19281.24;0.0;855152.17;0.85515217;2401;356.16500208246566;1;;;;;;;;2;;;2024;2401
2024;Non;75;Nouvelle-Aquitaine;33;Gironde;200070092;Communauté d'agglomération du Libournais;2;Oui;Non;Non;1;Non;33147;Daignac;Commune;213301476;33147;DAIGNAC;Dépenses d'équipement;20560.48;0.0;0.0;20560.48;0.02056048;478;43.01355648535565;1;;;;;;;;2;;;2024;478
2024;Non;75;Nouvelle-Aquitaine;33;Gironde;200070092;Communauté d'agglomération du Libournais;0;Oui;Non;Non;2;Non;33148;Dardenac;Commune;213301484;33148;DARDENAC;Dépenses d'équipement;32528.79;0.0;0.0;32528.79;0.03252879;95;342.4083157894737;1;;;;;;;;2;;;2024;95
2024;Non;75;Nouvelle-Aquitaine;33;Gironde;200069599;Communauté de communes rurales de l'Entre-Deux-Mers;1;Oui;Non;Non;1;Non;33149;Daubèze;Commune;213301492;33149;DAUBEZE;Dépenses d'équipement;32860.5;0.0;0.0;32860.5;0.0328605;155;212.0032258064516;1;;;;;;;;2;;;2024;155
2024;Non;75;Nouvelle-Aquitaine;33;Gironde;200069599;Communauté de communes rurales de l'Entre-Deux-Mers;2;Oui;Non;Non;1;Non;33150;Dieulivol;Commune;213301500;33150;DIEULIVOL;Dépenses d'équipement;284320.49;0.0;0.0;284320.49;0.28432049;342;831.3464619883041;1;;;;;;;;2;;;2024;342
2024;Non;75;Nouvelle-Aquitaine;33;Gironde;243301181;Communauté de communes Latitude Nord Gironde;3;Oui;Non;Non;1;Non;33151;Donnezac;Commune;213301518;33151;DONNEZAC;Dépenses d'équipement;211918.12;70846.3;0.0;282764.42;0.28276441999999996;937;301.7763287086446;1;;;;;;;;2;;;2024;937
2024;Non;75;Nouvelle-Aquitaine;33;Gironde;200069581;Communauté de communes Convergence Garonne;1;Oui;Non;Non;2;Non;33152;Donzac;Commune;213301526;33152;DONZAC;Dépenses d'équipement;68649.17;0.0;0.0;68649.17;0.06864917;124;553.6223387096774;1;;;;;;;;2;;;2024;124
2024;Non;75;Nouvelle-Aquitaine;33;Gironde;243301454;Communauté de communes Castillon/Pujols;2;Oui;Non;Non;3;Non;33153;Doulezon;Commune;213301534;33153;DOULEZON;Dépenses d'équipement;208747.79;0.0;0.0;208747.79;0.20874779000000002;272;767.4551102941177;1;;;;;;;;2;;;2024;272
2024;Non;75;Nouvelle-Aquitaine;33;Gironde;200070092;Communauté d'agglomération du Libournais;4;Non;Non;Non;1;Non;33154;Les Églisottes-et-Chalaures;Commune;213301542;33154;LES EGLISOTTES ET CHALAURES;Dépenses d'équipement;1423445.51;0.0;0.0;1423445.51;1.42344551;2249;632.9237483325923;1;;;;;;;;2;;;2024;2249
2024;Non;75;Nouvelle-Aquitaine;33;Gironde;200043982;Communauté de communes du Bazadais;1;Oui;Non;Non;1;Non;33155;Escaudes;Commune;213301559;33155;ESCAUDES;Dépenses d'équipement;71340.03;0.0;0.0;71340.03;0.07134003;165;432.36381818181815;1;;;;;;;;2;;;2024;165
2024;Non;75;Nouvelle-Aquitaine;33;Gironde;200069581;Communauté de communes Convergence Garonne;2;Oui;Non;Oui;1;Non;33156;Escoussans;Commune;213301567;33156;ESCOUSSANS;Dépenses d'équipement;123537.83;0.0;0.0;123537.83;0.12353783;283;436.52943462897525;1;;;;;;;;2;;;2024;283
2024;Non;75;Nouvelle-Aquitaine;33;Gironde;200070092;Communauté d'agglomération du Libournais;3;Oui;Non;Non;1;Non;33157;Espiet;Commune;213301575;33157;ESPIET;Dépenses d'équipement;120168.86;0.0;0.0;120168.86;0.12016886;775;155.0565935483871;1;;;;;;;;2;;;2024;775
2024;Non;75;Nouvelle-Aquitaine;33;Gironde;200044394;Communauté de communes du Réolais en Sud Gironde;2;Oui;Non;Non;1;Non;33158;Les Esseintes;Commune;213301583;33158;LES ESSEINTES;Dépenses d'équipement;128616.92;0.0;0.0;128616.92;0.12861692;247;520.7162753036437;1;;;;;;;;2;;;2024;247
2024;Non;75;Nouvelle-Aquitaine;33;Gironde;243300811;Communauté de communes de l'Estuaire;3;Oui;Non;Non;1;Non;33159;Étauliers;Commune;213301591;33159;ETAULIERS;Dépenses d'équipement;284763.53;0.0;0.0;284763.53;0.28476353000000004;1546;184.19374514877103;1;;;;;;;;2;;;2024;1546
2024;Non;75;Nouvelle-Aquitaine;33;Gironde;243301371;Communauté de communes du Pays Foyen;3;Oui;Non;Non;1;Non;33160;Eynesse;Commune;213301609;33160;EYNESSE;Dépenses d'équipement;54284.11;0.0;0.0;54284.11;0.054284110000000003;617;87.98072933549433;1;;;;;;;;2;;;2024;617
2024;Non;75;Nouvelle-Aquitaine;33;Gironde;243300811;Communauté de communes de l'Estuaire;3;Oui;Non;Non;1;Non;33161;Eyrans;Commune;213301617;33161;EYRANS;Dépenses d'équipement;132404.29;6369.6;0.0;138773.89;0.13877389;759;182.8377997364954;1;;;;;;;;2;;;2024;759
2024;Non;75;Nouvelle-Aquitaine;33;Gironde;243300316;Bordeaux Métropole;8;Non;Non;Non;2;Oui;33162;Eysines;Commune;213301625;33162;EYSINES;Dépenses d'équipement;7702969.26;0.0;0.0;7702969.26;7.70296926;24691;311.9747786642906;1;;;;;;;;2;;;2024;24691
2024;Non;75;Nouvelle-Aquitaine;33;Gironde;200069599;Communauté de communes rurales de l'Entre-Deux-Mers;2;Oui;Non;Oui;2;Non;33163;Faleyras;Commune;213301633;33163;FALEYRAS;Dépenses d'équipement;7674.21;0.0;0.0;7674.21;0.00767421;435;17.641862068965516;1;;;;;;;;2;;;2024;435
2024;Non;75;Nouvelle-Aquitaine;33;Gironde;200043974;Communauté de communes du Sud Gironde;3;Non;Non;Non;2;Non;33164;Fargues;Commune;213301641;33164;FARGUES-DE-LANGON;Dépenses d'équipement;376245.01;0.0;0.0;376245.01;0.37624501;1638;229.6978083028083;1;;;;;;;;2;;;2024;1638
2024;Non;75;Nouvelle-Aquitaine;33;Gironde;243301355;Communauté de communes Les Coteaux Bordelais;4;Non;Non;Non;2;Non;33165;Fargues-Saint-Hilaire;Commune;213301658;33165;FARGUES-SAINT-HILAIRE;Dépenses d'équipement;724899.67;274496.63;0.0;999396.3;0.9993963;3430;291.3691836734694;1;;;;;;;;2;;;2024;3430
2024;Non;75;Nouvelle-Aquitaine;33;Gironde;200070092;Communauté d'agglomération du Libournais;3;Oui;Non;Non;1;Non;33166;Le Fieu;Commune;213301666;33166;LE FIEU;Dépenses d'équipement;172335.01;0.0;0.0;172335.01;0.17233501;501;343.98205588822356;1;;;;;;;;2;;;2024;501
2024;Non;75;Nouvelle-Aquitaine;33;Gironde;243300316;Bordeaux Métropole;7;Non;Non;Non;1;Oui;33167;Floirac;Commune;213301674;33167;FLOIRAC;Dépenses d'équipement;3694955.32;0.0;0.0;3694955.32;3.69495532;17877;206.68766124070032;1;;;;;;;;2;;;2024;17877
2024;Non;75;Nouvelle-Aquitaine;33;Gironde;243301454;Communauté de communes Castillon/Pujols;3;Oui;Non;Non;1;Non;33168;Flaujagues;Commune;213301682;33168;FLAUJAGUES;Dépenses d'équipement;123350.75;0.0;0.0;123350.75;0.12335075;611;201.88338788870703;1;;;;;;;;2;;;2024;611
2024;Non;75;Nouvelle-Aquitaine;33;Gironde;200044394;Communauté de communes du Réolais en Sud Gironde;1;Oui;Non;Non;1;Non;33169;Floudès;Commune;213301690;33169;FLOUDES;Dépenses d'équipement;91249.97;0.0;0.0;91249.97;0.09124997;112;814.7318750000001;1;;;;;;;;2;;;2024;112
2024;Non;75;Nouvelle-Aquitaine;33;Gironde;200044394;Communauté de communes du Réolais en Sud Gironde;3;Oui;Non;Non;1;Non;33170;Fontet;Commune;213301708;33170;FONTET;Dépenses d'équipement;127715.57;0.0;0.0;127715.57;0.12771557;776;164.58192010309278;1;;;;;;;;2;;;2024;776
2024;Non;75;Nouvelle-Aquitaine;33;Gironde;200044394;Communauté de communes du Réolais en Sud Gironde;2;Oui;Non;Non;1;Non;33171;Fossès-et-Baleyssac;Commune;213301716;33171;FOSSES-ET-BALEYSSAC;Dépenses d'équipement;75968.98;0.0;0.0;75968.98;0.07596897999999999;232;327.4525;1;;;;;;;;2;;;2024;232
2024;Non;75;Nouvelle-Aquitaine;33;Gironde;200023794;Communauté de communes de Blaye;2;Non;Non;Non;2;Non;33172;Fours;Commune;213301724;33172;FOURS;Dépenses d'équipement;401354.72;0.0;0.0;401354.72;0.40135472;282;1423.2436879432623;1;;;;;;;;2;;;2024;282
2024;Non;75;Nouvelle-Aquitaine;33;Gironde;200035533;Communauté de communes du Grand Saint-Émilionnais;1;Oui;Non;Non;2;Non;33173;Francs;Commune;213301732;33173;FRANCS;Dépenses d'équipement;58450.38;0.0;0.0;58450.38;0.058450379999999996;188;310.90627659574466;1;;;;;;;;2;;;2024;188
2024;Non;75;Nouvelle-Aquitaine;33;Gironde;243301397;Communauté de communes du Fronsadais;3;Oui;Non;Non;2;Non;33174;Fronsac;Commune;213301740;33174;FRONSAC;Dépenses d'équipement;493672.07;0.0;0.0;493672.07;0.49367207;1153;428.1631136166522;1;;;;;;;;2;;;2024;1153
2024;Non;75;Nouvelle-Aquitaine;33;Gironde;200069599;Communauté de communes rurales de l'Entre-Deux-Mers;3;Oui;Non;Oui;1;Non;33175;Frontenac;Commune;213301757;33175;FRONTENAC;Dépenses d'équipement;311047.69;0.0;0.0;311047.69;0.31104769;776;400.83465206185565;1;;;;;;;;2;;;2024;776
2024;Non;75;Nouvelle-Aquitaine;33;Gironde;200069581;Communauté de communes Convergence Garonne;2;Oui;Non;Non;2;Non;33176;Gabarnac;Commune;213301765;33176;GABARNAC;Dépenses d'équipement;671335.55;0.0;0.0;671335.55;0.67133555;363;1849.409228650138;1;;;;;;;;2;;;2024;363
2024;Non;75;Nouvelle-Aquitaine;33;Gironde;200069995;Communauté de communes Médoc Cœur de Presqu'île;4;Non;Non;Non;2;Non;33177;Gaillan-en-Médoc;Commune;213301773;33177;GAILLAN-EN-MEDOC;Dépenses d'équipement;383797.35;0.0;0.0;383797.35;0.38379735;2407;159.45049854590775;1;;;;;;;;2;;;2024;2407
2024;Non;75;Nouvelle-Aquitaine;33;Gironde;200043982;Communauté de communes du Bazadais;2;Oui;Non;Non;2;Non;33178;Gajac;Commune;213301781;33178;GAJAC;Dépenses d'équipement;27247.29;0.0;0.0;27247.29;0.02724729;377;72.27397877984085;1;;;;;;;;2;;;2024;377
2024;Non;75;Nouvelle-Aquitaine;33;Gironde;243301397;Communauté de communes du Fronsadais;4;Non;Non;Non;2;Non;33179;Galgon;Commune;213301799;33179;GALGON;Dépenses d'équipement;600006.25;0.0;0.0;600006.25;0.60000625;3115;192.61837881219904;1;;;;;;;;2;;;2024;3115
2024;Non;75;Nouvelle-Aquitaine;33;Gironde;200043982;Communauté de communes du Bazadais;2;Oui;Non;Non;1;Non;33180;Gans;Commune;213301807;33180;GANS;Dépenses d'équipement;38003.41;0.0;0.0;38003.41;0.03800341;204;186.2912254901961;1;;;;;;;;2;;;2024;204
2024;Non;75;Nouvelle-Aquitaine;33;Gironde;200035533;Communauté de communes du Grand Saint-Émilionnais;2;Oui;Non;Non;3;Non;33181;Gardegan-et-Tourtirac;Commune;213301815;33181;GARDEGAN-ET-TOURTIRAC;Dépenses d'équipement;82318.17;0.0;0.0;82318.17;0.08231817;280;293.99346428571425;1;;;;;;;;2;;;2024;280
2024;Non;75;Nouvelle-Aquitaine;33;Gironde;200023794;Communauté de communes de Blaye;3;Non;Non;Non;2;Non;33182;Gauriac;Commune;213301823;33182;GAURIAC;Dépenses d'équipement;168384.93;0.0;0.0;168384.93;0.16838493;729;230.98069958847736;1;;;;;;;;2;;;2024;729
2024;Non;75;Nouvelle-Aquitaine;33;Gironde;243301223;Communauté de communes du Grand Cubzaguais;3;Non;Non;Non;1;Non;33183;Gauriaguet;Commune;213301831;33183;GAURIAGUET;Dépenses d'équipement;107532.5;0.0;0.0;107532.5;0.1075325;1494;71.97623828647924;1;;;;;;;;2;;;2024;1494
2024;Non;75;Nouvelle-Aquitaine;33;Gironde;200023794;Communauté de communes de Blaye;3;Oui;Non;Non;2;Non;33184;Générac;Commune;213301849;33184;GENERAC;Dépenses d'équipement;61933.48;0.0;0.0;61933.48;0.061933480000000006;563;110.0061811722913;1;;;;;;;;2;;;2024;563
2024;Non;75;Nouvelle-Aquitaine;33;Gironde;200070092;Communauté d'agglomération du Libournais;4;Oui;Non;Non;2;Non;33185;Génissac;Commune;213301856;33185;GENISSAC;Dépenses d'équipement;756725.46;0.0;0.0;756725.46;0.75672546;2044;370.21793542074363;1;;;;;;;;2;;;2024;2044
2024;Non;75;Nouvelle-Aquitaine;33;Gironde;243301454;Communauté de communes Castillon/Pujols;3;Oui;Non;Non;1;Non;33186;Gensac;Commune;213301864;33186;GENSAC;Dépenses d'équipement;118238.46;0.0;0.0;118238.46;0.11823846;701;168.6711269614836;1;;;;;;;;2;;;2024;701
2024;Non;75;Nouvelle-Aquitaine;33;Gironde;200044394;Communauté de communes du Réolais en Sud Gironde;3;Non;Non;Non;1;Non;33187;Gironde-sur-Dropt;Commune;213301872;33187;GIRONDE-SUR-DROPT;Dépenses d'équipement;500668.71;12003.65;0.0;512672.36;0.5126723599999999;1333;384.6004201050263;1;;;;;;;;2;;;2024;1333
2024;Non;75;Nouvelle-Aquitaine;33;Gironde;200043982;Communauté de communes du Bazadais;1;Oui;Non;Non;1;Non;33188;Giscos;Commune;213301880;33188;GISCOS;Dépenses d'équipement;47234.45;0.0;0.0;47234.45;0.04723445;186;253.94865591397848;1;;;;;;;;2;;;2024;186
2024;Non;75;Nouvelle-Aquitaine;33;Gironde;200069599;Communauté de communes rurales de l'Entre-Deux-Mers;2;Oui;Non;Non;1;Non;33189;Gornac;Commune;213301898;33189;GORNAC;Dépenses d'équipement;29627.03;0.0;0.0;29627.03;0.02962703;449;65.98447661469933;1;;;;;;;;2;;;2024;449
2024;Non;75;Nouvelle-Aquitaine;33;Gironde;200043982;Communauté de communes du Bazadais;0;Oui;Non;Non;2;Non;33190;Goualade;Commune;213301906;33190;GOUALADE;Dépenses d'équipement;45416.75;0.0;0.0;45416.75;0.04541675;96;473.0911458333333;1;;;;;;;;2;;;2024;96
2024;Non;75;Nouvelle-Aquitaine;33;Gironde;200070092;Communauté d'agglomération du Libournais;3;Non;Non;Non;1;Non;33191;Gours;Commune;213301914;33191;GOURS;Dépenses d'équipement;251065.37;0.0;0.0;251065.37;0.25106537;551;455.6540290381125;1;;;;;;;;2;;;2024;551
2024;Non;75;Nouvelle-Aquitaine;33;Gironde;243300316;Bordeaux Métropole;8;Non;Non;Non;2;Oui;33192;Gradignan;Commune;213301922;33192;GRADIGNAN;Dépenses d'équipement;11079950.67;0.0;0.0;11079950.67;11.07995067;26190;423.06035395189;1;;;;;;;;2;;;2024;26190
2024;Non;75;Nouvelle-Aquitaine;33;Gironde;200070720;Communauté de communes Médoc Atlantique;3;Oui;Non;Oui;2;Non;33193;Grayan-et-l'Hôpital;Commune;213301930;33193;GRAYAN-L'HOPITAL;Dépenses d'équipement;249670.02;284628.9;0.0;534298.92;0.53429892;1566;341.18704980842915;1;;;;;;;;2;;;2024;1566
2024;Non;75;Nouvelle-Aquitaine;33;Gironde;243301454;Communauté de communes Castillon/Pujols;3;Non;Non;Non;2;Non;33194;Grézillac;Commune;213301948;33194;GREZILLAC;Dépenses d'équipement;109522.62;0.0;0.0;109522.62;0.10952262;699;156.6847210300429;1;;;;;;;;2;;;2024;699
2024;Non;75;Nouvelle-Aquitaine;33;Gironde;200043982;Communauté de communes du Bazadais;3;Oui;Non;Non;1;Non;33195;Grignols;Commune;213301955;33195;GRIGNOLS;Dépenses d'équipement;177468.94;0.0;0.0;177468.94;0.17746894;1216;145.94485197368422;1;;;;;;;;2;;;2024;1216
2024;Non;75;Nouvelle-Aquitaine;33;Gironde;243301454;Communauté de communes Castillon/Pujols;1;Oui;Non;Non;2;Non;33196;Guillac;Commune;213301963;33196;GUILLAC;Dépenses d'équipement;164100.46;0.0;0.0;164100.46;0.16410046;169;971.0086390532543;1;;;;;;;;2;;;2024;169
2024;Non;75;Nouvelle-Aquitaine;33;Gironde;200069581;Communauté de communes Convergence Garonne;2;Oui;Non;Non;1;Non;33197;Guillos;Commune;213301971;33197;GUILLOS;Dépenses d'équipement;134074.34;0.0;0.0;134074.34;0.13407434;461;290.8337093275488;1;;;;;;;;2;;;2024;461
2024;Non;75;Nouvelle-Aquitaine;33;Gironde;200070092;Communauté d'agglomération du Libournais;3;Oui;Non;Non;1;Non;33198;Guîtres;Commune;213301989;33198;GUITRES;Dépenses d'équipement;1023293.46;0.0;0.0;1023293.46;1.0232934599999999;1652;619.427033898305;1;;;;;;;;2;;;2024;1652
2024;Non;75;Nouvelle-Aquitaine;33;Gironde;243300563;Communauté d'agglomération Bassin d'Arcachon Sud (COBAS);8;Non;Non;Oui;3;Non;33199;Gujan-Mestras;Commune;213301997;33199;GUJAN-MESTRAS;Dépenses d'équipement;8096248.36;40789.0;0.0;8137037.36;8.13703736;22854;356.04434059683206;1;;;;;;;;2;;;2024;22854
2024;Non;75;Nouvelle-Aquitaine;33;Gironde;243300316;Bordeaux Métropole;7;Non;Non;Non;2;Non;33200;Le Haillan;Commune;213302003;33200;LE HAILLAN;Dépenses d'équipement;5909839.1;26386.38;0.0;5936225.48;5.93622548;11759;504.8240054426397;1;;;;;;;;2;;;2024;11759
2024;Non;75;Nouvelle-Aquitaine;33;Gironde;243301215;Communauté de communes du Créonnais;3;Oui;Non;Non;2;Non;33201;Haux;Commune;213302011;33201;HAUX;Dépenses d'équipement;266659.66;52003.32;0.0;318662.98;0.31866298;854;373.141662763466;1;;;;;;;;2;;;2024;854
2024;Non;75;Nouvelle-Aquitaine;33;Gironde;200043974;Communauté de communes du Sud Gironde;3;Oui;Non;Non;1;Non;33202;Hostens;Commune;213302029;33202;HOSTENS;Dépenses d'équipement;544021.97;56509.73;0.0;600531.7;0.6005317;1509;397.96666666666664;1;;;;;;;;2;;;2024;1509
2024;Non;75;Nouvelle-Aquitaine;33;Gironde;200070720;Communauté de communes Médoc Atlantique;5;Non;Non;Non;2;Non;33203;Hourtin;Commune;213302037;33203;HOURTIN;Dépenses d'équipement;898156.91;374083.83;0.0;1272240.74;1.27224074;4060;313.3597881773399;1;;;;;;;;2;;;2024;4060
2024;Non;75;Nouvelle-Aquitaine;33;Gironde;200044394;Communauté de communes du Réolais en Sud Gironde;3;Oui;Non;Non;2;Non;33204;Hure;Commune;213302045;33204;HURE;Dépenses d'équipement;214002.88;0.0;0.0;214002.88;0.21400288;566;378.09696113074205;1;;;;;;;;2;;;2024;566
2024;Non;75;Nouvelle-Aquitaine;33;Gironde;200069581;Communauté de communes Convergence Garonne;3;Oui;Non;Non;2;Non;33205;Illats;Commune;213302052;33205;ILLATS;Dépenses d'équipement;366971.08;0.0;0.0;366971.08;0.36697108;1409;260.4478921220724;1;;;;;;;;2;;;2024;1409
2024;Non;75;Nouvelle-Aquitaine;33;Gironde;243301264;Communauté de communes de Montesquieu;3;Non;Non;Non;2;Non;33206;Isle-Saint-Georges;Commune;213302060;33206;ISLE-SAINT-GEORGES;Dépenses d'équipement;128468.8;0.0;0.0;128468.8;0.1284688;523;245.63824091778204;1;;;;;;;;2;;;2024;523
2024;Non;75;Nouvelle-Aquitaine;33;Gironde;200070092;Communauté d'agglomération du Libournais;6;Non;Non;Non;2;Non;33207;Izon;Commune;213302078;33207;IZON;Dépenses d'équipement;2285433.32;0.0;0.0;2285433.32;2.2854333199999997;6398;357.2105845576742;1;;;;;;;;2;;;2024;6398
2024;Non;75;Nouvelle-Aquitaine;33;Gironde;200070720;Communauté de communes Médoc Atlantique;3;Oui;Non;Non;1;Non;33208;Jau-Dignac-et-Loirac;Commune;213302086;33208;JAU-DIGNAC-LOIRAC;Dépenses d'équipement;362369.5;0.0;0.0;362369.5;0.3623695;966;375.1237060041408;1;;;;;;;;2;;;2024;966
2024;Non;75;Nouvelle-Aquitaine;33;Gironde;243301454;Communauté de communes Castillon/Pujols;2;Oui;Non;Non;2;Non;33209;Jugazan;Commune;213302094;33209;JUGAZAN;Dépenses d'équipement;80128.88;0.0;0.0;80128.88;0.08012888;280;286.1745714285714;1;;;;;;;;2;;;2024;280
2024;Non;75;Nouvelle-Aquitaine;33;Gironde;243301454;Communauté de communes Castillon/Pujols;2;Oui;Non;Non;1;Non;33210;Juillac;Commune;213302102;33210;JUILLAC;Dépenses d'équipement;2400.0;0.0;0.0;2400.0;0.0024;224;10.714285714285714;1;;;;;;;;2;;;2024;224
2024;Non;75;Nouvelle-Aquitaine;33;Gironde;243301447;Communauté de communes Médoc Estuaire;3;Oui;Non;Non;2;Non;33211;Labarde;Commune;213302110;33211;LABARDE;Dépenses d'équipement;64207.21;0.0;0.0;64207.21;0.06420721;612;104.91374183006536;1;;;;;;;;2;;;2024;612
2024;Non;75;Nouvelle-Aquitaine;33;Gironde;200043982;Communauté de communes du Bazadais;1;Oui;Non;Non;1;Non;33212;Labescau;Commune;213302128;33212;LABESCAU;Dépenses d'équipement;32149.7;0.0;0.0;32149.7;0.0321497;128;251.16953125;1;;;;;;;;2;;;2024;128
2024;Non;75;Nouvelle-Aquitaine;33;Gironde;243301264;Communauté de communes de Montesquieu;5;Non;Non;Non;3;Non;33213;La Brède;Commune;213302136;33213;LA BREDE;Dépenses d'équipement;1530406.25;0.0;0.0;1530406.25;1.53040625;4966;308.1768525976641;1;;;;;;;;2;;;2024;4966
2024;Non;75;Nouvelle-Aquitaine;33;Gironde;200070720;Communauté de communes Médoc Atlantique;6;Non;Non;Oui;4;Non;33214;Lacanau;Commune;213302144;33214;LACANAU;Dépenses d'équipement;8922206.12;1979057.4;0.0;10901263.52;10.901263519999999;5115;2131.2343147605084;1;;;;;;;;2;;;2024;5115
2024;Non;75;Nouvelle-Aquitaine;33;Gironde;200069599;Communauté de communes rurales de l'Entre-Deux-Mers;1;Oui;Non;Oui;2;Non;33215;Ladaux;Commune;213302151;33215;LADAUX;Dépenses d'équipement;27680.86;0.0;0.0;27680.86;0.02768086;195;141.9531282051282;1;;;;;;;;2;;;2024;195
2024;Non;75;Nouvelle-Aquitaine;33;Gironde;200043982;Communauté de communes du Bazadais;1;Oui;Non;Non;1;Non;33216;Lados;Commune;213302169;33216;LADOS;Dépenses d'équipement;70884.55;0.0;0.0;70884.55;0.07088455;179;396.00307262569834;1;;;;;;;;2;;;2024;179
2024;Non;75;Nouvelle-Aquitaine;33;Gironde;200070092;Communauté d'agglomération du Libournais;3;Oui;Non;Non;1;Non;33218;Lagorce;Commune;213302185;33218;LAGORCE;Dépenses d'équipement;426794.08;0.0;0.0;426794.08;0.42679408;1639;260.3990726052471;1;;;;;;;;2;;;2024;1639
2024;Non;75;Nouvelle-Aquitaine;33;Gironde;243301397;Communauté de communes du Fronsadais;4;Non;Non;Non;2;Non;33219;La Lande-de-Fronsac;Commune;213302193;33219;LA LANDE-DE-FRONSAC;Dépenses d'équipement;281513.4;0.0;0.0;281513.4;0.2815134;2685;104.84670391061454;1;;;;;;;;2;;;2024;2685
2024;Non;75;Nouvelle-Aquitaine;33;Gironde;243301447;Communauté de communes Médoc Estuaire;3;Oui;Non;Non;1;Non;33220;Lamarque;Commune;213302201;33220;LAMARQUE;Dépenses d'équipement;201595.04;0.0;0.0;201595.04;0.20159504;1350;149.32965925925927;1;;;;;;;;2;;;2024;1350
2024;Non;75;Nouvelle-Aquitaine;33;Gironde;200044394;Communauté de communes du Réolais en Sud Gironde;3;Non;Non;Non;1;Non;33221;Lamothe-Landerron;Commune;213302219;33221;LAMOTHE-LANDERRON;Dépenses d'équipement;159532.44;0.0;0.0;159532.44;0.15953244;1143;139.57343832021;1;;;;;;;;2;;;2024;1143
2024;Non;75;Nouvelle-Aquitaine;33;Gironde;200070092;Communauté d'agglomération du Libournais;3;Non;Non;Non;2;Non;33222;Lalande-de-Pomerol;Commune;213302227;33222;LALANDE-DE-POMEROL;Dépenses d'équipement;83397.51;0.0;0.0;83397.51;0.08339751;657;126.93684931506849;1;;;;;;;;2;;;2024;657
2024;Non;75;Nouvelle-Aquitaine;33;Gironde;243301371;Communauté de communes du Pays Foyen;2;Oui;Non;Non;1;Non;33223;Landerrouat;Commune;213302235;33223;LANDERROUAT;Dépenses d'équipement;20127.78;0.0;0.0;20127.78;0.020127779999999998;230;87.51208695652173;1;;;;;;;;2;;;2024;230
2024;Non;75;Nouvelle-Aquitaine;33;Gironde;200069599;Communauté de communes rurales de l'Entre-Deux-Mers;1;Oui;Non;Non;2;Non;33224;Landerrouet-sur-Ségur;Commune;213302243;33224;LANDERROUET-SUR-SEGUR;Dépenses d'équipement;14583.51;0.0;0.0;14583.51;0.014583510000000001;105;138.89057142857143;1;;;;;;;;2;;;2024;105
2024;Non;75;Nouvelle-Aquitaine;33;Gironde;200069581;Communauté de communes Convergence Garonne;4;Oui;Non;Non;2;Non;33225;Landiras;Commune;213302250;33225;LANDIRAS;Dépenses d'équipement;1119973.7;984.0;0.0;1120957.7;1.1209577;2231;502.4463021066786;1;;;;;;;;2;;;2024;2231
2024;Non;75;Nouvelle-Aquitaine;33;Gironde;243301439;Communauté de communes des Portes de l'Entre-Deux-Mers;4;Non;Non;Non;2;Non;33226;Langoiran;Commune;213302268;33226;LANGOIRAN;Dépenses d'équipement;179834.53;0.0;0.0;179834.53;0.17983453;2228;80.7156777378815;1;;;;;;;;2;;;2024;2228
2024;Non;75;Nouvelle-Aquitaine;33;Gironde;200043974;Communauté de communes du Sud Gironde;6;Non;Non;Non;2;Non;33227;Langon;Commune;213302276;33227;LANGON;Dépenses d'équipement;2665464.51;468960.74;0.0;3134425.25;3.13442525;7503;417.75626416100226;1;;;;;;;;2;;;2024;7503
2024;Non;75;Nouvelle-Aquitaine;33;Gironde;243301223;Communauté de communes du Grand Cubzaguais;3;Oui;Non;Non;1;Non;33228;Lansac;Commune;213302284;33228;LANSAC;Dépenses d'équipement;16728.0;0.0;0.0;16728.0;0.016728;684;24.45614035087719;1;;;;;;;;2;;;2024;684
2024;Non;75;Nouvelle-Aquitaine;33;Gironde;243301504;Communauté d'agglomération du Bassin d'Arcachon Nord;6;Non;Non;Oui;3;Non;33229;Lanton;Commune;213302292;33229;LANTON;Dépenses d'équipement;3148668.42;0.0;0.0;3148668.42;3.14866842;7417;424.5204826749359;1;;;;;;;;2;;;2024;7417
2024;Non;75;Nouvelle-Aquitaine;33;Gironde;200070092;Communauté d'agglomération du Libournais;3;Oui;Non;Non;1;Non;33230;Lapouyade;Commune;213302300;33230;LAPOUYADE;Dépenses d'équipement;1413716.48;0.0;0.0;1413716.48;1.41371648;536;2637.5307462686565;1;;;;;;;;2;;;2024;536
2024;Non;75;Nouvelle-Aquitaine;33;Gironde;200069581;Communauté de communes Convergence Garonne;2;Non;Non;Non;4;Non;33231;Laroque;Commune;213302318;33231;LAROQUE;Dépenses d'équipement;95978.78;0.0;0.0;95978.78;0.09597878;292;328.6944520547945;1;;;;;;;;2;;;2024;292
2024;Non;75;Nouvelle-Aquitaine;33;Gironde;200043982;Communauté de communes du Bazadais;0;Oui;Non;Non;2;Non;33232;Lartigue;Commune;213302326;33232;LARTIGUE;Dépenses d'équipement;1502.43;0.0;0.0;1502.43;0.0015024300000000001;40;37.56075;1;;;;;;;;2;;;2024;40
2024;Non;75;Nouvelle-Aquitaine;33;Gironde;243301181;Communauté de communes Latitude Nord Gironde;4;Oui;Non;Non;1;Non;33233;Laruscade;Commune;213302334;33233;LARUSCADE;Dépenses d'équipement;357020.25;25549.06;0.0;382569.31;0.38256931;2835;134.94508289241622;1;;;;;;;;2;;;2024;2835
2024;Non;75;Nouvelle-Aquitaine;33;Gironde;243301439;Communauté de communes des Portes de l'Entre-Deux-Mers;5;Non;Non;Non;4;Non;33234;Latresne;Commune;213302342;33234;LATRESNE;Dépenses d'équipement;2965590.46;0.0;0.0;2965590.46;2.96559046;3779;784.7553479756549;1;;;;;;;;2;;;2024;3779
2024;Non;75;Nouvelle-Aquitaine;33;Gironde;200043982;Communauté de communes du Bazadais;2;Oui;Non;Non;3;Non;33235;Lavazan;Commune;213302359;33235;LAVAZAN;Dépenses d'équipement;337821.11;0.0;0.0;337821.11;0.33782111;233;1449.876008583691;1;;;;;;;;2;;;2024;233
2024;Non;75;Nouvelle-Aquitaine;33;Gironde;243301504;Communauté d'agglomération du Bassin d'Arcachon Nord;6;Non;Non;Oui;5;Non;33236;Lège-Cap-Ferret;Commune;213302367;33236;LEGE-CAP-FERRET;Dépenses d'équipement;9536663.81;1372119.83;0.0;10908783.64;10.908783640000001;8332;1309.2635189630341;1;;;;;;;;2;;;2024;8332
2024;Non;75;Nouvelle-Aquitaine;33;Gironde;200043974;Communauté de communes du Sud Gironde;3;Oui;Non;Non;1;Non;33237;Léogeats;Commune;213302375;33237;LEOGEATS;Dépenses d'équipement;137973.09;0.0;0.0;137973.09;0.13797309;879;156.96597269624573;1;;;;;;;;2;;;2024;879
2024;Non;75;Nouvelle-Aquitaine;33;Gironde;243301264;Communauté de communes de Montesquieu;7;Non;Non;Non;3;Non;33238;Léognan;Commune;213302383;33238;LEOGNAN;Dépenses d'équipement;2565614.88;1735874.91;0.0;4301489.79;4.30148979;10864;395.9397818483063;1;;;;;;;;2;;;2024;10864
2024;Non;75;Nouvelle-Aquitaine;33;Gironde;200043982;Communauté de communes du Bazadais;2;Oui;Non;Non;1;Non;33239;Lerm-et-Musset;Commune;213302391;33239;LERM-ET-MUSSET;Dépenses d'équipement;72889.12;0.0;0.0;72889.12;0.07288912;481;151.536632016632;1;;;;;;;;2;;;2024;481
2024;Non;75;Nouvelle-Aquitaine;33;Gironde;200069995;Communauté de communes Médoc Cœur de Presqu'île;6;Non;Non;Non;1;Non;33240;Lesparre-Médoc;Commune;213302409;33240;LESPARRE-MEDOC;Dépenses d'équipement;1046332.12;402511.26;0.0;1448843.38;1.4488433799999998;5945;243.7078856181665;1;;;;;;;;2;;;2024;5945
2024;Non;75;Nouvelle-Aquitaine;33;Gironde;200069581;Communauté de communes Convergence Garonne;3;Non;Non;Non;2;Non;33241;Lestiac-sur-Garonne;Commune;213302417;33241;LESTIAC-SUR-GARONNE;Dépenses d'équipement;19685.3;71851.17;0.0;91536.47;0.09153647;594;154.10180134680135;1;;;;;;;;2;;;2024;594
2024;Non;75;Nouvelle-Aquitaine;33;Gironde;243301371;Communauté de communes du Pays Foyen;3;Oui;Non;Non;1;Non;33242;Les Lèves-et-Thoumeyragues;Commune;213302425;33242;LES LEVES-ET-THOUMEYRAGUES;Dépenses d'équipement;180261.98;0.0;0.0;180261.98;0.18026198000000002;568;317.3626408450704;1;;;;;;;;2;;;2024;568
2024;Non;75;Nouvelle-Aquitaine;33;Gironde;200070092;Communauté d'agglomération du Libournais;8;Non;Non;Oui;2;Non;33243;Libourne;Commune;213302433;33243;LIBOURNE;Dépenses d'équipement;12416329.84;86845.83;0.0;12503175.67;12.50317567;25063;498.8698747157164;1;;;;;;;;2;;;2024;25063
2024;Non;75;Nouvelle-Aquitaine;33;Gironde;200043982;Communauté de communes du Bazadais;2;Oui;Non;Non;1;Non;33244;Lignan-de-Bazas;Commune;213302441;33244;LIGNAN-DE-BAZAS;Dépenses d'équipement;255729.95;0.0;0.0;255729.95;0.25572995000000004;421;607.4345605700713;1;;;;;;;;2;;;2024;421
2024;Non;75;Nouvelle-Aquitaine;33;Gironde;243301439;Communauté de communes des Portes de l'Entre-Deux-Mers;3;Non;Non;Non;3;Non;33245;Lignan-de-Bordeaux;Commune;213302458;33245;LIGNAN-DE-BORDEAUX;Dépenses d'équipement;367012.93;280017.44;0.0;647030.37;0.64703037;852;759.4253169014085;1;;;;;;;;2;;;2024;852
2024;Non;75;Nouvelle-Aquitaine;33;Gironde;243301371;Communauté de communes du Pays Foyen;1;Oui;Non;Non;2;Non;33246;Ligueux;Commune;213302466;33246;LIGUEUX;Dépenses d'équipement;49003.56;0.0;0.0;49003.56;0.049003559999999995;149;328.8829530201342;1;;;;;;;;2;;;2024;149
2024;Non;75;Nouvelle-Aquitaine;33;Gironde;243301371;Communauté de communes du Pays Foyen;1;Oui;Non;Non;1;Non;33247;Listrac-de-Durèze;Commune;213302474;33247;LISTRAC-DE-DUREZE;Dépenses d'équipement;3287.26;0.0;0.0;3287.26;0.00328726;153;21.485359477124184;1;;;;;;;;2;;;2024;153
2024;Non;75;Nouvelle-Aquitaine;33;Gironde;243301389;Communauté de communes Médullienne;4;Oui;Non;Non;1;Non;33248;Listrac-Médoc;Commune;213302482;33248;LISTRAC-MEDOC;Dépenses d'équipement;916313.43;0.0;0.0;916313.43;0.9163134300000001;2837;322.98675713782166;1;;;;;;;;2;;;2024;2837
2024;Non;75;Nouvelle-Aquitaine;33;Gironde;243300316;Bordeaux Métropole;8;Non;Non;Non;1;Oui;33249;Lormont;Commune;213302490;33249;LORMONT;Dépenses d'équipement;13008430.13;0.0;0.0;13008430.13;13.00843013;23652;549.9928179435143;1;;;;;;;;2;;;2024;23652
2024;Non;75;Nouvelle-Aquitaine;33;Gironde;200044394;Communauté de communes du Réolais en Sud Gironde;2;Oui;Non;Non;1;Non;33250;Loubens;Commune;213302508;33250;LOUBENS;Dépenses d'équipement;91971.32;0.0;0.0;91971.32;0.09197132000000001;316;291.04848101265827;1;;;;;;;;2;;;2024;316
2024;Non;75;Nouvelle-Aquitaine;33;Gironde;200043974;Communauté de communes du Sud Gironde;3;Oui;Non;Non;1;Non;33251;Louchats;Commune;213302516;33251;LOUCHATS;Dépenses d'équipement;171137.36;0.0;0.0;171137.36;0.17113736;724;236.37756906077345;1;;;;;;;;2;;;2024;724
2024;Non;75;Nouvelle-Aquitaine;33;Gironde;243301215;Communauté de communes du Créonnais;3;Oui;Non;Non;2;Non;33252;Loupes;Commune;213302524;33252;LOUPES;Dépenses d'équipement;632644.48;827179.67;0.0;1459824.15;1.45982415;930;1569.7033870967741;1;;;;;;;;2;;;2024;930
2024;Non;75;Nouvelle-Aquitaine;33;Gironde;200069581;Communauté de communes Convergence Garonne;3;Non;Non;Non;2;Non;33253;Loupiac;Commune;213302532;33253;LOUPIAC;Dépenses d'équipement;30599.79;0.0;0.0;30599.79;0.03059979;1115;27.443757847533632;1;;;;;;;;2;;;2024;1115
2024;Non;75;Nouvelle-Aquitaine;33;Gironde;200044394;Communauté de communes du Réolais en Sud Gironde;3;Oui;Non;Non;1;Non;33254;Loupiac-de-la-Réole;Commune;213302540;33254;LOUPIAC-DE-LA-REOLE;Dépenses d'équipement;91800.26;0.0;0.0;91800.26;0.09180026;549;167.2135883424408;1;;;;;;;;2;;;2024;549
2024;Non;75;Nouvelle-Aquitaine;33;Gironde;200043974;Communauté de communes du Sud Gironde;2;Oui;Non;Non;1;Non;33255;Lucmau;Commune;213302557;33255;LUCMAU;Dépenses d'équipement;43729.96;0.0;0.0;43729.96;0.04372996;248;176.33048387096773;1;;;;;;;;2;;;2024;248
2024;Non;75;Nouvelle-Aquitaine;33;Gironde;243301447;Communauté de communes Médoc Estuaire;6;Non;Non;Non;2;Non;33256;Ludon-Médoc;Commune;213302565;33256;LUDON-MEDOC;Dépenses d'équipement;1466609.13;0.0;0.0;1466609.13;1.46660913;5402;271.49373009996293;1;;;;;;;;2;;;2024;5402
2024;Non;75;Nouvelle-Aquitaine;33;Gironde;243301454;Communauté de communes Castillon/Pujols;2;Non;Non;Non;2;Non;33257;Lugaignac;Commune;213302573;33257;LUGAIGNAC;Dépenses d'équipement;116007.16;0.0;0.0;116007.16;0.11600716;467;248.40933618843684;1;;;;;;;;2;;;2024;467
2024;Non;75;Nouvelle-Aquitaine;33;Gironde;200069599;Communauté de communes rurales de l'Entre-Deux-Mers;2;Oui;Non;Oui;1;Non;33258;Lugasson;Commune;213302581;33258;LUGASSON;Dépenses d'équipement;23329.12;0.0;0.0;23329.12;0.02332912;323;72.22637770897832;1;;;;;;;;2;;;2024;323
2024;Non;75;Nouvelle-Aquitaine;33;Gironde;243301397;Communauté de communes du Fronsadais;3;Oui;Non;Non;1;Non;33259;Lugon-et-l'Île-du-Carnay;Commune;213302599;33259;LUGON-ET-L'ILE-DU-CARNAY;Dépenses d'équipement;196446.09;0.0;0.0;196446.09;0.19644609;1413;139.02766454352442;1;;;;;;;;2;;;2024;1413
2024;Non;75;Nouvelle-Aquitaine;33;Gironde;243301405;Communauté de communes du Val de l'Eyre;3;Oui;Non;Non;2;Non;33260;Lugos;Commune;213302607;33260;LUGOS;Dépenses d'équipement;147996.08;0.0;0.0;147996.08;0.14799607999999997;1083;136.6538134810711;1;;;;;;;;2;;;2024;1083
2024;Non;75;Nouvelle-Aquitaine;33;Gironde;200035533;Communauté de communes du Grand Saint-Émilionnais;3;Oui;Non;Non;2;Non;33261;Lussac;Commune;213302615;33261;LUSSAC;Dépenses d'équipement;608667.31;0.0;0.0;608667.31;0.6086673100000001;1194;509.77161641541045;1;;;;;;;;2;;;2024;1194
2024;Non;75;Nouvelle-Aquitaine;33;Gironde;243301447;Communauté de communes Médoc Estuaire;5;Non;Non;Non;2;Non;33262;Macau;Commune;213302623;33262;MACAU;Dépenses d'équipement;1599025.54;0.0;0.0;1599025.54;1.59902554;4554;351.1255028546333;1;;;;;;;;2;;;2024;4554
2024;Non;75;Nouvelle-Aquitaine;33;Gironde;243301215;Communauté de communes du Créonnais;2;Oui;Non;Non;2;Non;33263;Madirac;Commune;213302631;33263;MADIRAC;Dépenses d'équipement;72999.76;0.0;0.0;72999.76;0.07299976;302;241.72105960264898;1;;;;;;;;2;;;2024;302
2024;Non;75;Nouvelle-Aquitaine;33;Gironde;200070092;Communauté d'agglomération du Libournais;3;Oui;Non;Non;2;Non;33264;Maransin;Commune;213302649;33264;MARANSIN;Dépenses d'équipement;32352.0;0.0;0.0;32352.0;0.032352;1052;30.752851711026615;1;;;;;;;;2;;;2024;1052
2024;Non;75;Nouvelle-Aquitaine;33;Gironde;243301181;Communauté de communes Latitude Nord Gironde;3;Oui;Non;Non;1;Non;33266;Marcenais;Commune;213302664;33266;MARCENAIS;Dépenses d'équipement;110958.5;0.0;0.0;110958.5;0.1109585;854;129.92798594847775;1;;;;;;;;2;;;2024;854
2024;Non;75;Nouvelle-Aquitaine;33;Gironde;243301371;Communauté de communes du Pays Foyen;2;Oui;Non;Non;1;Non;33269;Margueron;Commune;213302698;33269;MARGUERON;Dépenses d'équipement;49928.51;0.0;0.0;49928.51;0.04992851;398;125.4485175879397;1;;;;;;;;2;;;2024;398
2024;Non;75;Nouvelle-Aquitaine;33;Gironde;200043982;Communauté de communes du Bazadais;1;Oui;Non;Non;2;Non;33270;Marimbault;Commune;213302706;33270;MARIMBAULT;Dépenses d'équipement;18726.01;0.0;0.0;18726.01;0.018726009999999998;190;98.55794736842104;1;;;;;;;;2;;;2024;190
2024;Non;75;Nouvelle-Aquitaine;33;Gironde;200043982;Communauté de communes du Bazadais;2;Oui;Non;Non;1;Non;33271;Marions;Commune;213302714;33271;MARIONS;Dépenses d'équipement;423664.74;0.0;0.0;423664.74;0.42366474;220;1925.7488181818183;1;;;;;;;;2;;;2024;220
2024;Non;75;Nouvelle-Aquitaine;33;Gironde;243301181;Communauté de communes Latitude Nord Gironde;3;Non;Non;Non;1;Non;33272;Marsas;Commune;213302722;33272;MARSAS;Dépenses d'équipement;172939.41;0.0;0.0;172939.41;0.17293941000000002;1249;138.46229783827062;1;;;;;;;;2;;;2024;1249
2024;Non;75;Nouvelle-Aquitaine;33;Gironde;243300316;Bordeaux Métropole;6;Non;Non;Non;3;Non;33273;Martignas-sur-Jalle;Commune;213302730;33273;MARTIGNAS-SUR-JALLE;Dépenses d'équipement;1116986.26;11736.12;0.0;1128722.38;1.12872238;7993;141.21385962717378;1;;;;;;;;2;;;2024;7993
2024;Non;75;Nouvelle-Aquitaine;33;Gironde;243301264;Communauté de communes de Montesquieu;5;Non;Non;Non;2;Non;33274;Martillac;Commune;213302748;33274;MARTILLAC;Dépenses d'équipement;2370078.64;0.0;0.0;2370078.64;2.37007864;3541;669.3246653487715;1;;;;;;;;2;;;2024;3541
2024;Non;75;Nouvelle-Aquitaine;33;Gironde;200069599;Communauté de communes rurales de l'Entre-Deux-Mers;1;Oui;Non;Oui;2;Non;33275;Martres;Commune;213302755;33275;MARTRES;Dépenses d'équipement;8982.09;0.0;0.0;8982.09;0.00898209;102;88.05970588235294;1;;;;;;;;2;;;2024;102
2024;Non;75;Nouvelle-Aquitaine;33;Gironde;200043982;Communauté de communes du Bazadais;1;Oui;Non;Non;2;Non;33276;Masseilles;Commune;213302763;33276;MASSEILLES;Dépenses d'équipement;23821.0;0.0;0.0;23821.0;0.023821;142;167.75352112676057;1;;;;;;;;2;;;2024;142
2024;Non;75;Nouvelle-Aquitaine;33;Gironde;243301371;Communauté de communes du Pays Foyen;2;Oui;Non;Non;2;Non;33277;Massugas;Commune;213302771;33277;MASSUGAS;Dépenses d'équipement;0.0;0.0;0.0;0.0;0.0;225;0.0;1;;;;;;;;2;;;2024;225
2024;Non;75;Nouvelle-Aquitaine;33;Gironde;200069599;Communauté de communes rurales de l'Entre-Deux-Mers;2;Oui;Non;Non;2;Non;33278;Mauriac;Commune;213302789;33278;MAURIAC;Dépenses d'équipement;54273.29;0.0;0.0;54273.29;0.05427329;236;229.97156779661017;1;;;;;;;;2;;;2024;236
2024;Non;75;Nouvelle-Aquitaine;33;Gironde;200043974;Communauté de communes du Sud Gironde;3;Oui;Non;Non;2;Non;33279;Mazères;Commune;213302797;33279;MAZERES;Dépenses d'équipement;113353.32;0.0;0.0;113353.32;0.11335332000000001;794;142.7623677581864;1;;;;;;;;2;;;2024;794
2024;Non;75;Nouvelle-Aquitaine;33;Gironde;243300811;Communauté de communes de l'Estuaire;3;Non;Non;Non;1;Non;33280;Mazion;Commune;213302805;33280;MAZION;Dépenses d'équipement;90728.85;5415.0;0.0;96143.85;0.09614385;556;172.92059352517987;1;;;;;;;;2;;;2024;556
2024;Non;75;Nouvelle-Aquitaine;33;Gironde;243300316;Bordeaux Métropole;9;Non;Non;Non;2;Oui;33281;Mérignac;Commune;213302813;33281;MERIGNAC;Dépenses d'équipement;30825384.75;3203.53;0.0;30828588.28;30.82858828;76532;402.8195823969059;1;;;;;;;;2;;;2024;76532
2024;Non;75;Nouvelle-Aquitaine;33;Gironde;243301454;Communauté de communes Castillon/Pujols;2;Oui;Non;Non;3;Non;33282;Mérignas;Commune;213302821;33282;MERIGNAS;Dépenses d'équipement;167235.24;0.0;0.0;167235.24;0.16723523999999998;321;520.9820560747663;1;;;;;;;;2;;;2024;321
2024;Non;75;Nouvelle-Aquitaine;33;Gironde;200069599;Communauté de communes rurales de l'Entre-Deux-Mers;2;Oui;Non;Non;1;Non;33283;Mesterrieux;Commune;213302839;33283;MESTERRIEUX;Dépenses d'équipement;19020.26;0.0;0.0;19020.26;0.019020259999999997;226;84.1604424778761;1;;;;;;;;2;;;2024;226
2024;Non;75;Nouvelle-Aquitaine;33;Gironde;243301504;Communauté d'agglomération du Bassin d'Arcachon Nord;7;Non;Non;Non;2;Non;33284;Mios;Commune;213302847;33284;MIOS;Dépenses d'équipement;3243789.79;0.0;0.0;3243789.79;3.24378979;11659;278.22195642851017;1;;;;;;;;2;;;2024;11659
2024;Non;75;Nouvelle-Aquitaine;33;Gironde;243301223;Communauté de communes du Grand Cubzaguais;2;Non;Non;Non;2;Non;33285;Mombrier;Commune;213302854;33285;MOMBRIER;Dépenses d'équipement;32226.88;0.0;0.0;32226.88;0.03222688;467;69.00830835117773;1;;;;;;;;2;;;2024;467
2024;Non;75;Nouvelle-Aquitaine;33;Gironde;200044394;Communauté de communes du Réolais en Sud Gironde;3;Non;Non;Non;1;Non;33287;Mongauzy;Commune;213302870;33287;MONGAUZY;Dépenses d'équipement;53774.0;0.0;0.0;53774.0;0.053774;654;82.22324159021407;1;;;;;;;;2;;;2024;654
2024;Non;75;Nouvelle-Aquitaine;33;Gironde;200069581;Communauté de communes Convergence Garonne;2;Oui;Non;Non;1;Non;33288;Monprimblanc;Commune;213302888;33288;MONPRIMBLANC;Dépenses d'équipement;130110.7;0.0;0.0;130110.7;0.1301107;284;458.1362676056338;1;;;;;;;;2;;;2024;284
2024;Non;75;Nouvelle-Aquitaine;33;Gironde;200044394;Communauté de communes du Réolais en Sud Gironde;3;Oui;Non;Non;1;Non;33289;Monségur;Commune;213302896;33289;MONSEGUR;Dépenses d'équipement;262755.26;0.0;0.0;262755.26;0.26275526;1662;158.0958243080626;1;;;;;;;;2;;;2024;1662
2024;Non;75;Nouvelle-Aquitaine;33;Gironde;200035533;Communauté de communes du Grand Saint-Émilionnais;3;Oui;Non;Non;2;Non;33290;Montagne;Commune;213302904;33290;MONTAGNE;Dépenses d'équipement;1379164.05;0.0;0.0;1379164.05;1.37916405;1654;833.8355804111246;1;;;;;;;;2;;;2024;1654
2024;Non;75;Nouvelle-Aquitaine;33;Gironde;200044394;Communauté de communes du Réolais en Sud Gironde;1;Oui;Non;Non;2;Non;33291;Montagoudin;Commune;213302912;33291;MONTAGOUDIN;Dépenses d'équipement;86213.94;0.0;0.0;86213.94;0.08621394;180;478.96633333333335;1;;;;;;;;2;;;2024;180
2024;Non;75;Nouvelle-Aquitaine;33;Gironde;200069599;Communauté de communes rurales de l'Entre-Deux-Mers;1;Oui;Non;Oui;2;Non;33292;Montignac;Commune;213302920;33292;MONTIGNAC;Dépenses d'équipement;32990.55;0.0;0.0;32990.55;0.03299055;142;232.32781690140848;1;;;;;;;;2;;;2024;142
2024;Non;75;Nouvelle-Aquitaine;33;Gironde;243301249;Communauté de communes Les Rives de la Laurence;5;Non;Non;Non;2;Non;33293;Montussan;Commune;213302938;33293;MONTUSSAN;Dépenses d'équipement;556510.2;0.0;0.0;556510.2;0.5565102;3505;158.7760912981455;1;;;;;;;;2;;;2024;3505
2024;Non;75;Nouvelle-Aquitaine;33;Gironde;200044394;Communauté de communes du Réolais en Sud Gironde;3;Non;Non;Non;1;Non;33294;Morizès;Commune;213302946;33294;MORIZES;Dépenses d'équipement;83947.84;0.0;0.0;83947.84;0.08394784;542;154.88531365313654;1;;;;;;;;2;;;2024;542
2024;Non;75;Nouvelle-Aquitaine;33;Gironde;243301397;Communauté de communes du Fronsadais;0;Oui;Non;Non;2;Non;33295;Mouillac;Commune;213302953;33295;MOUILLAC;Dépenses d'équipement;8272.8;0.0;0.0;8272.8;0.008272799999999999;97;85.28659793814433;1;;;;;;;;2;;;2024;97
2024;Non;75;Nouvelle-Aquitaine;33;Gironde;243301454;Communauté de communes Castillon/Pujols;3;Oui;Non;Non;1;Non;33296;Mouliets-et-Villemartin;Commune;213302961;33296;MOULIETS-ET-VILLEMARTIN;Dépenses d'équipement;168425.33;0.0;0.0;168425.33;0.16842532999999998;1040;161.94743269230767;1;;;;;;;;2;;;2024;1040
2024;Non;75;Nouvelle-Aquitaine;33;Gironde;243301389;Communauté de communes Médullienne;3;Oui;Non;Non;2;Non;33297;Moulis-en-Médoc;Commune;213302979;33297;MOULIS-EN-MEDOC;Dépenses d'équipement;100801.32;0.0;0.0;100801.32;0.10080132000000001;1942;51.905932028836254;1;;;;;;;;2;;;2024;1942
2024;Non;75;Nouvelle-Aquitaine;33;Gironde;200070092;Communauté d'agglomération du Libournais;3;Oui;Non;Non;2;Non;33298;Moulon;Commune;213302987;33298;MOULON;Dépenses d'équipement;468790.28;0.0;0.0;468790.28;0.46879028;1041;450.3268780019213;1;;;;;;;;2;;;2024;1041
2024;Non;75;Nouvelle-Aquitaine;33;Gironde;200069599;Communauté de communes rurales de l'Entre-Deux-Mers;2;Oui;Non;Non;1;Non;33299;Mourens;Commune;213302995;33299;MOURENS;Dépenses d'équipement;25992.16;0.0;0.0;25992.16;0.02599216;395;65.80293670886076;1;;;;;;;;2;;;2024;395
2024;Non;75;Nouvelle-Aquitaine;33;Gironde;200070720;Communauté de communes Médoc Atlantique;3;Oui;Non;Non;2;Non;33300;Naujac-sur-Mer;Commune;213303001;33300;NAUJAC-SUR-MER;Dépenses d'équipement;418907.89;197158.56;0.0;616066.45;0.6160664499999999;1110;555.0148198198198;1;;;;;;;;2;;;2024;1110
2024;Non;75;Nouvelle-Aquitaine;33;Gironde;243301454;Communauté de communes Castillon/Pujols;3;Oui;Non;Non;1;Non;33301;Naujan-et-Postiac;Commune;213303019;33301;NAUJAN-ET-POSTIAC;Dépenses d'équipement;85938.75;3775.8;0.0;89714.55;0.08971455;632;141.95340189873417;1;;;;;;;;2;;;2024;632
2024;Non;75;Nouvelle-Aquitaine;33;Gironde;200035533;Communauté de communes du Grand Saint-Émilionnais;2;Oui;Non;Non;2;Non;33302;Néac;Commune;213303027;33302;NEAC;Dépenses d'équipement;63239.23;0.0;0.0;63239.23;0.06323923000000001;339;186.546401179941;1;;;;;;;;2;;;2024;339
2024;Non;75;Nouvelle-Aquitaine;33;Gironde;200070092;Communauté d'agglomération du Libournais;3;Non;Non;Non;2;Non;33303;Nérigean;Commune;213303035;33303;NERIGEAN;Dépenses d'équipement;405095.0;0.0;0.0;405095.0;0.405095;850;476.58235294117645;1;;;;;;;;2;;;2024;850
2024;Non;75;Nouvelle-Aquitaine;33;Gironde;200069599;Communauté de communes rurales de l'Entre-Deux-Mers;1;Oui;Non;Non;2;Non;33304;Neuffons;Commune;213303043;33304;NEUFFONS;Dépenses d'équipement;31022.95;0.0;0.0;31022.95;0.03102295;146;212.4859589041096;1;;;;;;;;2;;;2024;146
2024;Non;75;Nouvelle-Aquitaine;33;Gironde;200043982;Communauté de communes du Bazadais;3;Oui;Non;Non;2;Non;33305;Le Nizan;Commune;213303050;33305;LE NIZAN;Dépenses d'équipement;65870.52;0.0;0.0;65870.52;0.06587052;512;128.653359375;1;;;;;;;;2;;;2024;512
2024;Non;75;Nouvelle-Aquitaine;33;Gironde;200044394;Communauté de communes du Réolais en Sud Gironde;3;Oui;Non;Non;1;Non;33306;Noaillac;Commune;213303068;33306;NOAILLAC;Dépenses d'équipement;307311.72;0.0;0.0;307311.72;0.30731171999999995;543;565.9516022099447;1;;;;;;;;2;;;2024;543
2024;Non;75;Nouvelle-Aquitaine;33;Gironde;200043974;Communauté de communes du Sud Gironde;3;Oui;Non;Non;2;Non;33307;Noaillan;Commune;213303076;33307;NOAILLAN;Dépenses d'équipement;78084.99;4590.0;0.0;82674.99;0.08267499;1701;48.603756613756616;1;;;;;;;;2;;;2024;1701
2024;Non;75;Nouvelle-Aquitaine;33;Gironde;200069581;Communauté de communes Convergence Garonne;2;Oui;Non;Non;1;Non;33308;Omet;Commune;213303084;33308;OMET;Dépenses d'équipement;69689.34;0.0;0.0;69689.34;0.06968934;303;229.9978217821782;1;;;;;;;;2;;;2024;303
2024;Non;75;Nouvelle-Aquitaine;33;Gironde;200069995;Communauté de communes Médoc Cœur de Presqu'île;2;Oui;Non;Non;1;Non;33309;Ordonnac;Commune;213303092;33309;ORDONNAC;Dépenses d'équipement;125083.54;0.0;0.0;125083.54;0.12508354;495;252.6940202020202;1;;;;;;;;2;;;2024;495
2024;Non;75;Nouvelle-Aquitaine;33;Gironde;200043974;Communauté de communes du Sud Gironde;1;Oui;Non;Non;2;Non;33310;Origne;Commune;213303100;33310;ORIGNE;Dépenses d'équipement;35480.12;0.0;0.0;35480.12;0.035480120000000004;191;185.75979057591624;1;;;;;;;;2;;;2024;191
2024;Non;75;Nouvelle-Aquitaine;33;Gironde;200069581;Communauté de communes Convergence Garonne;3;Non;Non;Non;1;Non;33311;Paillet;Commune;213303118;33311;PAILLET;Dépenses d'équipement;45593.68;0.0;0.0;45593.68;0.04559368;1231;37.03792038992689;1;;;;;;;;2;;;2024;1231
2024;Non;75;Nouvelle-Aquitaine;33;Gironde;243300316;Bordeaux Métropole;7;Non;Non;Non;2;Non;33312;Parempuyre;Commune;213303126;33312;PAREMPUYRE;Dépenses d'équipement;1497941.28;0.0;0.0;1497941.28;1.49794128;10244;146.22620851229988;1;;;;;;;;2;;;2024;10244
2024;Non;75;Nouvelle-Aquitaine;33;Gironde;200069995;Communauté de communes Médoc Cœur de Presqu'île;6;Non;Non;Oui;1;Non;33314;Pauillac;Commune;213303142;33314;PAUILLAC;Dépenses d'équipement;1195534.76;25264.14;0.0;1220798.9;1.2207989;5183;235.53905074281303;1;;;;;;;;2;;;2024;5183
2024;Non;75;Nouvelle-Aquitaine;33;Gironde;200070092;Communauté d'agglomération du Libournais;3;Non;Non;Non;1;Non;33315;Les Peintures;Commune;213303159;33315;LES PEINTURES;Dépenses d'équipement;211263.28;0.0;0.0;211263.28;0.21126328;1668;126.65664268585132;1;;;;;;;;2;;;2024;1668
2024;Non;75;Nouvelle-Aquitaine;33;Gironde;243301371;Communauté de communes du Pays Foyen;3;Oui;Non;Non;1;Non;33316;Pellegrue;Commune;213303167;33316;PELLEGRUE;Dépenses d'équipement;163541.34;3031.15;0.0;166572.49;0.16657249;914;182.24561269146608;1;;;;;;;;2;;;2024;914
2024;Non;75;Nouvelle-Aquitaine;33;Gironde;243301397;Communauté de communes du Fronsadais;3;Oui;Non;Non;1;Non;33317;Périssac;Commune;213303175;33317;PERISSAC;Dépenses d'équipement;607961.29;0.0;0.0;607961.29;0.60796129;1206;504.11383913764513;1;;;;;;;;2;;;2024;1206
2024;Non;75;Nouvelle-Aquitaine;33;Gironde;243300316;Bordeaux Métropole;9;Non;Non;Non;2;Oui;33318;Pessac;Commune;213303183;33318;PESSAC;Dépenses d'équipement;35259961.44;0.0;0.0;35259961.44;35.25996144;67522;522.1996007227274;1;;;;;;;;2;;;2024;67522
2024;Non;75;Nouvelle-Aquitaine;33;Gironde;243301454;Communauté de communes Castillon/Pujols;2;Oui;Non;Non;1;Non;33319;Pessac-sur-Dordogne;Commune;213303191;33319;PESSAC-SUR-DORDOGNE;Dépenses d'équipement;70114.43;0.0;0.0;70114.43;0.07011442999999999;446;157.20724215246636;1;;;;;;;;2;;;2024;446
2024;Non;75;Nouvelle-Aquitaine;33;Gironde;200035533;Communauté de communes du Grand Saint-Émilionnais;3;Oui;Non;Non;1;Non;33320;Petit-Palais-et-Cornemps;Commune;213303209;33320;PETIT-PALAIS-ET-CORNEMPS;Dépenses d'équipement;141884.95;0.0;0.0;141884.95;0.14188495;749;189.43251001335116;1;;;;;;;;2;;;2024;749
2024;Non;75;Nouvelle-Aquitaine;33;Gironde;243301223;Communauté de communes du Grand Cubzaguais;4;Oui;Non;Non;1;Non;33321;Peujard;Commune;213303217;33321;PEUJARD;Dépenses d'équipement;620245.14;0.0;0.0;620245.14;0.62024514;2195;282.5718177676538;1;;;;;;;;2;;;2024;2195
2024;Non;75;Nouvelle-Aquitaine;33;Gironde;243301447;Communauté de communes Médoc Estuaire;6;Non;Non;Non;2;Non;33322;Le Pian-Médoc;Commune;213303225;33322;LE PIAN-MEDOC;Dépenses d'équipement;1829077.1;0.0;0.0;1829077.1;1.8290771000000001;7254;252.14738075544528;1;;;;;;;;2;;;2024;7254
2024;Non;75;Nouvelle-Aquitaine;33;Gironde;200043974;Communauté de communes du Sud Gironde;3;Non;Non;Oui;2;Non;33323;Le Pian-sur-Garonne;Commune;213303233;33323;LE PIAN-SUR-GARONNE;Dépenses d'équipement;312136.09;0.0;0.0;312136.09;0.31213609000000003;968;322.4546384297521;1;;;;;;;;2;;;2024;968
2024;Non;75;Nouvelle-Aquitaine;33;Gironde;243301371;Communauté de communes du Pays Foyen;5;Non;Non;Non;1;Oui;33324;Pineuilh;Commune;213303241;33324;PINEUILH;Dépenses d'équipement;1716784.61;0.0;0.0;1716784.61;1.7167846100000002;4524;379.4837776304156;1;;;;;;;;2;;;2024;4524
2024;Non;75;Nouvelle-Aquitaine;33;Gironde;200023794;Communauté de communes de Blaye;3;Oui;Non;Non;2;Non;33325;Plassac;Commune;213303258;33325;PLASSAC;Dépenses d'équipement;200358.08;47927.55;0.0;248285.63;0.24828563;958;259.1708037578288;1;;;;;;;;2;;;2024;958
2024;Non;75;Nouvelle-Aquitaine;33;Gironde;243300811;Communauté de communes de l'Estuaire;2;Oui;Non;Non;1;Non;33326;Pleine-Selve;Commune;213303266;33326;PLEINE-SELVE;Dépenses d'équipement;119284.71;0.0;0.0;119284.71;0.11928471;222;537.3185135135135;1;;;;;;;;2;;;2024;222
2024;Non;75;Nouvelle-Aquitaine;33;Gironde;200069581;Communauté de communes Convergence Garonne;4;Non;Non;Non;1;Non;33327;Podensac;Commune;213303274;33327;PODENSAC;Dépenses d'équipement;845696.23;0.0;0.0;845696.23;0.8456962299999999;3338;253.3541731575794;1;;;;;;;;2;;;2024;3338
2024;Non;75;Nouvelle-Aquitaine;33;Gironde;200070092;Communauté d'agglomération du Libournais;3;Non;Non;Non;3;Non;33328;Pomerol;Commune;213303282;33328;POMEROL;Dépenses d'équipement;335379.94;0.0;0.0;335379.94;0.33537994;604;555.2648013245033;1;;;;;;;;2;;;2024;604
2024;Non;75;Nouvelle-Aquitaine;33;Gironde;200043974;Communauté de communes du Sud Gironde;2;Oui;Non;Non;2;Non;33329;Pompéjac;Commune;213303290;33329;POMPEJAC;Dépenses d'équipement;2004.0;0.0;0.0;2004.0;0.002004;273;7.34065934065934;1;;;;;;;;2;;;2024;273
2024;Non;75;Nouvelle-Aquitaine;33;Gironde;243301355;Communauté de communes Les Coteaux Bordelais;4;Non;Non;Non;3;Non;33330;Pompignac;Commune;213303308;33330;POMPIGNAC;Dépenses d'équipement;778042.26;48927.25;0.0;826969.51;0.82696951;3431;241.0287117458467;1;;;;;;;;2;;;2024;3431
2024;Non;75;Nouvelle-Aquitaine;33;Gironde;200044394;Communauté de communes du Réolais en Sud Gironde;2;Oui;Non;Non;2;Non;33331;Pondaurat;Commune;213303316;33331;PONDAURAT;Dépenses d'équipement;177871.64;0.0;0.0;177871.64;0.17787164000000003;462;385.00354978354983;1;;;;;;;;2;;;2024;462
2024;Non;75;Nouvelle-Aquitaine;33;Gironde;200070092;Communauté d'agglomération du Libournais;3;Non;Non;Non;1;Non;33332;Porchères;Commune;213303324;33332;PORCHERES;Dépenses d'équipement;288144.46;0.0;0.0;288144.46;0.28814446000000005;874;329.6847368421053;1;;;;;;;;2;;;2024;874
2024;Non;75;Nouvelle-Aquitaine;33;Gironde;243301389;Communauté de communes Médullienne;4;Non;Non;Non;2;Non;33333;Le Porge;Commune;213303332;33333;LE PORGE;Dépenses d'équipement;1790659.4;390702.36;0.0;2181361.76;2.1813617599999997;3410;639.6955307917888;1;;;;;;;;2;;;2024;3410
2024;Non;75;Nouvelle-Aquitaine;33;Gironde;200069581;Communauté de communes Convergence Garonne;4;Non;Non;Non;2;Non;33334;Portets;Commune;213303340;33334;PORTETS;Dépenses d'équipement;520088.59;3000.0;0.0;523088.59;0.5230885900000001;2711;192.95042050903726;1;;;;;;;;2;;;2024;2711
2024;Non;75;Nouvelle-Aquitaine;33;Gironde;243301215;Communauté de communes du Créonnais;3;Oui;Non;Non;2;Non;33335;Le Pout;Commune;213303357;33335;LE POUT;Dépenses d'équipement;214824.71;0.0;0.0;214824.71;0.21482471;627;342.6231419457735;1;;;;;;;;2;;;2024;627
2024;Non;75;Nouvelle-Aquitaine;33;Gironde;200043974;Communauté de communes du Sud Gironde;3;Oui;Non;Non;1;Non;33336;Préchac;Commune;213303365;33336;PRECHAC;Dépenses d'équipement;108956.23;1302.11;0.0;110258.34;0.11025834;1060;104.01730188679245;1;;;;;;;;2;;;2024;1060
2024;Non;75;Nouvelle-Aquitaine;33;Gironde;200069581;Communauté de communes Convergence Garonne;4;Non;Non;Non;1;Non;33337;Preignac;Commune;213303373;33337;PREIGNAC;Dépenses d'équipement;408207.81;119086.68;0.0;527294.49;0.52729449;2188;240.99382541133454;1;;;;;;;;2;;;2024;2188
2024;Non;75;Nouvelle-Aquitaine;33;Gironde;243301223;Communauté de communes du Grand Cubzaguais;3;Non;Non;Non;2;Non;33339;Prignac-et-Marcamps;Commune;213303399;33339;PRIGNAC-ET-MARCAMPS;Dépenses d'équipement;436759.63;0.0;0.0;436759.63;0.43675963;1442;302.88462552011094;1;;;;;;;;2;;;2024;1442
2024;Non;75;Nouvelle-Aquitaine;33;Gironde;243301223;Communauté de communes du Grand Cubzaguais;4;Oui;Non;Non;1;Non;33341;Pugnac;Commune;213303415;33341;PUGNAC;Dépenses d'équipement;563909.34;0.0;0.0;563909.34;0.5639093399999999;2427;232.3483065512979;1;;;;;;;;2;;;2024;2427
2024;Non;75;Nouvelle-Aquitaine;33;Gironde;200035533;Communauté de communes du Grand Saint-Émilionnais;3;Oui;Non;Non;2;Non;33342;Puisseguin;Commune;213303423;33342;PUISSEGUIN;Dépenses d'équipement;79625.2;0.0;0.0;79625.2;0.0796252;836;95.24545454545454;1;;;;;;;;2;;;2024;836
2024;Non;75;Nouvelle-Aquitaine;33;Gironde;200069581;Communauté de communes Convergence Garonne;3;Oui;Non;Non;2;Non;33343;Pujols-sur-Ciron;Commune;213303431;33343;PUJOLS-SUR-CIRON;Dépenses d'équipement;273270.57;0.0;0.0;273270.57;0.27327057;900;303.63396666666665;1;;;;;;;;2;;;2024;900
2024;Non;75;Nouvelle-Aquitaine;33;Gironde;243301454;Communauté de communes Castillon/Pujols;3;Oui;Non;Non;1;Non;33344;Pujols;Commune;213303449;33344;PUJOLS-SUR-DORDOGNE;Dépenses d'équipement;252964.86;0.0;0.0;252964.86;0.25296486;530;477.29218867924527;1;;;;;;;;2;;;2024;530
2024;Non;75;Nouvelle-Aquitaine;33;Gironde;200069599;Communauté de communes rurales de l'Entre-Deux-Mers;2;Oui;Non;Non;2;Non;33345;Le Puy;Commune;213303456;33345;LE PUY;Dépenses d'équipement;18142.08;0.0;0.0;18142.08;0.01814208;409;44.357163814180936;1;;;;;;;;2;;;2024;409
2024;Non;75;Nouvelle-Aquitaine;33;Gironde;200044394;Communauté de communes du Réolais en Sud Gironde;2;Oui;Non;Non;1;Non;33346;Puybarban;Commune;213303464;33346;PUYBARBAN;Dépenses d'équipement;22144.2;0.0;0.0;22144.2;0.0221442;420;52.72428571428571;1;;;;;;;;2;;;2024;420
2024;Non;75;Nouvelle-Aquitaine;33;Gironde;200070092;Communauté d'agglomération du Libournais;2;Oui;Non;Non;1;Non;33347;Puynormand;Commune;213303472;33347;PUYNORMAND;Dépenses d'équipement;10162.51;0.0;0.0;10162.51;0.01016251;313;32.46808306709265;1;;;;;;;;2;;;2024;313
2024;Non;75;Nouvelle-Aquitaine;33;Gironde;200070720;Communauté de communes Médoc Atlantique;3;Oui;Non;Non;2;Non;33348;Queyrac;Commune;213303480;33348;QUEYRAC;Dépenses d'équipement;453186.36;0.0;0.0;453186.36;0.45318636;1364;332.24806451612903;1;;;;;;;;2;;;2024;1364
2024;Non;75;Nouvelle-Aquitaine;33;Gironde;243301439;Communauté de communes des Portes de l'Entre-Deux-Mers;4;Non;Non;Non;3;Non;33349;Quinsac;Commune;213303498;33349;QUINSAC;Dépenses d'équipement;187344.59;0.0;0.0;187344.59;0.18734459;2250;83.26426222222221;1;;;;;;;;2;;;2024;2250
2024;Non;75;Nouvelle-Aquitaine;33;Gironde;243301454;Communauté de communes Castillon/Pujols;3;Oui;Non;Non;1;Non;33350;Rauzan;Commune;213303506;33350;RAUZAN;Dépenses d'équipement;525480.92;0.0;0.0;525480.92;0.52548092;1275;412.14189803921573;1;;;;;;;;2;;;2024;1275
2024;Non;75;Nouvelle-Aquitaine;33;Gironde;243300811;Communauté de communes de l'Estuaire;3;Oui;Non;Non;1;Non;33351;Reignac;Commune;213303514;33351;REIGNAC;Dépenses d'équipement;223201.74;8244.0;0.0;231445.74;0.23144573999999998;1646;140.61102065613608;1;;;;;;;;2;;;2024;1646
2024;Non;75;Nouvelle-Aquitaine;33;Gironde;200044394;Communauté de communes du Réolais en Sud Gironde;5;Non;Non;Non;1;Non;33352;La Réole;Commune;213303522;33352;LA REOLE;Dépenses d'équipement;1077499.12;0.0;0.0;1077499.12;1.0774991200000001;4478;240.62061634658332;1;;;;;;;;2;;;2024;4478
2024;Non;75;Nouvelle-Aquitaine;33;Gironde;200069599;Communauté de communes rurales de l'Entre-Deux-Mers;1;Oui;Non;Non;1;Non;33353;Rimons;Commune;213303530;33353;RIMONS;Dépenses d'équipement;15195.2;0.0;0.0;15195.2;0.0151952;199;76.35778894472362;1;;;;;;;;2;;;2024;199
2024;Non;75;Nouvelle-Aquitaine;33;Gironde;243301371;Communauté de communes du Pays Foyen;2;Oui;Non;Non;1;Non;33354;Riocaud;Commune;213303548;33354;RIOCAUD;Dépenses d'équipement;67059.2;0.0;0.0;67059.2;0.0670592;201;333.6278606965174;1;;;;;;;;2;;;2024;201
2024;Non;75;Nouvelle-Aquitaine;33;Gironde;200069581;Communauté de communes Convergence Garonne;3;Oui;Non;Non;1;Non;33355;Rions;Commune;213303555;33355;RIONS;Dépenses d'équipement;368171.1;0.0;0.0;368171.1;0.3681711;1537;239.53877683799607;1;;;;;;;;2;;;2024;1537
2024;Non;75;Nouvelle-Aquitaine;33;Gironde;243301397;Communauté de communes du Fronsadais;2;Oui;Non;Non;2;Non;33356;La Rivière;Commune;213303563;33356;LA RIVIERE;Dépenses d'équipement;29393.8;0.0;0.0;29393.8;0.029393799999999998;423;69.4888888888889;1;;;;;;;;2;;;2024;423
2024;Non;75;Nouvelle-Aquitaine;33;Gironde;200043974;Communauté de communes du Sud Gironde;3;Oui;Non;Non;2;Non;33357;Roaillan;Commune;213303571;33357;ROAILLAN;Dépenses d'équipement;374813.71;0.0;0.0;374813.71;0.37481371;1809;207.19386954118298;1;;;;;;;;2;;;2024;1809
2024;Non;75;Nouvelle-Aquitaine;33;Gironde;200069599;Communauté de communes rurales de l'Entre-Deux-Mers;2;Oui;Non;Oui;1;Non;33358;Romagne;Commune;213303589;33358;ROMAGNE;Dépenses d'équipement;0.0;0.0;0.0;0.0;0.0;485;0.0;1;;;;;;;;2;;;2024;485
2024;Non;75;Nouvelle-Aquitaine;33;Gironde;200044394;Communauté de communes du Réolais en Sud Gironde;2;Oui;Non;Non;1;Non;33359;Roquebrune;Commune;213303597;33359;ROQUEBRUNE;Dépenses d'équipement;101976.74;0.0;0.0;101976.74;0.10197674000000001;288;354.0859027777778;1;;;;;;;;2;;;2024;288
2024;Non;75;Nouvelle-Aquitaine;33;Gironde;243301371;Communauté de communes du Pays Foyen;2;Oui;Non;Non;1;Non;33360;La Roquille;Commune;213303605;33360;LA ROQUILLE;Dépenses d'équipement;32883.58;0.0;0.0;32883.58;0.03288358;315;104.39231746031747;1;;;;;;;;2;;;2024;315
2024;Non;75;Nouvelle-Aquitaine;33;Gironde;243301454;Communauté de communes Castillon/Pujols;3;Oui;Non;Non;1;Non;33361;Ruch;Commune;213303613;33361;RUCH;Dépenses d'équipement;142132.18;0.0;0.0;142132.18;0.14213218;570;249.35470175438596;1;;;;;;;;2;;;2024;570
2024;Non;75;Nouvelle-Aquitaine;33;Gironde;200070092;Communauté d'agglomération du Libournais;3;Oui;Non;Non;1;Non;33362;Sablons;Commune;213303621;33362;SABLONS;Dépenses d'équipement;31000.27;0.0;0.0;31000.27;0.03100027;1326;23.378785822021115;1;;;;;;;;2;;;2024;1326
2024;Non;75;Nouvelle-Aquitaine;33;Gironde;243301215;Communauté de communes du Créonnais;5;Non;Non;Non;2;Non;33363;Sadirac;Commune;213303639;33363;SADIRAC;Dépenses d'équipement;847212.2;0.0;0.0;847212.2;0.8472122;4759;178.0231561252364;1;;;;;;;;2;;;2024;4759
2024;Non;75;Nouvelle-Aquitaine;33;Gironde;243301397;Communauté de communes du Fronsadais;2;Oui;Non;Non;2;Non;33364;Saillans;Commune;213303647;33364;SAILLANS;Dépenses d'équipement;26592.19;0.0;0.0;26592.19;0.026592189999999998;379;70.16408970976254;1;;;;;;;;2;;;2024;379
2024;Non;75;Nouvelle-Aquitaine;33;Gironde;243301397;Communauté de communes du Fronsadais;2;Oui;Non;Non;2;Non;33365;Saint-Aignan;Commune;213303654;33365;SAINT-AIGNAN;Dépenses d'équipement;75959.75;0.0;0.0;75959.75;0.07595975;207;366.95531400966183;1;;;;;;;;2;;;2024;207
2024;Non;75;Nouvelle-Aquitaine;33;Gironde;243301223;Communauté de communes du Grand Cubzaguais;7;Non;Non;Non;1;Non;33366;Saint-André-de-Cubzac;Commune;213303662;33366;SAINT-ANDRE-DE-CUBZAC;Dépenses d'équipement;6388313.55;1295.0;0.0;6389608.55;6.38960855;13039;490.0382352941176;1;;;;;;;;2;;;2024;13039
2024;Non;75;Nouvelle-Aquitaine;33;Gironde;200043974;Communauté de communes du Sud Gironde;2;Oui;Non;Oui;1;Non;33367;Saint-André-du-Bois;Commune;213303670;33367;SAINT-ANDRE-DU-BOIS;Dépenses d'équipement;136689.65;0.0;0.0;136689.65;0.13668965;434;314.95311059907834;1;;;;;;;;2;;;2024;434
2024;Non;75;Nouvelle-Aquitaine;33;Gironde;243301371;Communauté de communes du Pays Foyen;3;Oui;Non;Non;2;Non;33369;Saint-André-et-Appelles;Commune;213303696;33369;SAINT-ANDRE-ET-APPELLES;Dépenses d'équipement;30975.2;0.0;0.0;30975.2;0.0309752;680;45.551764705882356;1;;;;;;;;2;;;2024;680
2024;Non;75;Nouvelle-Aquitaine;33;Gironde;243300811;Communauté de communes de l'Estuaire;3;Oui;Non;Non;1;Non;33370;Saint-Androny;Commune;213303704;33370;SAINT-ANDRONY;Dépenses d'équipement;73672.44;0.0;0.0;73672.44;0.07367244;578;127.4609688581315;1;;;;;;;;2;;;2024;578
2024;Non;75;Nouvelle-Aquitaine;33;Gironde;200069599;Communauté de communes rurales de l'Entre-Deux-Mers;0;Oui;Non;Non;2;Non;33372;Saint-Antoine-du-Queyret;Commune;213303720;33372;SAINT-ANTOINE-DU-QUEYRET;Dépenses d'équipement;9026.4;0.0;0.0;9026.4;0.0090264;58;155.62758620689655;1;;;;;;;;2;;;2024;58
2024;Non;75;Nouvelle-Aquitaine;33;Gironde;200070092;Communauté d'agglomération du Libournais;3;Non;Non;Non;1;Non;33373;Saint-Antoine-sur-l'Isle;Commune;213303738;33373;SAINT-ANTOINE-SUR-L'ISLE;Dépenses d'équipement;71388.77;0.0;0.0;71388.77;0.07138877;589;121.20334465195246;1;;;;;;;;2;;;2024;589
2024;Non;75;Nouvelle-Aquitaine;33;Gironde;243300811;Communauté de communes de l'Estuaire;3;Oui;Non;Non;1;Non;33374;Saint-Aubin-de-Blaye;Commune;213303746;33374;SAINT-AUBIN-DE-BLAYE;Dépenses d'équipement;56396.81;6053.03;0.0;62449.84;0.06244984;855;73.0407485380117;1;;;;;;;;2;;;2024;855
2024;Non;75;Nouvelle-Aquitaine;33;Gironde;243301454;Communauté de communes Castillon/Pujols;2;Oui;Non;Non;2;Non;33375;Saint-Aubin-de-Branne;Commune;213303753;33375;SAINT-AUBIN-DE-BRANNE;Dépenses d'équipement;75669.52;0.0;0.0;75669.52;0.07566952;387;195.5284754521964;1;;;;;;;;2;;;2024;387
2024;Non;75;Nouvelle-Aquitaine;33;Gironde;243300316;Bordeaux Métropole;6;Non;Non;Non;3;Non;33376;Saint-Aubin-de-Médoc;Commune;213303761;33376;SAINT-AUBIN-MEDOC;Dépenses d'équipement;1719237.11;915.83;0.0;1720152.94;1.72015294;7799;220.56070521861776;1;;;;;;;;2;;;2024;7799
2024;Non;75;Nouvelle-Aquitaine;33;Gironde;243301371;Communauté de communes du Pays Foyen;0;Oui;Non;Non;2;Non;33377;Saint-Avit-de-Soulège;Commune;213303779;33377;SAINT-AVIT-DE-SOULEGE;Dépenses d'équipement;52300.47;0.0;0.0;52300.47;0.05230047;80;653.7558750000001;1;;;;;;;;2;;;2024;80
2024;Non;75;Nouvelle-Aquitaine;33;Gironde;243301371;Communauté de communes du Pays Foyen;3;Non;Non;Non;1;Non;33378;Saint-Avit-Saint-Nazaire;Commune;213303787;33378;SAINT-AVIT-SAINT-NAZAIRE;Dépenses d'équipement;290778.77;0.0;0.0;290778.77;0.29077877;1509;192.69633532140492;1;;;;;;;;2;;;2024;1509
2024;Non;75;Nouvelle-Aquitaine;33;Gironde;200069599;Communauté de communes rurales de l'Entre-Deux-Mers;2;Oui;Non;Non;1;Non;33379;Saint-Brice;Commune;213303795;33379;SAINT-BRICE;Dépenses d'équipement;1188.0;0.0;0.0;1188.0;0.001188;315;3.7714285714285714;1;;;;;;;;2;;;2024;315
2024;Non;75;Nouvelle-Aquitaine;33;Gironde;243301439;Communauté de communes des Portes de l'Entre-Deux-Mers;4;Non;Non;Non;2;Non;33381;Saint-Caprais-de-Bordeaux;Commune;213303811;33381;SAINT-CAPRAIS-DE-BORDEAUX;Dépenses d'équipement;242554.04;0.0;0.0;242554.04;0.24255404;3490;69.49972492836676;1;;;;;;;;2;;;2024;3490
2024;Non;75;Nouvelle-Aquitaine;33;Gironde;200023794;Communauté de communes de Blaye;3;Oui;Non;Non;1;Non;33382;Saint-Christoly-de-Blaye;Commune;213303829;33382;SAINT-CHRISTOLY-DE-BLAYE;Dépenses d'équipement;450287.06;0.0;0.0;450287.06;0.45028706;1906;236.24714585519413;1;;;;;;;;2;;;2024;1906
2024;Non;75;Nouvelle-Aquitaine;33;Gironde;200069995;Communauté de communes Médoc Cœur de Presqu'île;2;Oui;Non;Non;1;Non;33383;Saint-Christoly-Médoc;Commune;213303837;33383;SAINT-CHRISTOLY-MEDOC;Dépenses d'équipement;116196.42;0.0;0.0;116196.42;0.11619642;279;416.47462365591394;1;;;;;;;;2;;;2024;279
2024;Non;75;Nouvelle-Aquitaine;33;Gironde;200035533;Communauté de communes du Grand Saint-Émilionnais;2;Non;Non;Non;2;Non;33384;Saint-Christophe-des-Bardes;Commune;213303845;33384;SAINT-CHRISTOPHE-DES-BARDES;Dépenses d'équipement;150968.89;0.0;0.0;150968.89;0.15096889000000002;403;374.6126302729529;1;;;;;;;;2;;;2024;403
2024;Non;75;Nouvelle-Aquitaine;33;Gironde;200070092;Communauté d'agglomération du Libournais;3;Oui;Non;Non;1;Non;33385;Saint-Christophe-de-Double;Commune;213303852;33385;SAINT-CHRISTOPHE-DE-DOUBLE;Dépenses d'équipement;244586.74;58285.04;0.0;302871.78;0.30287178000000003;617;490.8780875202594;1;;;;;;;;2;;;2024;617
2024;Non;75;Nouvelle-Aquitaine;33;Gironde;200035533;Communauté de communes du Grand Saint-Émilionnais;1;Oui;Non;Non;1;Non;33386;Saint-Cibard;Commune;213303860;33386;SAINT-CIBARD;Dépenses d'équipement;54810.14;0.0;0.0;54810.14;0.05481014;198;276.81888888888886;1;;;;;;;;2;;;2024;198
2024;Non;75;Nouvelle-Aquitaine;33;Gironde;200070092;Communauté d'agglomération du Libournais;3;Oui;Non;Non;1;Non;33387;Saint-Ciers-d'Abzac;Commune;213303878;33387;SAINT-CIERS-D'ABZAC;Dépenses d'équipement;341894.04;0.0;0.0;341894.04;0.34189403999999995;1538;222.29781534460338;1;;;;;;;;2;;;2024;1538
2024;Non;75;Nouvelle-Aquitaine;33;Gironde;200023794;Communauté de communes de Blaye;3;Oui;Non;Non;1;Non;33388;Saint-Ciers-de-Canesse;Commune;213303886;33388;SAINT-CIERS-DE-CANESSE;Dépenses d'équipement;137492.99;0.0;0.0;137492.99;0.13749298999999998;776;177.18168814432988;1;;;;;;;;2;;;2024;776
2024;Non;75;Nouvelle-Aquitaine;33;Gironde;243300811;Communauté de communes de l'Estuaire;4;Non;Non;Non;1;Non;33389;Saint-Ciers-sur-Gironde;Commune;213303894;33389;SAINT-CIERS-SUR-GIRONDE;Dépenses d'équipement;514230.44;19498.11;0.0;533728.55;0.5337285500000001;3123;170.9025136087096;1;;;;;;;;2;;;2024;3123
2024;Non;75;Nouvelle-Aquitaine;33;Gironde;243301454;Communauté de communes Castillon/Pujols;2;Oui;Non;Non;1;Non;33390;Sainte-Colombe;Commune;213303902;33390;SAINTE-COLOMBE;Dépenses d'équipement;25909.89;0.0;0.0;25909.89;0.025909889999999998;434;59.70020737327189;1;;;;;;;;2;;;2024;434
2024;Non;75;Nouvelle-Aquitaine;33;Gironde;200043982;Communauté de communes du Bazadais;2;Non;Non;Non;1;Non;33391;Saint-Côme;Commune;213303910;33391;SAINT-COME;Dépenses d'équipement;146960.55;0.0;0.0;146960.55;0.14696055;336;437.38258928571423;1;;;;;;;;2;;;2024;336
2024;Non;75;Nouvelle-Aquitaine;33;Gironde;200069581;Communauté de communes Convergence Garonne;3;Oui;Non;Non;1;Non;33392;Sainte-Croix-du-Mont;Commune;213303928;33392;SAINTE-CROIX-DU-MONT;Dépenses d'équipement;145315.73;74140.45;0.0;219456.18;0.21945618;861;254.88522648083622;1;;;;;;;;2;;;2024;861
2024;Non;75;Nouvelle-Aquitaine;33;Gironde;200070092;Communauté d'agglomération du Libournais;6;Non;Non;Non;1;Non;33393;Saint-Denis-de-Pile;Commune;213303936;33393;SAINT-DENIS-DE-PILE;Dépenses d'équipement;2366070.74;0.0;0.0;2366070.74;2.36607074;5889;401.7780166411955;1;;;;;;;;2;;;2024;5889
2024;Non;75;Nouvelle-Aquitaine;33;Gironde;200035533;Communauté de communes du Grand Saint-Émilionnais;3;Non;Non;Oui;3;Non;33394;Saint-Émilion;Commune;213303944;33394;SAINT-EMILION;Dépenses d'équipement;1114079.97;0.0;0.0;1114079.97;1.11407997;1817;613.1425261419923;1;;;;;;;;2;;;2024;1817
2024;Non;75;Nouvelle-Aquitaine;33;Gironde;200069995;Communauté de communes Médoc Cœur de Presqu'île;3;Oui;Non;Non;1;Non;33395;Saint-Estèphe;Commune;213303951;33395;SAINT-ESTEPHE;Dépenses d'équipement;184430.74;0.0;0.0;184430.74;0.18443073999999998;1654;111.50588875453445;1;;;;;;;;2;;;2024;1654
2024;Non;75;Nouvelle-Aquitaine;33;Gironde;200035533;Communauté de communes du Grand Saint-Émilionnais;1;Non;Non;Non;2;Non;33396;Saint-Étienne-de-Lisse;Commune;213303969;33396;SAINT-ETIENNE-DE-LISSE;Dépenses d'équipement;0.0;0.0;0.0;0.0;0.0;191;0.0;1;;;;;;;;2;;;2024;191
2024;Non;75;Nouvelle-Aquitaine;33;Gironde;243301249;Communauté de communes Les Rives de la Laurence;6;Non;Non;Non;2;Non;33397;Sainte-Eulalie;Commune;213303977;33397;SAINTE-EULALIE;Dépenses d'équipement;4407362.86;120000.0;0.0;4527362.86;4.52736286;5008;904.0261301916934;1;;;;;;;;2;;;2024;5008
2024;Non;75;Nouvelle-Aquitaine;33;Gironde;200044394;Communauté de communes du Réolais en Sud Gironde;1;Oui;Non;Non;1;Non;33398;Saint-Exupéry;Commune;213303985;33398;SAINT-EXUPERY;Dépenses d'équipement;27271.74;0.0;0.0;27271.74;0.027271740000000003;172;158.55662790697676;1;;;;;;;;2;;;2024;172
2024;Non;75;Nouvelle-Aquitaine;33;Gironde;200069599;Communauté de communes rurales de l'Entre-Deux-Mers;2;Oui;Non;Non;1;Non;33399;Saint-Félix-de-Foncaude;Commune;213303993;33399;SAINT-FELIX-DE-FONCAUDE;Dépenses d'équipement;16092.48;0.0;0.0;16092.48;0.01609248;297;54.18343434343434;1;;;;;;;;2;;;2024;297
2024;Non;75;Nouvelle-Aquitaine;33;Gironde;200069599;Communauté de communes rurales de l'Entre-Deux-Mers;2;Oui;Non;Non;2;Non;33400;Saint-Ferme;Commune;213304009;33400;SAINT-FERME;Dépenses d'équipement;4405.28;0.0;0.0;4405.28;0.00440528;343;12.84338192419825;1;;;;;;;;2;;;2024;343
2024;Non;75;Nouvelle-Aquitaine;33;Gironde;243301454;Communauté de communes Castillon/Pujols;1;Oui;Non;Non;1;Non;33401;Sainte-Florence;Commune;213304017;33401;SAINTE-FLORENCE;Dépenses d'équipement;222333.66;0.0;0.0;222333.66;0.22233366000000002;149;1492.1722147651008;1;;;;;;;;2;;;2024;149
2024;Non;75;Nouvelle-Aquitaine;33;Gironde;243301371;Communauté de communes du Pays Foyen;4;Non;Non;Non;0;Oui;33402;Sainte-Foy-la-Grande;Commune;213304025;33402;SAINTE-FOY-LA-GRANDE;Dépenses d'équipement;2662875.16;0.0;0.0;2662875.16;2.66287516;2626;1014.0423305407464;1;;;;;;;;2;;;2024;2626
2024;Non;75;Nouvelle-Aquitaine;33;Gironde;200044394;Communauté de communes du Réolais en Sud Gironde;1;Oui;Non;Oui;1;Non;33403;Sainte-Foy-la-Longue;Commune;213304033;33403;SAINTE-FOY-LA-LONGUE;Dépenses d'équipement;85587.87;0.0;0.0;85587.87;0.08558787;140;611.3419285714285;1;;;;;;;;2;;;2024;140
2024;Non;75;Nouvelle-Aquitaine;33;Gironde;200069599;Communauté de communes rurales de l'Entre-Deux-Mers;1;Oui;Non;Non;1;Non;33404;Sainte-Gemme;Commune;213304041;33404;SAINTE-GEMME;Dépenses d'équipement;23966.56;0.0;0.0;23966.56;0.02396656;198;121.04323232323233;1;;;;;;;;2;;;2024;198
2024;Non;75;Nouvelle-Aquitaine;33;Gironde;200023794;Communauté de communes de Blaye;3;Non;Non;Non;2;Non;33405;Saint-Genès-de-Blaye;Commune;213304058;33405;SAINT-GENES-DE-BLAYE;Dépenses d'équipement;222833.63;0.0;0.0;222833.63;0.22283363;510;436.9286862745098;1;;;;;;;;2;;;2024;510
2024;Non;75;Nouvelle-Aquitaine;33;Gironde;200035533;Communauté de communes du Grand Saint-Émilionnais;2;Oui;Non;Non;2;Non;33406;Saint-Genès-de-Castillon;Commune;213304066;33406;SAINT-GENES-DE-CASTILLON;Dépenses d'équipement;12656.25;0.0;0.0;12656.25;0.01265625;378;33.482142857142854;1;;;;;;;;2;;;2024;378
2024;Non;75;Nouvelle-Aquitaine;33;Gironde;243301397;Communauté de communes du Fronsadais;3;Oui;Non;Non;1;Non;33407;Saint-Genès-de-Fronsac;Commune;213304074;33407;SAINT-GENES-DE-FRONSAC;Dépenses d'équipement;87273.37;0.0;0.0;87273.37;0.08727336999999999;952;91.67370798319327;1;;;;;;;;2;;;2024;952
2024;Non;75;Nouvelle-Aquitaine;33;Gironde;243301215;Communauté de communes du Créonnais;2;Oui;Non;Non;5;Non;33408;Saint-Genès-de-Lombaud;Commune;213304082;33408;SAINT-GENES-DE-LOMBAUD;Dépenses d'équipement;166181.15;0.0;0.0;166181.15;0.16618115;401;414.41683291770573;1;;;;;;;;2;;;2024;401
2024;Non;75;Nouvelle-Aquitaine;33;Gironde;200069599;Communauté de communes rurales de l'Entre-Deux-Mers;0;Oui;Non;Oui;3;Non;33409;Saint-Genis-du-Bois;Commune;213304090;33409;SAINT-GENIS-DU-BOIS;Dépenses d'équipement;3060.0;0.0;0.0;3060.0;0.00306;87;35.172413793103445;1;;;;;;;;2;;;2024;87
2024;Non;75;Nouvelle-Aquitaine;33;Gironde;200043974;Communauté de communes du Sud Gironde;1;Oui;Non;Oui;2;Non;33411;Saint-Germain-de-Grave;Commune;213304116;33411;SAINT-GERMAIN-DE-GRAVE;Dépenses d'équipement;17414.9;0.0;0.0;17414.9;0.0174149;153;113.82287581699347;1;;;;;;;;2;;;2024;153
2024;Non;75;Nouvelle-Aquitaine;33;Gironde;200069995;Communauté de communes Médoc Cœur de Presqu'île;3;Oui;Non;Non;1;Non;33412;Saint-Germain-d'Esteuil;Commune;213304124;33412;SAINT-GERMAIN-D'ESTEUIL;Dépenses d'équipement;201921.18;0.0;0.0;201921.18;0.20192118;1329;151.93467268623024;1;;;;;;;;2;;;2024;1329
2024;Non;75;Nouvelle-Aquitaine;33;Gironde;200070092;Communauté d'agglomération du Libournais;4;Oui;Non;Non;2;Non;33413;Saint-Germain-du-Puch;Commune;213304132;33413;SAINT-GERMAIN-DU-PUCH;Dépenses d'équipement;390122.36;0.0;0.0;390122.36;0.39012236;2327;167.65034808766652;1;;;;;;;;2;;;2024;2327
2024;Non;75;Nouvelle-Aquitaine;33;Gironde;243301397;Communauté de communes du Fronsadais;2;Oui;Non;Non;1;Non;33414;Saint-Germain-de-la-Rivière;Commune;213304140;33414;SAINT-GERMAIN-LA-RIVIERE;Dépenses d'équipement;52209.39;0.0;0.0;52209.39;0.05220939;398;131.17937185929648;1;;;;;;;;2;;;2024;398
2024;Non;75;Nouvelle-Aquitaine;33;Gironde;243301223;Communauté de communes du Grand Cubzaguais;3;Non;Non;Non;2;Non;33415;Saint-Gervais;Commune;213304157;33415;SAINT-GERVAIS;Dépenses d'équipement;337953.02;0.0;0.0;337953.02;0.33795302;1968;171.7240955284553;1;;;;;;;;2;;;2024;1968
2024;Non;75;Nouvelle-Aquitaine;33;Gironde;200023794;Communauté de communes de Blaye;3;Oui;Non;Non;1;Non;33416;Saint-Girons-d'Aiguevives;Commune;213304165;33416;SAINT-GIRONS-D'AIGUEVIVES;Dépenses d'équipement;114916.21;0.0;0.0;114916.21;0.11491621;963;119.33147455867083;1;;;;;;;;2;;;2024;963
2024;Non;75;Nouvelle-Aquitaine;33;Gironde;243301389;Communauté de communes Médullienne;4;Non;Non;Non;2;Non;33417;Sainte-Hélène;Commune;213304173;33417;SAINTE-HELENE;Dépenses d'équipement;2464031.94;31576.51;0.0;2495608.45;2.49560845;3052;817.6960845347314;1;;;;;;;;2;;;2024;3052
2024;Non;75;Nouvelle-Aquitaine;33;Gironde;200044394;Communauté de communes du Réolais en Sud Gironde;2;Oui;Non;Non;1;Non;33418;Saint-Hilaire-de-la-Noaille;Commune;213304181;33418;SAINT-HILAIRE-DE-LA-NOAILLE;Dépenses d'équipement;30464.24;0.0;0.0;30464.24;0.03046424;384;79.33395833333334;1;;;;;;;;2;;;2024;384
2024;Non;75;Nouvelle-Aquitaine;33;Gironde;200069599;Communauté de communes rurales de l'Entre-Deux-Mers;0;Oui;Non;Non;1;Non;33419;Saint-Hilaire-du-Bois;Commune;213304199;33419;SAINT-HILAIRE-DU-BOIS;Dépenses d'équipement;61285.28;0.0;0.0;61285.28;0.06128528;81;756.6083950617284;1;;;;;;;;2;;;2024;81
2024;Non;75;Nouvelle-Aquitaine;33;Gironde;200035533;Communauté de communes du Grand Saint-Émilionnais;1;Non;Non;Non;2;Non;33420;Saint-Hippolyte;Commune;213304207;33420;SAINT-HIPPOLYTE;Dépenses d'équipement;17782.38;0.0;0.0;17782.38;0.01778238;132;134.715;1;;;;;;;;2;;;2024;132
2024;Non;75;Nouvelle-Aquitaine;33;Gironde;243301454;Communauté de communes Castillon/Pujols;2;Oui;Non;Non;2;Non;33421;Saint-Jean-de-Blaignac;Commune;213304215;33421;SAINT-JEAN-DE-BLAIGNAC;Dépenses d'équipement;390411.64;9084.96;0.0;399496.6;0.3994966;460;868.4708695652173;1;;;;;;;;2;;;2024;460
2024;Non;75;Nouvelle-Aquitaine;33;Gironde;243301165;Communauté de communes Jalle-Eau-Bourde;6;Non;Non;Non;2;Non;33422;Saint-Jean-d'Illac;Commune;213304223;33422;SAINT-JEAN-D'ILLAC;Dépenses d'équipement;3930994.8;0.0;0.0;3930994.8;3.9309947999999997;9479;414.70564405528006;1;;;;;;;;2;;;2024;9479
2024;Non;75;Nouvelle-Aquitaine;33;Gironde;200069995;Communauté de communes Médoc Cœur de Presqu'île;3;Oui;Non;Non;2;Non;33423;Saint-Julien-Beychevelle;Commune;213304231;33423;SAINT-JULIEN-DE-BEYCHEVELLE;Dépenses d'équipement;352062.45;5200.0;0.0;357262.45;0.35726245;616;579.9715097402598;1;;;;;;;;2;;;2024;616
2024;Non;75;Nouvelle-Aquitaine;33;Gironde;200069995;Communauté de communes Médoc Cœur de Presqu'île;6;Non;Non;Non;1;Non;33424;Saint-Laurent-Médoc;Commune;213304249;33424;SAINT-LAURENT-MEDOC;Dépenses d'équipement;621923.51;40606.8;0.0;662530.31;0.6625303100000001;5035;131.58496722939424;1;;;;;;;;2;;;2024;5035
2024;Non;75;Nouvelle-Aquitaine;33;Gironde;243301223;Communauté de communes du Grand Cubzaguais;3;Non;Non;Non;2;Non;33425;Saint-Laurent-d'Arce;Commune;213304256;33425;SAINT-LAURENT-D'ARCE;Dépenses d'équipement;239760.31;0.0;0.0;239760.31;0.23976031;1555;154.18669453376205;1;;;;;;;;2;;;2024;1555
2024;Non;75;Nouvelle-Aquitaine;33;Gironde;200035533;Communauté de communes du Grand Saint-Émilionnais;2;Non;Non;Non;4;Non;33426;Saint-Laurent-des-Combes;Commune;213304264;33426;SAINT-LAURENT-DES-COMBES;Dépenses d'équipement;4099.94;0.0;0.0;4099.94;0.00409994;241;17.01219917012448;1;;;;;;;;2;;;2024;241
2024;Non;75;Nouvelle-Aquitaine;33;Gironde;200069599;Communauté de communes rurales de l'Entre-Deux-Mers;2;Oui;Non;Oui;2;Non;33427;Saint-Laurent-du-Bois;Commune;213304272;33427;SAINT-LAURENT-DU-BOIS;Dépenses d'équipement;313127.3;0.0;0.0;313127.3;0.3131273;255;1227.9501960784314;1;;;;;;;;2;;;2024;255
2024;Non;75;Nouvelle-Aquitaine;33;Gironde;200044394;Communauté de communes du Réolais en Sud Gironde;0;Oui;Non;Oui;1;Non;33428;Saint-Laurent-du-Plan;Commune;213304280;33428;SAINT-LAURENT-DU-PLAN;Dépenses d'équipement;33368.88;0.0;0.0;33368.88;0.03336888;83;402.0346987951807;1;;;;;;;;2;;;2024;83
2024;Non;75;Nouvelle-Aquitaine;33;Gironde;200043974;Communauté de communes du Sud Gironde;2;Oui;Non;Non;1;Non;33429;Saint-Léger-de-Balson;Commune;213304298;33429;SAINT-LEGER-DE-BALSON;Dépenses d'équipement;46808.97;6645.6;0.0;53454.57;0.05345457;324;164.98324074074074;1;;;;;;;;2;;;2024;324
2024;Non;75;Nouvelle-Aquitaine;33;Gironde;243301215;Communauté de communes du Créonnais;2;Oui;Non;Non;4;Non;33431;Saint-Léon;Commune;213304314;33431;SAINT-LEON;Dépenses d'équipement;90613.23;0.0;0.0;90613.23;0.09061322999999999;321;282.2842056074766;1;;;;;;;;2;;;2024;321
2024;Non;75;Nouvelle-Aquitaine;33;Gironde;200043974;Communauté de communes du Sud Gironde;2;Non;Non;Non;1;Non;33432;Saint-Loubert;Commune;213304322;33432;SAINT-LOUBERT;Dépenses d'équipement;27144.73;0.0;0.0;27144.73;0.02714473;240;113.10304166666667;1;;;;;;;;2;;;2024;240
2024;Non;75;Nouvelle-Aquitaine;33;Gironde;243301249;Communauté de communes Les Rives de la Laurence;7;Non;Non;Non;2;Non;33433;Saint-Loubès;Commune;213304330;33433;SAINT-LOUBES;Dépenses d'équipement;2910043.31;57564.36;0.0;2967607.67;2.96760767;10113;293.44484030455845;1;;;;;;;;2;;;2024;10113
2024;Non;75;Nouvelle-Aquitaine;33;Gironde;243300316;Bordeaux Métropole;4;Non;Non;Non;1;Non;33434;Saint-Louis-de-Montferrand;Commune;213304348;33434;SAINT-LOUIS-DE-MONTFERRAND;Dépenses d'équipement;171752.66;0.0;0.0;171752.66;0.17175266;2160;79.51512037037037;1;;;;;;;;2;;;2024;2160
2024;Non;75;Nouvelle-Aquitaine;33;Gironde;200043974;Communauté de communes du Sud Gironde;4;Non;Non;Oui;1;Non;33435;Saint-Macaire;Commune;213304355;33435;SAINT-MACAIRE;Dépenses d'équipement;202102.22;0.0;0.0;202102.22;0.20210222;2123;95.19652378709374;1;;;;;;;;2;;;2024;2123
2024;Non;75;Nouvelle-Aquitaine;33;Gironde;243301405;Communauté de communes du Val de l'Eyre;3;Oui;Non;Non;1;Non;33436;Saint-Magne;Commune;213304363;33436;SAINT-MAGNE;Dépenses d'équipement;1152213.87;0.0;0.0;1152213.87;1.1522138700000002;1184;973.153606418919;1;;;;;;;;2;;;2024;1184
2024;Non;75;Nouvelle-Aquitaine;33;Gironde;243301454;Communauté de communes Castillon/Pujols;4;Non;Non;Non;1;Non;33437;Saint-Magne-de-Castillon;Commune;213304371;33437;SAINT-MAGNE-DE-CASTILLON;Dépenses d'équipement;729390.91;0.0;0.0;729390.91;0.72939091;2116;344.70269848771267;1;;;;;;;;2;;;2024;2116
2024;Non;75;Nouvelle-Aquitaine;33;Gironde;200043974;Communauté de communes du Sud Gironde;4;Non;Non;Oui;1;Non;33438;Saint-Maixant;Commune;213304389;33438;SAINT-MAIXANT;Dépenses d'équipement;372889.42;0.0;0.0;372889.42;0.37288941999999997;2085;178.84384652278177;1;;;;;;;;2;;;2024;2085
2024;Non;75;Nouvelle-Aquitaine;33;Gironde;243301181;Communauté de communes Latitude Nord Gironde;3;Non;Non;Non;1;Non;33439;Saint-Mariens;Commune;213304397;33439;SAINT-MARIENS;Dépenses d'équipement;117736.09;0.0;0.0;117736.09;0.11773609;1644;71.61562652068126;1;;;;;;;;2;;;2024;1644
2024;Non;75;Nouvelle-Aquitaine;33;Gironde;200043974;Communauté de communes du Sud Gironde;2;Oui;Non;Oui;1;Non;33440;Saint-Martial;Commune;213304405;33440;SAINT-MARTIAL;Dépenses d'équipement;77796.08;0.0;0.0;77796.08;0.07779608;240;324.1503333333333;1;;;;;;;;2;;;2024;240
2024;Non;75;Nouvelle-Aquitaine;33;Gironde;200023794;Communauté de communes de Blaye;3;Non;Non;Non;2;Non;33441;Saint-Martin-Lacaussade;Commune;213304413;33441;SAINT-MARTIN-LACAUSSADE;Dépenses d'équipement;143456.65;0.0;0.0;143456.65;0.14345665;1264;113.49418512658228;1;;;;;;;;2;;;2024;1264
2024;Non;75;Nouvelle-Aquitaine;33;Gironde;200070092;Communauté d'agglomération du Libournais;3;Oui;Non;Non;1;Non;33442;Saint-Martin-de-Laye;Commune;213304421;33442;SAINT-MARTIN-DE-LAYE;Dépenses d'équipement;26965.53;0.0;0.0;26965.53;0.026965529999999998;558;48.32532258064516;1;;;;;;;;2;;;2024;558
2024;Non;75;Nouvelle-Aquitaine;33;Gironde;200069599;Communauté de communes rurales de l'Entre-Deux-Mers;1;Oui;Non;Non;1;Non;33443;Saint-Martin-de-Lerm;Commune;213304439;33443;SAINT MARTIN DE LERM;Dépenses d'équipement;57755.26;0.0;0.0;57755.26;0.05775526;160;360.970375;1;;;;;;;;2;;;2024;160
2024;Non;75;Nouvelle-Aquitaine;33;Gironde;200044394;Communauté de communes du Réolais en Sud Gironde;3;Non;Non;Oui;2;Non;33444;Saint-Martin-de-Sescas;Commune;213304447;33444;SAINT-MARTIN-DE-SESCAS;Dépenses d'équipement;702651.22;0.0;0.0;702651.22;0.70265122;578;1215.6595501730103;1;;;;;;;;2;;;2024;578
2024;Non;75;Nouvelle-Aquitaine;33;Gironde;200070092;Communauté d'agglomération du Libournais;3;Oui;Non;Non;2;Non;33445;Saint-Martin-du-Bois;Commune;213304454;33445;SAINT-MARTIN-DU-BOIS;Dépenses d'équipement;214710.33;0.0;0.0;214710.33;0.21471032999999998;848;253.19614386792452;1;;;;;;;;2;;;2024;848
2024;Non;75;Nouvelle-Aquitaine;33;Gironde;200069599;Communauté de communes rurales de l'Entre-Deux-Mers;1;Oui;Non;Non;2;Non;33446;Saint-Martin-du-Puy;Commune;213304462;33446;SAINT-MARTIN-DU-PUY;Dépenses d'équipement;162317.02;0.0;0.0;162317.02;0.16231701999999998;162;1001.9569135802468;1;;;;;;;;2;;;2024;162
2024;Non;75;Nouvelle-Aquitaine;33;Gironde;200070092;Communauté d'agglomération du Libournais;4;Non;Non;Non;1;Non;33447;Saint-Médard-de-Guizières;Commune;213304470;33447;SAINT-MEDARD-DE-GUIZIERES;Dépenses d'équipement;975908.18;0.0;0.0;975908.18;0.97590818;2407;405.4458579144163;1;;;;;;;;2;;;2024;2407
2024;Non;75;Nouvelle-Aquitaine;33;Gironde;243301264;Communauté de communes de Montesquieu;4;Non;Non;Non;2;Non;33448;Saint-Médard-d'Eyrans;Commune;213304488;33448;SAINT-MEDARD-D'EYRANS;Dépenses d'équipement;625935.57;0.0;0.0;625935.57;0.62593557;3305;189.3904901664145;1;;;;;;;;2;;;2024;3305
2024;Non;75;Nouvelle-Aquitaine;33;Gironde;243300316;Bordeaux Métropole;8;Non;Non;Non;2;Non;33449;Saint-Médard-en-Jalles;Commune;213304496;33449;SAINT-MEDARD-EN-JALLES;Dépenses d'équipement;9264702.03;137433.37;0.0;9402135.4;9.4021354;33062;284.37890629725973;1;;;;;;;;2;;;2024;33062
2024;Non;75;Nouvelle-Aquitaine;33;Gironde;200043982;Communauté de communes du Bazadais;2;Oui;Non;Non;1;Non;33450;Saint-Michel-de-Castelnau;Commune;213304504;33450;SAINT-MICHEL-DE-CASTELNAU;Dépenses d'équipement;40444.34;0.0;0.0;40444.34;0.040444339999999995;247;163.74226720647772;1;;;;;;;;2;;;2024;247
2024;Non;75;Nouvelle-Aquitaine;33;Gironde;243301397;Communauté de communes du Fronsadais;3;Oui;Non;Non;2;Non;33451;Saint-Michel-de-Fronsac;Commune;213304512;33451;SAINT-MICHEL-DE-FRONSAC;Dépenses d'équipement;22217.07;0.0;0.0;22217.07;0.02221707;535;41.52723364485981;1;;;;;;;;2;;;2024;535
2024;Non;75;Nouvelle-Aquitaine;33;Gironde;200069581;Communauté de communes Convergence Garonne;3;Oui;Non;Non;1;Non;33452;Saint-Michel-de-Rieufret;Commune;213304520;33452;SAINT-MICHEL-DE-RIEUFRET;Dépenses d'équipement;411500.09;0.0;0.0;411500.09;0.41150009000000004;898;458.2406347438753;1;;;;;;;;2;;;2024;898
2024;Non;75;Nouvelle-Aquitaine;33;Gironde;200044394;Communauté de communes du Réolais en Sud Gironde;2;Oui;Non;Non;1;Non;33453;Saint-Michel-de-Lapujade;Commune;213304538;33453;SAINT-MICHEL-DE-LAPUJADE;Dépenses d'équipement;264502.77;0.0;0.0;264502.77;0.26450277;220;1202.2853181818182;1;;;;;;;;2;;;2024;220
2024;Non;75;Nouvelle-Aquitaine;33;Gironde;243301264;Communauté de communes de Montesquieu;3;Oui;Non;Non;3;Non;33454;Saint-Morillon;Commune;213304546;33454;SAINT-MORILLON;Dépenses d'équipement;278388.52;0.0;0.0;278388.52;0.27838852000000003;1829;152.20804811372335;1;;;;;;;;2;;;2024;1829
2024;Non;75;Nouvelle-Aquitaine;33;Gironde;243300811;Communauté de communes de l'Estuaire;2;Oui;Non;Non;1;Non;33456;Saint-Palais;Commune;213304561;33456;SAINT-PALAIS;Dépenses d'équipement;101883.37;0.0;0.0;101883.37;0.10188337;499;204.1750901803607;1;;;;;;;;2;;;2024;499
2024;Non;75;Nouvelle-Aquitaine;33;Gironde;200043974;Communauté de communes du Sud Gironde;3;Non;Non;Non;2;Non;33457;Saint-Pardon-de-Conques;Commune;213304579;33457;SAINT-PARDON-DE-CONQUES;Dépenses d'équipement;149546.44;0.0;0.0;149546.44;0.14954644;630;237.37530158730158;1;;;;;;;;2;;;2024;630
2024;Non;75;Nouvelle-Aquitaine;33;Gironde;200023794;Communauté de communes de Blaye;3;Non;Non;Non;1;Non;33458;Saint-Paul;Commune;213304587;33458;SAINT-PAUL-DE-BLAYE;Dépenses d'équipement;290966.48;0.0;0.0;290966.48;0.29096647999999997;1041;279.50670509125837;1;;;;;;;;2;;;2024;1041
2024;Non;75;Nouvelle-Aquitaine;33;Gironde;200035533;Communauté de communes du Grand Saint-Émilionnais;1;Oui;Non;Non;2;Non;33459;Saint-Pey-d'Armens;Commune;213304595;33459;SAINT-PEY-D'ARMENS;Dépenses d'équipement;697.89;0.0;0.0;697.89;0.00069789;185;3.772378378378378;1;;;;;;;;2;;;2024;185
2024;Non;75;Nouvelle-Aquitaine;33;Gironde;243301454;Communauté de communes Castillon/Pujols;3;Oui;Non;Non;2;Non;33460;Saint-Pey-de-Castets;Commune;213304603;33460;SAINT-PEY-DE-CASTETS;Dépenses d'équipement;95339.67;0.0;0.0;95339.67;0.09533967;608;156.8086677631579;1;;;;;;;;2;;;2024;608
2024;Non;75;Nouvelle-Aquitaine;33;Gironde;200035533;Communauté de communes du Grand Saint-Émilionnais;2;Oui;Non;Non;1;Non;33461;Saint-Philippe-d'Aiguille;Commune;213304611;33461;SAINT-PHILIPPE-D'AIGUILLE;Dépenses d'équipement;243763.87;0.0;0.0;243763.87;0.24376387;387;629.8808010335918;1;;;;;;;;2;;;2024;387
2024;Non;75;Nouvelle-Aquitaine;33;Gironde;243301371;Communauté de communes du Pays Foyen;3;Non;Non;Non;2;Non;33462;Saint-Philippe-du-Seignal;Commune;213304629;33462;SAINT-PHILIPPE-DU-SEIGNAL;Dépenses d'équipement;281889.46;0.0;0.0;281889.46;0.28188946000000004;510;552.724431372549;1;;;;;;;;2;;;2024;510
2024;Non;75;Nouvelle-Aquitaine;33;Gironde;200044394;Communauté de communes du Réolais en Sud Gironde;3;Non;Non;Oui;1;Non;33463;Saint-Pierre-d'Aurillac;Commune;213304637;33463;SAINT-PIERRE-D'AURILLAC;Dépenses d'équipement;163537.72;28339.0;0.0;191876.72;0.19187672;1330;144.26821052631578;1;;;;;;;;2;;;2024;1330
2024;Non;75;Nouvelle-Aquitaine;33;Gironde;200069599;Communauté de communes rurales de l'Entre-Deux-Mers;2;Oui;Non;Oui;2;Non;33464;Saint-Pierre-de-Bat;Commune;213304645;33464;SAINT-PIERRE-DE-BAT;Dépenses d'équipement;76410.41;0.0;0.0;76410.41;0.07641041;292;261.6794863013699;1;;;;;;;;2;;;2024;292
2024;Non;75;Nouvelle-Aquitaine;33;Gironde;200043974;Communauté de communes du Sud Gironde;3;Non;Non;Non;2;Non;33465;Saint-Pierre-de-Mons;Commune;213304652;33465;SAINT-PIERRE-DE-MONS;Dépenses d'équipement;154001.01;15057.5;0.0;169058.51;0.16905851000000002;1259;134.27999205718825;1;;;;;;;;2;;;2024;1259
2024;Non;75;Nouvelle-Aquitaine;33;Gironde;200070092;Communauté d'agglomération du Libournais;4;Non;Non;Non;1;Non;33466;Saint-Quentin-de-Baron;Commune;213304660;33466;SAINT-QUENTIN-DE-BARON;Dépenses d'équipement;175724.84;0.0;0.0;175724.84;0.17572484;2708;64.89100443131463;1;;;;;;;;2;;;2024;2708
2024;Non;75;Nouvelle-Aquitaine;33;Gironde;243301371;Communauté de communes du Pays Foyen;2;Oui;Non;Non;2;Non;33467;Saint-Quentin-de-Caplong;Commune;213304678;33467;SAINT-QUENTIN-DE-CAPLONG;Dépenses d'équipement;52337.16;0.0;0.0;52337.16;0.05233716;250;209.34864000000002;1;;;;;;;;2;;;2024;250
2024;Non;75;Nouvelle-Aquitaine;33;Gironde;243301454;Communauté de communes Castillon/Pujols;2;Oui;Non;Non;1;Non;33468;Sainte-Radegonde;Commune;213304686;33468;SAINTE-RADEGONDE;Dépenses d'équipement;46451.33;0.0;0.0;46451.33;0.04645133;438;106.05326484018265;1;;;;;;;;2;;;2024;438
2024;Non;75;Nouvelle-Aquitaine;33;Gironde;243301397;Communauté de communes du Fronsadais;3;Non;Non;Non;2;Non;33470;Saint-Romain-la-Virvée;Commune;213304702;33470;SAINT-ROMAIN-LA-VIRVEE;Dépenses d'équipement;70452.94;0.0;0.0;70452.94;0.07045294;938;75.10974413646056;1;;;;;;;;2;;;2024;938
2024;Non;75;Nouvelle-Aquitaine;33;Gironde;200069995;Communauté de communes Médoc Cœur de Presqu'île;3;Oui;Non;Non;2;Non;33471;Saint-Sauveur;Commune;213304710;33471;SAINT-SAUVEUR;Dépenses d'équipement;870079.98;0.0;0.0;870079.98;0.87007998;1286;676.5785225505443;1;;;;;;;;2;;;2024;1286
2024;Non;75;Nouvelle-Aquitaine;33;Gironde;200070092;Communauté d'agglomération du Libournais;2;Oui;Non;Non;1;Non;33472;Saint-Sauveur-de-Puynormand;Commune;213304728;33472;SAINT-SAUVEUR-DE-PUYNORMAND;Dépenses d'équipement;82821.86;0.0;0.0;82821.86;0.08282186;372;222.63940860215055;1;;;;;;;;2;;;2024;372
2024;Non;75;Nouvelle-Aquitaine;33;Gironde;243301181;Communauté de communes Latitude Nord Gironde;4;Non;Non;Non;1;Non;33473;Saint-Savin;Commune;213304736;33473;SAINT-SAVIN;Dépenses d'équipement;1887132.48;165589.47;0.0;2052721.95;2.05272195;3384;606.5963209219858;1;;;;;;;;2;;;2024;3384
2024;Non;75;Nouvelle-Aquitaine;33;Gironde;243301264;Communauté de communes de Montesquieu;5;Oui;Non;Non;2;Non;33474;Saint-Selve;Commune;213304744;33474;SAINT-SELVE;Dépenses d'équipement;2685519.57;0.0;0.0;2685519.57;2.68551957;3628;740.2203886438808;1;;;;;;;;2;;;2024;3628
2024;Non;75;Nouvelle-Aquitaine;33;Gironde;200023794;Communauté de communes de Blaye;2;Non;Non;Non;1;Non;33475;Saint-Seurin-de-Bourg;Commune;213304751;33475;SAINT-SEURIN-DE-BOURG;Dépenses d'équipement;32376.42;0.0;0.0;32376.42;0.032376419999999996;418;77.45555023923444;1;;;;;;;;2;;;2024;418
2024;Non;75;Nouvelle-Aquitaine;33;Gironde;200069995;Communauté de communes Médoc Cœur de Presqu'île;3;Oui;Non;Non;1;Non;33476;Saint-Seurin-de-Cadourne;Commune;213304769;33476;SAINT-SEURIN-DE-CADOURNE;Dépenses d'équipement;789756.8;1585.6;0.0;791342.4;0.7913424;708;1117.7152542372883;1;;;;;;;;2;;;2024;708
2024;Non;75;Nouvelle-Aquitaine;33;Gironde;243300811;Communauté de communes de l'Estuaire;3;Non;Non;Non;2;Non;33477;Saint-Seurin-de-Cursac;Commune;213304777;33477;SAINT-SEURIN-DE-CURSAC;Dépenses d'équipement;113267.63;36906.0;0.0;150173.63;0.15017363;783;191.79263090676884;1;;;;;;;;2;;;2024;783
2024;Non;75;Nouvelle-Aquitaine;33;Gironde;200070092;Communauté d'agglomération du Libournais;4;Non;Non;Non;1;Non;33478;Saint-Seurin-sur-l'Isle;Commune;213304785;33478;SAINT-SEURIN-SUR-L'ISLE;Dépenses d'équipement;342522.83;0.0;0.0;342522.83;0.34252283;3175;107.88120629921261;1;;;;;;;;2;;;2024;3175
2024;Non;75;Nouvelle-Aquitaine;33;Gironde;200044394;Communauté de communes du Réolais en Sud Gironde;2;Oui;Non;Non;2;Non;33479;Saint-Sève;Commune;213304793;33479;SAINT-SEVE;Dépenses d'équipement;45006.22;0.0;0.0;45006.22;0.04500622;252;178.59611111111113;1;;;;;;;;2;;;2024;252
2024;Non;75;Nouvelle-Aquitaine;33;Gironde;200035533;Communauté de communes du Grand Saint-Émilionnais;3;Non;Non;Non;2;Non;33480;Saint-Sulpice-de-Faleyrens;Commune;213304801;33480;SAINT-SULPICE-DE-FALEYRENS;Dépenses d'équipement;938517.65;0.0;0.0;938517.65;0.93851765;1346;697.2642273402674;1;;;;;;;;2;;;2024;1346
2024;Non;75;Nouvelle-Aquitaine;33;Gironde;200069599;Communauté de communes rurales de l'Entre-Deux-Mers;2;Oui;Non;Non;1;Non;33481;Saint-Sulpice-de-Guilleragues;Commune;213304819;33481;SAINT-SULPICE-DE-GUILLERAGUES;Dépenses d'équipement;35576.16;0.0;0.0;35576.16;0.03557616;236;150.74644067796612;1;;;;;;;;2;;;2024;236
2024;Non;75;Nouvelle-Aquitaine;33;Gironde;200069599;Communauté de communes rurales de l'Entre-Deux-Mers;2;Oui;Non;Non;1;Non;33482;Saint-Sulpice-de-Pommiers;Commune;213304827;33482;SAINT-SULPICE-DE-POMMIERS;Dépenses d'équipement;22699.65;0.0;0.0;22699.65;0.022699650000000002;266;85.33703007518798;1;;;;;;;;2;;;2024;266
2024;Non;75;Nouvelle-Aquitaine;33;Gironde;243301249;Communauté de communes Les Rives de la Laurence;5;Non;Non;Non;3;Non;33483;Saint-Sulpice-et-Cameyrac;Commune;213304835;33483;SAINT-SULPICE-ET-CAMEYRAC;Dépenses d'équipement;2952925.53;0.0;0.0;2952925.53;2.95292553;4945;597.1537977755308;1;;;;;;;;2;;;2024;4945
2024;Non;75;Nouvelle-Aquitaine;33;Gironde;200043974;Communauté de communes du Sud Gironde;3;Oui;Non;Non;1;Non;33484;Saint-Symphorien;Commune;213304843;33484;SAINT-SYMPHORIEN;Dépenses d'équipement;1163249.04;46772.49;0.0;1210021.53;1.2100215300000001;1855;652.3027115902966;1;;;;;;;;2;;;2024;1855
2024;Non;75;Nouvelle-Aquitaine;33;Gironde;200035533;Communauté de communes du Grand Saint-Émilionnais;3;Oui;Non;Non;1;Non;33485;Sainte-Terre;Commune;213304850;33485;SAINTE-TERRE;Dépenses d'équipement;941411.59;0.0;0.0;941411.59;0.94141159;1929;488.0308916537066;1;;;;;;;;2;;;2024;1929
2024;Non;75;Nouvelle-Aquitaine;33;Gironde;243301223;Communauté de communes du Grand Cubzaguais;2;Oui;Non;Non;1;Non;33486;Saint-Trojan;Commune;213304868;33486;SAINT-TROJAN;Dépenses d'équipement;35593.51;0.0;0.0;35593.51;0.03559351;374;95.1698128342246;1;;;;;;;;2;;;2024;374
2024;Non;75;Nouvelle-Aquitaine;33;Gironde;243300316;Bordeaux Métropole;3;Non;Non;Non;1;Non;33487;Saint-Vincent-de-Paul;Commune;213304876;33487;SAINT-VINCENT-DE-PAUL;Dépenses d'équipement;413456.24;39371.72;0.0;452827.96;0.45282796000000003;1004;451.02386454183267;1;;;;;;;;2;;;2024;1004
2024;Non;75;Nouvelle-Aquitaine;33;Gironde;243301454;Communauté de communes Castillon/Pujols;2;Oui;Non;Non;2;Non;33488;Saint-Vincent-de-Pertignas;Commune;213304884;33488;SAINT-VINCENT-DE-PERTIGNAS;Dépenses d'équipement;294676.83;0.0;0.0;294676.83;0.29467683;351;839.5351282051282;1;;;;;;;;2;;;2024;351
2024;Non;75;Nouvelle-Aquitaine;33;Gironde;243301181;Communauté de communes Latitude Nord Gironde;2;Oui;Non;Non;2;Non;33489;Saint-Vivien-de-Blaye;Commune;213304892;33489;SAINT-VIVIEN-DE-BLAYE;Dépenses d'équipement;24072.09;0.0;0.0;24072.09;0.02407209;372;64.7099193548387;1;;;;;;;;2;;;2024;372
2024;Non;75;Nouvelle-Aquitaine;33;Gironde;200070720;Communauté de communes Médoc Atlantique;3;Non;Non;Non;2;Non;33490;Saint-Vivien-de-Médoc;Commune;213304900;33490;SAINT-VIVIEN-MEDOC;Dépenses d'équipement;515090.86;23773.55;0.0;538864.41;0.5388644100000001;1821;295.91675453047776;1;;;;;;;;2;;;2024;1821
2024;Non;75;Nouvelle-Aquitaine;33;Gironde;200044394;Communauté de communes du Réolais en Sud Gironde;2;Oui;Non;Non;1;Non;33491;Saint-Vivien-de-Monségur;Commune;213304918;33491;SAINT-VIVIEN-DE-MONSEGUR;Dépenses d'équipement;170041.31;0.0;0.0;170041.31;0.17004131;403;421.93873449131513;1;;;;;;;;2;;;2024;403
2024;Non;75;Nouvelle-Aquitaine;33;Gironde;243301181;Communauté de communes Latitude Nord Gironde;4;Non;Non;Non;1;Non;33492;Saint-Yzan-de-Soudiac;Commune;213304926;33492;SAINT-YZAN-DE-SOUDIAC;Dépenses d'équipement;228490.5;49266.6;0.0;277757.1;0.2777571;2557;108.6261634728197;1;;;;;;;;2;;;2024;2557
2024;Non;75;Nouvelle-Aquitaine;33;Gironde;200069995;Communauté de communes Médoc Cœur de Presqu'île;2;Oui;Non;Non;1;Non;33493;Saint-Yzans-de-Médoc;Commune;213304934;33493;SAINT-YZANS-DE-MEDOC;Dépenses d'équipement;110696.44;0.0;0.0;110696.44;0.11069644000000001;369;299.990352303523;1;;;;;;;;2;;;2024;369
2024;Non;75;Nouvelle-Aquitaine;33;Gironde;243301389;Communauté de communes Médullienne;3;Oui;Non;Non;2;Non;33494;Salaunes;Commune;213304942;33494;SALAUNES;Dépenses d'équipement;872998.57;0.0;0.0;872998.57;0.8729985699999999;1240;704.0311048387097;1;;;;;;;;2;;;2024;1240
2024;Non;75;Nouvelle-Aquitaine;33;Gironde;243301355;Communauté de communes Les Coteaux Bordelais;4;Non;Non;Non;2;Non;33496;Sallebœuf;Commune;213304967;33496;SALLEBOEUF;Dépenses d'équipement;726907.92;124680.3;0.0;851588.22;0.85158822;2769;307.5435969664139;1;;;;;;;;2;;;2024;2769
2024;Non;75;Nouvelle-Aquitaine;33;Gironde;243301405;Communauté de communes du Val de l'Eyre;6;Non;Non;Non;2;Non;33498;Salles;Commune;213304983;33498;SALLES;Dépenses d'équipement;2524527.06;0.0;0.0;2524527.06;2.52452706;8011;315.1325752090875;1;;;;;;;;2;;;2024;8011
2024;Non;75;Nouvelle-Aquitaine;33;Gironde;243301454;Communauté de communes Castillon/Pujols;2;Oui;Non;Non;1;Non;33499;Les Salles-de-Castillon;Commune;213304991;33499;LES SALLES- DE- CASTILLON;Dépenses d'équipement;118123.64;0.0;0.0;118123.64;0.11812364;331;356.86900302114805;1;;;;;;;;2;;;2024;331
2024;Non;75;Nouvelle-Aquitaine;33;Gironde;200023794;Communauté de communes de Blaye;2;Non;Non;Non;1;Non;33500;Samonac;Commune;213305006;33500;SAMONAC;Dépenses d'équipement;31671.26;0.0;0.0;31671.26;0.03167126;461;68.70121475054229;1;;;;;;;;2;;;2024;461
2024;Non;75;Nouvelle-Aquitaine;33;Gironde;243301264;Communauté de communes de Montesquieu;4;Non;Non;Non;2;Non;33501;Saucats;Commune;213305014;33501;SAUCATS;Dépenses d'équipement;2138226.92;520534.62;0.0;2658761.54;2.65876154;3447;771.3262373078039;1;;;;;;;;2;;;2024;3447
2024;Non;75;Nouvelle-Aquitaine;33;Gironde;200023794;Communauté de communes de Blaye;3;Oui;Non;Non;1;Non;33502;Saugon;Commune;213305022;33502;SAUGON;Dépenses d'équipement;156776.78;0.0;0.0;156776.78;0.15677678;505;310.4490693069307;1;;;;;;;;2;;;2024;505
2024;Non;75;Nouvelle-Aquitaine;33;Gironde;243301389;Communauté de communes Médullienne;3;Oui;Non;Non;2;Non;33503;Saumos;Commune;213305030;33503;SAUMOS;Dépenses d'équipement;144244.2;37696.88;0.0;181941.08;0.18194107999999998;556;327.2321582733813;1;;;;;;;;2;;;2024;556
2024;Non;75;Nouvelle-Aquitaine;33;Gironde;200043974;Communauté de communes du Sud Gironde;3;Oui;Non;Non;1;Non;33504;Sauternes;Commune;213305048;33504;SAUTERNES;Dépenses d'équipement;210212.32;179.83;0.0;210392.15;0.21039215;848;248.1039504716981;1;;;;;;;;2;;;2024;848
2024;Non;75;Nouvelle-Aquitaine;33;Gironde;243301215;Communauté de communes du Créonnais;3;Oui;Non;Non;1;Non;33505;La Sauve;Commune;213305055;33505;LA SAUVE MAJEURE;Dépenses d'équipement;925075.9;0.0;0.0;925075.9;0.9250759000000001;1639;564.4148261134839;1;;;;;;;;2;;;2024;1639
2024;Non;75;Nouvelle-Aquitaine;33;Gironde;200069599;Communauté de communes rurales de l'Entre-Deux-Mers;3;Oui;Non;Non;1;Non;33506;Sauveterre-de-Guyenne;Commune;213305063;33506;SAUVETERRE-DE-GUYENNE;Dépenses d'équipement;381429.87;964441.04;0.0;1345870.91;1.34587091;1888;712.8553548728813;1;;;;;;;;2;;;2024;1888
2024;Non;75;Nouvelle-Aquitaine;33;Gironde;200043982;Communauté de communes du Bazadais;2;Oui;Non;Non;2;Non;33507;Sauviac;Commune;213305071;33507;SAUVIAC;Dépenses d'équipement;323572.55;0.0;0.0;323572.55;0.32357255;335;965.8882089552238;1;;;;;;;;2;;;2024;335
2024;Non;75;Nouvelle-Aquitaine;33;Gironde;200044394;Communauté de communes du Réolais en Sud Gironde;3;Oui;Non;Non;1;Non;33508;Savignac;Commune;213305089;33508;SAVIGNAC;Dépenses d'équipement;112793.68;0.0;0.0;112793.68;0.11279368;655;172.20409160305343;1;;;;;;;;2;;;2024;655
2024;Non;75;Nouvelle-Aquitaine;33;Gironde;200070092;Communauté d'agglomération du Libournais;3;Oui;Non;Non;1;Non;33509;Savignac-de-l'Isle;Commune;213305097;33509;SAVIGNAC-DE-L'ISLE;Dépenses d'équipement;16187.4;0.0;0.0;16187.4;0.0161874;570;28.39894736842105;1;;;;;;;;2;;;2024;570
2024;Non;75;Nouvelle-Aquitaine;33;Gironde;200043974;Communauté de communes du Sud Gironde;2;Oui;Non;Oui;1;Non;33510;Semens;Commune;213305105;33510;SEMENS;Dépenses d'équipement;20317.8;0.0;0.0;20317.8;0.0203178;225;90.30133333333333;1;;;;;;;;2;;;2024;225
2024;Non;75;Nouvelle-Aquitaine;33;Gironde;200043982;Communauté de communes du Bazadais;2;Oui;Non;Non;1;Non;33511;Sendets;Commune;213305113;33511;SENDETS;Dépenses d'équipement;31048.01;0.0;0.0;31048.01;0.031048009999999997;350;88.70859999999999;1;;;;;;;;2;;;2024;350
2024;Non;75;Nouvelle-Aquitaine;33;Gironde;200043982;Communauté de communes du Bazadais;2;Oui;Non;Non;1;Non;33512;Sigalens;Commune;213305121;33512;SIGALENS;Dépenses d'équipement;57760.92;0.0;0.0;57760.92;0.05776092;354;163.1664406779661;1;;;;;;;;2;;;2024;354
2024;Non;75;Nouvelle-Aquitaine;33;Gironde;200043982;Communauté de communes du Bazadais;1;Oui;Non;Non;3;Non;33513;Sillas;Commune;213305139;33513;SILLAS;Dépenses d'équipement;19536.28;0.0;0.0;19536.28;0.01953628;120;162.80233333333334;1;;;;;;;;2;;;2024;120
2024;Non;75;Nouvelle-Aquitaine;33;Gironde;200070720;Communauté de communes Médoc Atlantique;4;Non;Non;Oui;2;Non;33514;Soulac-sur-Mer;Commune;213305147;33514;SOULAC-SUR-MER;Dépenses d'équipement;3000614.97;1502399.8;0.0;4503014.77;4.503014769999999;2955;1523.862866328257;1;;;;;;;;2;;;2024;2955
2024;Non;75;Nouvelle-Aquitaine;33;Gironde;200069599;Communauté de communes rurales de l'Entre-Deux-Mers;2;Oui;Non;Oui;1;Non;33515;Soulignac;Commune;213305154;33515;SOULIGNAC;Dépenses d'équipement;73583.68;0.0;0.0;73583.68;0.07358368;423;173.95669030732859;1;;;;;;;;2;;;2024;423
2024;Non;75;Nouvelle-Aquitaine;33;Gironde;200069599;Communauté de communes rurales de l'Entre-Deux-Mers;1;Oui;Non;Non;1;Non;33516;Soussac;Commune;213305162;33516;SOUSSAC;Dépenses d'équipement;10884.63;0.0;0.0;10884.63;0.01088463;192;56.69078124999999;1;;;;;;;;2;;;2024;192
2024;Non;75;Nouvelle-Aquitaine;33;Gironde;243301447;Communauté de communes Médoc Estuaire;3;Non;Non;Non;2;Non;33517;Soussans;Commune;213305170;33517;SOUSSANS;Dépenses d'équipement;351600.15;0.0;0.0;351600.15;0.35160015;1716;204.89519230769233;1;;;;;;;;2;;;2024;1716
2024;Non;75;Nouvelle-Aquitaine;33;Gironde;243301439;Communauté de communes des Portes de l'Entre-Deux-Mers;3;Non;Non;Non;2;Non;33518;Tabanac;Commune;213305188;33518;TABANAC;Dépenses d'équipement;585172.48;0.0;0.0;585172.48;0.58517248;1107;528.6110930442637;1;;;;;;;;2;;;2024;1107
2024;Non;75;Nouvelle-Aquitaine;33;Gironde;243300316;Bordeaux Métropole;7;Non;Non;Non;2;Non;33519;Le Taillan-Médoc;Commune;213305196;33519;LE TAILLAN-MEDOC;Dépenses d'équipement;4846398.34;0.0;0.0;4846398.34;4.8463983399999995;10882;445.3591564050726;1;;;;;;;;2;;;2024;10882
2024;Non;75;Nouvelle-Aquitaine;33;Gironde;200069599;Communauté de communes rurales de l'Entre-Deux-Mers;2;Oui;Non;Non;1;Non;33520;Taillecavat;Commune;213305204;33520;TAILLECAVAT;Dépenses d'équipement;660.44;0.0;0.0;660.44;0.0006604400000000001;274;2.4103649635036497;1;;;;;;;;2;;;2024;274
2024;Non;75;Nouvelle-Aquitaine;33;Gironde;200070720;Communauté de communes Médoc Atlantique;3;Oui;Non;Non;1;Non;33521;Talais;Commune;213305212;33521;TALAIS;Dépenses d'équipement;294193.88;79103.04;0.0;373296.92;0.37329692;773;482.9196895213454;1;;;;;;;;2;;;2024;773
2024;Non;75;Nouvelle-Aquitaine;33;Gironde;243300316;Bordeaux Métropole;8;Non;Non;Non;2;Oui;33522;Talence;Commune;213305220;33522;TALENCE;Dépenses d'équipement;8612132.25;0.0;0.0;8612132.25;8.61213225;46278;186.09560158174511;1;;;;;;;;2;;;2024;46278
2024;Non;75;Nouvelle-Aquitaine;33;Gironde;200069599;Communauté de communes rurales de l'Entre-Deux-Mers;4;Oui;Non;Oui;1;Non;33523;Targon;Commune;213305238;33523;TARGON;Dépenses d'équipement;187579.84;0.0;0.0;187579.84;0.18757984;2069;90.66207829869502;1;;;;;;;;2;;;2024;2069
2024;Non;75;Nouvelle-Aquitaine;33;Gironde;243301397;Communauté de communes du Fronsadais;2;Non;Non;Non;1;Non;33524;Tarnès;Commune;213305246;33524;TARNES;Dépenses d'équipement;62879.13;0.0;0.0;62879.13;0.06287912999999999;314;200.25200636942674;1;;;;;;;;2;;;2024;314
2024;Non;75;Nouvelle-Aquitaine;33;Gironde;243301223;Communauté de communes du Grand Cubzaguais;3;Oui;Non;Non;1;Non;33525;Tauriac;Commune;213305253;33525;TAURIAC;Dépenses d'équipement;251344.6;0.0;0.0;251344.6;0.25134460000000003;1348;186.45741839762613;1;;;;;;;;2;;;2024;1348
2024;Non;75;Nouvelle-Aquitaine;33;Gironde;200035533;Communauté de communes du Grand Saint-Émilionnais;1;Oui;Non;Non;2;Non;33526;Tayac;Commune;213305261;33526;TAYAC;Dépenses d'équipement;31412.41;0.0;0.0;31412.41;0.03141241;130;241.63392307692308;1;;;;;;;;2;;;2024;130
2024;Non;75;Nouvelle-Aquitaine;33;Gironde;243300563;Communauté d'agglomération Bassin d'Arcachon Sud (COBAS);6;Non;Non;Non;2;Non;33527;Le Teich;Commune;213305279;33527;LE TEICH;Dépenses d'équipement;2567700.64;0.0;0.0;2567700.64;2.56770064;9197;279.188935522453;1;;;;;;;;2;;;2024;9197
2024;Non;75;Nouvelle-Aquitaine;33;Gironde;243301389;Communauté de communes Médullienne;3;Oui;Non;Non;2;Non;33528;Le Temple;Commune;213305287;33528;LE TEMPLE;Dépenses d'équipement;30897.05;0.0;0.0;30897.05;0.03089705;651;47.460906298003074;1;;;;;;;;2;;;2024;651
2024;Non;75;Nouvelle-Aquitaine;33;Gironde;243300563;Communauté d'agglomération Bassin d'Arcachon Sud (COBAS);8;Non;Non;Oui;3;Non;33529;La Teste-de-Buch;Commune;213305295;33529;LA TESTE-DE-BUCH;Dépenses d'équipement;23581934.34;42997.56;0.0;23624931.9;23.6249319;26923;877.499977714222;1;;;;;;;;2;;;2024;26923
2024;Non;75;Nouvelle-Aquitaine;33;Gironde;243301223;Communauté de communes du Grand Cubzaguais;3;Oui;Non;Non;1;Non;33530;Teuillac;Commune;213305303;33530;TEUILLAC;Dépenses d'équipement;28571.09;0.0;0.0;28571.09;0.02857109;893;31.994501679731243;1;;;;;;;;2;;;2024;893
2024;Non;75;Nouvelle-Aquitaine;33;Gironde;200070092;Communauté d'agglomération du Libournais;2;Oui;Non;Non;2;Non;33531;Tizac-de-Curton;Commune;213305311;33531;TIZAC-DE-CURTON;Dépenses d'équipement;0.0;0.0;0.0;0.0;0.0;371;0.0;1;;;;;;;;2;;;2024;371
2024;Non;75;Nouvelle-Aquitaine;33;Gironde;200070092;Communauté d'agglomération du Libournais;2;Oui;Non;Non;2;Non;33532;Tizac-de-Lapouyade;Commune;213305329;33532;TIZAC-DE-LAPOUYADE;Dépenses d'équipement;96683.67;0.0;0.0;96683.67;0.09668367;477;202.6911320754717;1;;;;;;;;2;;;2024;477
2024;Non;75;Nouvelle-Aquitaine;33;Gironde;200043974;Communauté de communes du Sud Gironde;4;Non;Non;Non;2;Non;33533;Toulenne;Commune;213305337;33533;TOULENNE;Dépenses d'équipement;613297.12;0.0;0.0;613297.12;0.61329712;2839;216.02575554772807;1;;;;;;;;2;;;2024;2839
2024;Non;75;Nouvelle-Aquitaine;33;Gironde;243301439;Communauté de communes des Portes de l'Entre-Deux-Mers;3;Non;Non;Non;2;Non;33534;Le Tourne;Commune;213305345;33534;LE TOURNE;Dépenses d'équipement;74926.0;0.0;0.0;74926.0;0.074926;834;89.83932853717026;1;;;;;;;;2;;;2024;834
2024;Non;75;Nouvelle-Aquitaine;33;Gironde;243301355;Communauté de communes Les Coteaux Bordelais;6;Non;Non;Non;2;Non;33535;Tresses;Commune;213305352;33535;TRESSES;Dépenses d'équipement;7185691.57;340364.61;0.0;7526056.18;7.526056179999999;5145;1462.7903168124392;1;;;;;;;;2;;;2024;5145
2024;Non;75;Nouvelle-Aquitaine;33;Gironde;200043974;Communauté de communes du Sud Gironde;2;Oui;Non;Non;1;Non;33536;Le Tuzan;Commune;213305360;33536;LE TUZAN;Dépenses d'équipement;151993.19;0.0;0.0;151993.19;0.15199319;264;575.7317803030303;1;;;;;;;;2;;;2024;264
2024;Non;75;Nouvelle-Aquitaine;33;Gironde;200043974;Communauté de communes du Sud Gironde;2;Oui;Non;Non;1;Non;33537;Uzeste;Commune;213305378;33537;UZESTE;Dépenses d'équipement;248747.59;0.0;0.0;248747.59;0.24874759;487;510.7753388090349;1;;;;;;;;2;;;2024;487
2024;Non;75;Nouvelle-Aquitaine;33;Gironde;200070720;Communauté de communes Médoc Atlantique;3;Oui;Non;Non;1;Non;33538;Valeyrac;Commune;213305386;33538;VALEYRAC;Dépenses d'équipement;114281.31;0.0;0.0;114281.31;0.11428131;550;207.7842;1;;;;;;;;2;;;2024;550
2024;Non;75;Nouvelle-Aquitaine;33;Gironde;200070092;Communauté d'agglomération du Libournais;5;Non;Non;Non;2;Non;33539;Vayres;Commune;213305394;33539;VAYRES;Dépenses d'équipement;102853.41;0.0;0.0;102853.41;0.10285341;4260;24.14399295774648;1;;;;;;;;2;;;2024;4260
2024;Non;75;Nouvelle-Aquitaine;33;Gironde;200070720;Communauté de communes Médoc Atlantique;4;Oui;Non;Oui;2;Non;33540;Vendays-Montalivet;Commune;213305402;33540;VENDAYS-MONTALIVET;Dépenses d'équipement;3289524.6;536260.46;0.0;3825785.06;3.82578506;2721;1406.0217052554208;1;;;;;;;;2;;;2024;2721
2024;Non;75;Nouvelle-Aquitaine;33;Gironde;200070720;Communauté de communes Médoc Atlantique;3;Non;Non;Non;2;Non;33541;Vensac;Commune;213305410;33541;VENSAC;Dépenses d'équipement;1706411.78;0.0;0.0;1706411.78;1.70641178;1108;1540.082833935018;1;;;;;;;;2;;;2024;1108
2024;Non;75;Nouvelle-Aquitaine;33;Gironde;243301397;Communauté de communes du Fronsadais;3;Non;Non;Non;1;Non;33542;Vérac;Commune;213305428;33542;VERAC;Dépenses d'équipement;286144.64;0.0;0.0;286144.64;0.28614464;945;302.79856084656086;1;;;;;;;;2;;;2024;945
2024;Non;75;Nouvelle-Aquitaine;33;Gironde;200043974;Communauté de communes du Sud Gironde;3;Non;Non;Oui;1;Non;33543;Verdelais;Commune;213305436;33543;VERDELAIS;Dépenses d'équipement;11878.31;33810.33;0.0;45688.64;0.04568864;1046;43.679388145315485;1;;;;;;;;2;;;2024;1046
2024;Non;75;Nouvelle-Aquitaine;33;Gironde;200070720;Communauté de communes Médoc Atlantique;3;Oui;Non;Oui;2;Non;33544;Le Verdon-sur-Mer;Commune;213305444;33544;LE VERDON-SUR-MER;Dépenses d'équipement;519169.94;235963.46;0.0;755133.4;0.7551334000000001;1380;547.198115942029;1;;;;;;;;2;;;2024;1380
2024;Non;75;Nouvelle-Aquitaine;33;Gironde;200069995;Communauté de communes Médoc Cœur de Presqu'île;3;Oui;Non;Non;1;Non;33545;Vertheuil;Commune;213305451;33545;VERTHEUIL;Dépenses d'équipement;877211.76;0.0;0.0;877211.76;0.87721176;1328;660.5510240963855;1;;;;;;;;2;;;2024;1328
2024;Non;75;Nouvelle-Aquitaine;33;Gironde;200035533;Communauté de communes du Grand Saint-Émilionnais;3;Oui;Non;Non;1;Non;33546;Vignonet;Commune;213305469;33546;VIGNONET;Dépenses d'équipement;110723.6;0.0;0.0;110723.6;0.1107236;504;219.68968253968256;1;;;;;;;;2;;;2024;504
2024;Non;75;Nouvelle-Aquitaine;33;Gironde;200043974;Communauté de communes du Sud Gironde;3;Oui;Non;Non;1;Non;33547;Villandraut;Commune;213305477;33547;VILLANDRAUT;Dépenses d'équipement;359499.93;241684.14;0.0;601184.07;0.60118407;1156;520.0554238754324;1;;;;;;;;2;;;2024;1156
2024;Non;75;Nouvelle-Aquitaine;33;Gironde;243301397;Communauté de communes du Fronsadais;3;Oui;Non;Non;2;Non;33548;Villegouge;Commune;213305485;33548;VILLEGOUGE;Dépenses d'équipement;642924.56;0.0;0.0;642924.56;0.6429245600000001;1307;491.9086151491967;1;;;;;;;;2;;;2024;1307
2024;Non;75;Nouvelle-Aquitaine;33;Gironde;243301215;Communauté de communes du Créonnais;2;Oui;Non;Non;1;Non;33549;Villenave-de-Rions;Commune;213305493;33549;VILLENAVE-DE-RIONS;Dépenses d'équipement;55091.54;0.0;0.0;55091.54;0.05509154;379;145.36026385224275;1;;;;;;;;2;;;2024;379
2024;Non;75;Nouvelle-Aquitaine;33;Gironde;243300316;Bordeaux Métropole;8;Non;Non;Non;2;Non;33550;Villenave-d'Ornon;Commune;213305501;33550;VILLENAVE-D'ORNON;Dépenses d'équipement;9089254.19;0.0;0.0;9089254.19;9.08925419;40776;222.9069597312144;1;;;;;;;;2;;;2024;40776
2024;Non;75;Nouvelle-Aquitaine;33;Gironde;200023794;Communauté de communes de Blaye;2;Oui;Non;Non;1;Non;33551;Villeneuve;Commune;213305519;33551;VILLENEUVE;Dépenses d'équipement;72503.01;0.0;0.0;72503.01;0.07250300999999999;415;174.70604819277108;1;;;;;;;;2;;;2024;415
2024;Non;75;Nouvelle-Aquitaine;33;Gironde;200069581;Communauté de communes Convergence Garonne;3;Non;Non;Non;2;Non;33552;Virelade;Commune;213305527;33552;VIRELADE;Dépenses d'équipement;175010.08;0.0;0.0;175010.08;0.17501007999999998;1123;155.84156723063222;1;;;;;;;;2;;;2024;1123
2024;Non;75;Nouvelle-Aquitaine;33;Gironde;243301223;Communauté de communes du Grand Cubzaguais;3;Non;Non;Non;1;Non;33553;Virsac;Commune;213305535;33553;VIRSAC;Dépenses d'équipement;676989.19;0.0;0.0;676989.19;0.6769891899999999;1311;516.3914492753622;1;;;;;;;;2;;;2024;1311
2024;Non;75;Nouvelle-Aquitaine;33;Gironde;243301249;Communauté de communes Les Rives de la Laurence;4;Non;Non;Non;3;Non;33554;Yvrac;Commune;213305543;33554;YVRAC;Dépenses d'équipement;238883.61;0.0;0.0;238883.61;0.23888361;2913;82.00604531410916;1;;;;;;;;2;;;2024;2913
2024;Non;75;Nouvelle-Aquitaine;33;Gironde;243301504;Communauté d'agglomération du Bassin d'Arcachon Nord;6;Non;Non;Non;2;Non;33555;Marcheprime;Commune;213305550;33555;MARCHEPRIME;Dépenses d'équipement;5559284.07;441959.58;0.0;6001243.65;6.00124365;5457;1099.7331225948324;1;;;;;;;;2;;;2024;5457
2024;Non;75;Nouvelle-Aquitaine;33;Gironde;200043982;Communauté de communes du Bazadais;2;Oui;Non;Non;2;Non;33017;Aubiac;Commune;213305568;33017;AUBIAC;Dépenses d'équipement;73971.0;0.0;0.0;73971.0;0.073971;295;250.74915254237288;1;;;;;;;;2;;;2024;295
2024;Non;75;Nouvelle-Aquitaine;64;Pyrénées-Atlantiques;200067106;Communauté d'agglomération du Pays Basque;4;Non;Non;Non;2;Non;64317;Larressore;Commune;216403170;64317;LARRESSORE;Dépenses d'équipement;715833.07;2160.0;0.0;717993.07;0.7179930699999999;2177;329.8084841525034;1;;;;;;;;2;;;2024;2177
2024;Non;75;Nouvelle-Aquitaine;64;Pyrénées-Atlantiques;200067239;Communauté de communes des Luys en Béarn;1;Oui;Non;Non;1;Non;64318;Larreule;Commune;216403188;64318;LARREULE;Dépenses d'équipement;31068.87;0.0;0.0;31068.87;0.03106887;191;162.66424083769633;1;;;;;;;;2;;;2024;191
2024;Non;75;Nouvelle-Aquitaine;64;Pyrénées-Atlantiques;200067106;Communauté d'agglomération du Pays Basque;1;Oui;Oui;Non;1;Non;64319;Larribar-Sorhapuru;Commune;216403196;64319;LARRIBAR-SORHAPURU;Dépenses d'équipement;79165.03;0.0;0.0;79165.03;0.07916503;187;423.3424064171123;1;;;;;;;;2;;;2024;187
2024;Non;75;Nouvelle-Aquitaine;64;Pyrénées-Atlantiques;246400337;Communauté de communes de la Vallée d'Ossau;3;Oui;Oui;Oui;2;Non;64320;Laruns;Commune;216403204;64320;LARUNS;Dépenses d'équipement;1203121.88;1599944.87;0.0;2803066.75;2.80306675;1200;2335.8889583333334;1;;;;;;;;2;;;2024;1200
2024;Non;75;Nouvelle-Aquitaine;64;Pyrénées-Atlantiques;200067239;Communauté de communes des Luys en Béarn;2;Oui;Non;Non;1;Non;64321;Lasclaveries;Commune;216403212;64321;LASCLAVERIES;Dépenses d'équipement;86068.37;0.0;0.0;86068.37;0.08606836999999999;248;347.04987903225805;1;;;;;;;;2;;;2024;248
2024;Non;75;Nouvelle-Aquitaine;64;Pyrénées-Atlantiques;200067106;Communauté d'agglomération du Pays Basque;2;Non;Oui;Non;2;Non;64322;Lasse;Commune;216403220;64322;LASSE;Dépenses d'équipement;151621.86;0.0;0.0;151621.86;0.15162186;342;443.33877192982453;1;;;;;;;;2;;;2024;342
2024;Non;75;Nouvelle-Aquitaine;64;Pyrénées-Atlantiques;200067296;Communauté de communes du Nord Est Béarn;1;Oui;Non;Non;0;Non;64323;Lasserre;Commune;216403238;64323;LASSERRE;Dépenses d'équipement;22612.91;0.0;0.0;22612.91;0.02261291;116;194.93887931034482;1;;;;;;;;2;;;2024;116
2024;Non;75;Nouvelle-Aquitaine;64;Pyrénées-Atlantiques;200067262;Communauté de communes du Haut Béarn;3;Oui;Oui;Non;2;Non;64324;Lasseube;Commune;216403246;64324;LASSEUBE;Dépenses d'équipement;2373101.9;11531.27;0.0;2384633.17;2.38463317;1794;1329.226962095875;1;;;;;;;;2;;;2024;1794
2024;Non;75;Nouvelle-Aquitaine;64;Pyrénées-Atlantiques;200067262;Communauté de communes du Haut Béarn;2;Oui;Oui;Non;1;Non;64325;Lasseubetat;Commune;216403253;64325;LASSEUBETAT;Dépenses d'équipement;36811.72;0.0;0.0;36811.72;0.03681172;212;173.64018867924528;1;;;;;;;;2;;;2024;212
2024;Non;75;Nouvelle-Aquitaine;64;Pyrénées-Atlantiques;200067288;Communauté de communes du Béarn des Gaves;1;Oui;Non;Non;1;Non;64326;Lay-Lamidou;Commune;216403261;64326;LAY-LAMIDOU;Dépenses d'équipement;65147.17;0.0;0.0;65147.17;0.06514717;124;525.3804032258064;1;;;;;;;;2;;;2024;124
2024;Non;75;Nouvelle-Aquitaine;64;Pyrénées-Atlantiques;200067106;Communauté d'agglomération du Pays Basque;1;Oui;Oui;Non;2;Non;64327;Lecumberry;Commune;216403279;64327;LECUMBERRY;Dépenses d'équipement;370721.77;0.0;0.0;370721.77;0.37072177;178;2082.706573033708;1;;;;;;;;2;;;2024;178
2024;Non;75;Nouvelle-Aquitaine;64;Pyrénées-Atlantiques;200067262;Communauté de communes du Haut Béarn;3;Non;Non;Non;2;Non;64328;Ledeuix;Commune;216403287;64328;LEDEUIX;Dépenses d'équipement;247214.79;0.0;0.0;247214.79;0.24721479000000002;1058;233.66237240075614;1;;;;;;;;2;;;2024;1058
2024;Non;75;Nouvelle-Aquitaine;64;Pyrénées-Atlantiques;200067262;Communauté de communes du Haut Béarn;2;Oui;Oui;Non;1;Non;64330;Lées-Athas;Commune;216403303;64330;LEES-ATHAS;Dépenses d'équipement;217656.79;58101.6;0.0;275758.39;0.27575839;247;1116.4307287449394;1;;;;;;;;2;;;2024;247
2024;Non;75;Nouvelle-Aquitaine;64;Pyrénées-Atlantiques;200067296;Communauté de communes du Nord Est Béarn;3;Oui;Non;Non;1;Non;64331;Lembeye;Commune;216403311;64331;LEMBEYE;Dépenses d'équipement;1225826.83;0.0;0.0;1225826.83;1.2258268300000001;787;1557.594447268107;1;;;;;;;;2;;;2024;787
2024;Non;75;Nouvelle-Aquitaine;64;Pyrénées-Atlantiques;200067239;Communauté de communes des Luys en Béarn;1;Oui;Non;Non;1;Non;64332;Lème;Commune;216403329;64332;LEME;Dépenses d'équipement;2339.32;0.0;0.0;2339.32;0.00233932;173;13.522080924855493;1;;;;;;;;2;;;2024;173
2024;Non;75;Nouvelle-Aquitaine;64;Pyrénées-Atlantiques;200067288;Communauté de communes du Béarn des Gaves;2;Oui;Non;Non;2;Non;64334;Léren;Commune;216403345;64334;LEREN;Dépenses d'équipement;0.0;0.0;0.0;0.0;0.0;216;0.0;1;;;;;;;;2;;;2024;216
2024;Non;75;Nouvelle-Aquitaine;64;Pyrénées-Atlantiques;200067254;Communauté d'agglomération Pau Béarn Pyrénées;6;Non;Non;Non;2;Non;64335;Lescar;Commune;216403352;64335;LESCAR;Dépenses d'équipement;5449312.47;0.0;0.0;5449312.47;5.44931247;9947;547.8347712878254;1;;;;;;;;2;;;2024;9947
2024;Non;75;Nouvelle-Aquitaine;64;Pyrénées-Atlantiques;200067262;Communauté de communes du Haut Béarn;1;Oui;Oui;Non;1;Non;64336;Lescun;Commune;216403360;64336;LESCUN;Dépenses d'équipement;314302.57;31348.85;0.0;345651.42;0.34565142;172;2009.6012790697673;1;;;;;;;;2;;;2024;172
2024;Non;75;Nouvelle-Aquitaine;64;Pyrénées-Atlantiques;200067296;Communauté de communes du Nord Est Béarn;1;Oui;Non;Non;1;Non;64337;Lespielle;Commune;216403378;64337;LESPIELLE;Dépenses d'équipement;8395.84;0.0;0.0;8395.84;0.00839584;155;54.166709677419355;1;;;;;;;;2;;;2024;155
2024;Non;75;Nouvelle-Aquitaine;64;Pyrénées-Atlantiques;200067296;Communauté de communes du Nord Est Béarn;1;Oui;Non;Non;1;Non;64338;Lespourcy;Commune;216403386;64338;LESPOURCY;Dépenses d'équipement;27300.78;0.0;0.0;27300.78;0.02730078;195;140.004;1;;;;;;;;2;;;2024;195
2024;Non;75;Nouvelle-Aquitaine;64;Pyrénées-Atlantiques;246401756;Communauté de communes Pays de Nay;3;Oui;Oui;Oui;1;Non;64339;Lestelle-Bétharram;Commune;216403394;64339;LESTELLE-BETHARRAM;Dépenses d'équipement;400415.68;239839.44;0.0;640255.12;0.64025512;871;735.0805051664753;1;;;;;;;;2;;;2024;871
2024;Non;75;Nouvelle-Aquitaine;64;Pyrénées-Atlantiques;200067106;Communauté d'agglomération du Pays Basque;0;Oui;Oui;Non;1;Non;64340;Lichans-Sunhar;Commune;216403402;64340;LICHANS-SUNHAR;Dépenses d'équipement;0.0;0.0;0.0;0.0;0.0;86;0.0;1;;;;;;;;2;;;2024;86
2024;Non;75;Nouvelle-Aquitaine;64;Pyrénées-Atlantiques;200067106;Communauté d'agglomération du Pays Basque;1;Non;Non;Non;1;Non;64341;Lichos;Commune;216403410;64341;LICHOS;Dépenses d'équipement;9603.59;0.0;0.0;9603.59;0.00960359;138;69.59123188405798;1;;;;;;;;2;;;2024;138
2024;Non;75;Nouvelle-Aquitaine;64;Pyrénées-Atlantiques;200067106;Communauté d'agglomération du Pays Basque;2;Oui;Oui;Non;2;Non;64342;Licq-Athérey;Commune;216403428;64342;LICQ-ATHEREY;Dépenses d'équipement;355919.35;0.0;0.0;355919.35;0.35591934999999997;203;1753.297290640394;1;;;;;;;;2;;;2024;203
2024;Non;75;Nouvelle-Aquitaine;64;Pyrénées-Atlantiques;200067296;Communauté de communes du Nord Est Béarn;3;Non;Non;Non;1;Non;64343;Limendous;Commune;216403436;64343;LIMENDOUS;Dépenses d'équipement;96059.39;0.0;0.0;96059.39;0.09605939;730;131.58820547945206;1;;;;;;;;2;;;2024;730
2024;Non;75;Nouvelle-Aquitaine;64;Pyrénées-Atlantiques;200067296;Communauté de communes du Nord Est Béarn;2;Non;Non;Non;1;Non;64344;Livron;Commune;216403444;64344;LIVRON;Dépenses d'équipement;95273.34;0.0;0.0;95273.34;0.09527334;384;248.10765625;1;;;;;;;;2;;;2024;384
2024;Non;75;Nouvelle-Aquitaine;64;Pyrénées-Atlantiques;200067106;Communauté d'agglomération du Pays Basque;2;Oui;Oui;Non;1;Non;64345;Lohitzun-Oyhercq;Commune;216403451;64345;LOHITZUN-OYHERCQ;Dépenses d'équipement;149782.16;0.0;0.0;149782.16;0.14978216;202;741.4958415841585;1;;;;;;;;2;;;2024;202
2024;Non;75;Nouvelle-Aquitaine;64;Pyrénées-Atlantiques;200067296;Communauté de communes du Nord Est Béarn;2;Oui;Non;Non;2;Non;64346;Lombia;Commune;216403469;64346;LOMBIA;Dépenses d'équipement;44321.06;0.0;0.0;44321.06;0.044321059999999995;209;212.0624880382775;1;;;;;;;;2;;;2024;209
2024;Non;75;Nouvelle-Aquitaine;64;Pyrénées-Atlantiques;200067239;Communauté de communes des Luys en Béarn;2;Oui;Non;Non;1;Non;64347;Lonçon;Commune;216403477;64347;LONCON;Dépenses d'équipement;44197.69;0.0;0.0;44197.69;0.044197690000000005;221;199.98954751131222;1;;;;;;;;2;;;2024;221
2024;Non;75;Nouvelle-Aquitaine;64;Pyrénées-Atlantiques;200067254;Communauté d'agglomération Pau Béarn Pyrénées;7;Non;Non;Non;2;Non;64348;Lons;Commune;216403485;64348;LONS;Dépenses d'équipement;2295242.37;0.0;0.0;2295242.37;2.29524237;14188;161.77349661685932;1;;;;;;;;2;;;2024;14188
2024;Non;75;Nouvelle-Aquitaine;64;Pyrénées-Atlantiques;200067106;Communauté d'agglomération du Pays Basque;3;Oui;Oui;Non;2;Non;64350;Louhossoa;Commune;216403501;64350;LOUHOSSOA;Dépenses d'équipement;376441.82;0.0;0.0;376441.82;0.37644182;876;429.7281050228311;1;;;;;;;;2;;;2024;876
2024;Non;75;Nouvelle-Aquitaine;64;Pyrénées-Atlantiques;200067262;Communauté de communes du Haut Béarn;1;Oui;Oui;Non;0;Non;64351;Lourdios-Ichère;Commune;216403519;64351;LOURDIOS-ICHERE;Dépenses d'équipement;128279.15;10220.0;0.0;138499.15;0.13849915;138;1003.6170289855072;1;;;;;;;;2;;;2024;138
2024;Non;75;Nouvelle-Aquitaine;64;Pyrénées-Atlantiques;200067296;Communauté de communes du Nord Est Béarn;2;Oui;Non;Non;2;Non;64352;Lourenties;Commune;216403527;64352;LOURENTIES;Dépenses d'équipement;84638.63;0.0;0.0;84638.63;0.08463863;420;201.52054761904762;1;;;;;;;;2;;;2024;420
2024;Non;75;Nouvelle-Aquitaine;64;Pyrénées-Atlantiques;246400337;Communauté de communes de la Vallée d'Ossau;3;Non;Oui;Non;1;Non;64353;Louvie-Juzon;Commune;216403535;64353;LOUVIE-JUZON;Dépenses d'équipement;254571.72;0.0;0.0;254571.72;0.25457172;1103;230.79938349954668;1;;;;;;;;2;;;2024;1103
2024;Non;75;Nouvelle-Aquitaine;64;Pyrénées-Atlantiques;246400337;Communauté de communes de la Vallée d'Ossau;1;Oui;Oui;Non;1;Non;64354;Louvie-Soubiron;Commune;216403543;64354;LOUVIE-SOUBIRON;Dépenses d'équipement;84105.19;7872.32;0.0;91977.51;0.09197751;131;702.1183969465649;1;;;;;;;;2;;;2024;131
2024;Non;75;Nouvelle-Aquitaine;64;Pyrénées-Atlantiques;200067239;Communauté de communes des Luys en Béarn;1;Oui;Non;Non;1;Non;64355;Louvigny;Commune;216403550;64355;LOUVIGNY;Dépenses d'équipement;40746.84;0.0;0.0;40746.84;0.04074684;139;293.14273381294964;1;;;;;;;;2;;;2024;139
2024;Non;75;Nouvelle-Aquitaine;64;Pyrénées-Atlantiques;200067296;Communauté de communes du Nord Est Béarn;1;Oui;Non;Non;1;Non;64356;Luc-Armau;Commune;216403568;64356;LUC-ARMAU;Dépenses d'équipement;5578.07;0.0;0.0;5578.07;0.00557807;110;50.70972727272727;1;;;;;;;;2;;;2024;110
2024;Non;75;Nouvelle-Aquitaine;64;Pyrénées-Atlantiques;200067296;Communauté de communes du Nord Est Béarn;0;Oui;Non;Non;1;Non;64357;Lucarré;Commune;216403576;64357;LUCARRE;Dépenses d'équipement;9610.0;0.0;0.0;9610.0;0.00961;62;155.0;1;;;;;;;;2;;;2024;62
2024;Non;75;Nouvelle-Aquitaine;64;Pyrénées-Atlantiques;200067296;Communauté de communes du Nord Est Béarn;2;Oui;Non;Non;2;Non;64358;Lucgarier;Commune;216403584;64358;LUCGARIER;Dépenses d'équipement;57404.9;0.0;0.0;57404.9;0.0574049;260;220.78807692307691;1;;;;;;;;2;;;2024;260
2024;Non;75;Nouvelle-Aquitaine;64;Pyrénées-Atlantiques;200039204;Communauté de communes de Lacq-Orthez;3;Oui;Oui;Non;1;Non;64359;Lucq-de-Béarn;Commune;216403592;64359;LUCQ-DE-BEARN;Dépenses d'équipement;408481.15;0.0;0.0;408481.15;0.40848115;955;427.7289528795812;1;;;;;;;;2;;;2024;955
2024;Non;75;Nouvelle-Aquitaine;64;Pyrénées-Atlantiques;200067262;Communauté de communes du Haut Béarn;2;Oui;Oui;Non;1;Non;64360;Lurbe-Saint-Christau;Commune;216403600;64360;LURBE-SAINT-CHRISTAU;Dépenses d'équipement;6134.66;9126.46;0.0;15261.12;0.015261120000000001;208;73.37076923076924;1;;;;;;;;2;;;2024;208
2024;Non;75;Nouvelle-Aquitaine;64;Pyrénées-Atlantiques;200067296;Communauté de communes du Nord Est Béarn;1;Oui;Non;Non;1;Non;64361;Lussagnet-Lusson;Commune;216403618;64361;LUSSAGNET-LUSSON;Dépenses d'équipement;141101.55;0.0;0.0;141101.55;0.14110155;189;746.5690476190475;1;;;;;;;;2;;;2024;189
2024;Non;75;Nouvelle-Aquitaine;64;Pyrénées-Atlantiques;200067106;Communauté d'agglomération du Pays Basque;2;Oui;Non;Non;1;Non;64362;Luxe-Sumberraute;Commune;216403626;64362;LUXE-SUMBERRAUTE;Dépenses d'équipement;57737.0;0.0;0.0;57737.0;0.057737;438;131.81963470319636;1;;;;;;;;2;;;2024;438
2024;Non;75;Nouvelle-Aquitaine;64;Pyrénées-Atlantiques;246400337;Communauté de communes de la Vallée d'Ossau;2;Oui;Oui;Non;1;Non;64363;Lys;Commune;216403634;64363;LYS;Dépenses d'équipement;180148.33;0.0;0.0;180148.33;0.18014833;326;552.6022392638037;1;;;;;;;;2;;;2024;326
2024;Non;75;Nouvelle-Aquitaine;64;Pyrénées-Atlantiques;200067106;Communauté d'agglomération du Pays Basque;3;Oui;Oui;Non;1;Non;64364;Macaye;Commune;216403642;64364;MACAYE;Dépenses d'équipement;147762.81;0.0;0.0;147762.81;0.14776281;608;243.0309375;1;;;;;;;;2;;;2024;608
2024;Non;75;Nouvelle-Aquitaine;64;Pyrénées-Atlantiques;200067239;Communauté de communes des Luys en Béarn;2;Oui;Non;Non;1;Non;64365;Malaussanne;Commune;216403659;64365;MALAUSSANNE;Dépenses d'équipement;13437.64;0.0;0.0;13437.64;0.013437639999999999;440;30.540090909090907;1;;;;;;;;2;;;2024;440
2024;Non;75;Nouvelle-Aquitaine;64;Pyrénées-Atlantiques;200067239;Communauté de communes des Luys en Béarn;1;Oui;Non;Non;1;Non;64366;Mascaraàs-Haron;Commune;216403667;64366;MASCARAAS-HARON;Dépenses d'équipement;9056.38;0.0;0.0;9056.38;0.00905638;117;77.40495726495726;1;;;;;;;;2;;;2024;117
2024;Non;75;Nouvelle-Aquitaine;64;Pyrénées-Atlantiques;200039204;Communauté de communes de Lacq-Orthez;3;Oui;Non;Non;2;Non;64367;Maslacq;Commune;216403675;64367;MASLACQ;Dépenses d'équipement;280478.56;0.0;0.0;280478.56;0.28047856;914;306.8693216630197;1;;;;;;;;2;;;2024;914
2024;Non;75;Nouvelle-Aquitaine;64;Pyrénées-Atlantiques;200067106;Communauté d'agglomération du Pays Basque;2;Oui;Non;Non;1;Non;64368;Masparraute;Commune;216403683;64368;MASPARRAUTE;Dépenses d'équipement;38608.61;0.0;0.0;38608.61;0.03860861;269;143.5264312267658;1;;;;;;;;2;;;2024;269
2024;Non;75;Nouvelle-Aquitaine;64;Pyrénées-Atlantiques;200067296;Communauté de communes du Nord Est Béarn;2;Oui;Non;Non;1;Non;64369;Maspie-Lalonquère-Juillacq;Commune;216403691;64369;MASPIE-LALONQUERE-JUILLACQ;Dépenses d'équipement;0.0;0.0;0.0;0.0;0.0;252;0.0;1;;;;;;;;2;;;2024;252
2024;Non;75;Nouvelle-Aquitaine;64;Pyrénées-Atlantiques;200067296;Communauté de communes du Nord Est Béarn;3;Non;Non;Non;4;Non;64370;Maucor;Commune;216403709;64370;MAUCOR;Dépenses d'équipement;9195.05;0.0;0.0;9195.05;0.00919505;578;15.908391003460206;1;;;;;;;;2;;;2024;578
2024;Non;75;Nouvelle-Aquitaine;64;Pyrénées-Atlantiques;200067106;Communauté d'agglomération du Pays Basque;4;Non;Oui;Non;1;Non;64371;Mauléon-Licharre;Commune;216403717;64371;MAULEON-LICHARRE;Dépenses d'équipement;1088645.73;22530.5;0.0;1111176.23;1.1111762299999999;3189;348.4403355283788;1;;;;;;;;2;;;2024;3189
2024;Non;75;Nouvelle-Aquitaine;64;Pyrénées-Atlantiques;200072106;Communauté de communes Adour Madiran;0;Oui;Non;Non;2;Non;64372;Maure;Commune;216403725;64372;MAURE;Dépenses d'équipement;2932.0;0.0;0.0;2932.0;0.002932;89;32.943820224719104;1;;;;;;;;2;;;2024;89
2024;Non;75;Nouvelle-Aquitaine;64;Pyrénées-Atlantiques;200067254;Communauté d'agglomération Pau Béarn Pyrénées;3;Non;Non;Non;2;Non;64373;Mazères-Lezons;Commune;216403733;64373;MAZERES-LEZONS;Dépenses d'équipement;464844.21;0.0;0.0;464844.21;0.46484421000000004;1861;249.7819505642128;1;;;;;;;;2;;;2024;1861
2024;Non;75;Nouvelle-Aquitaine;64;Pyrénées-Atlantiques;200067239;Communauté de communes des Luys en Béarn;3;Oui;Non;Non;2;Non;64374;Mazerolles;Commune;216403741;64374;MAZEROLLES;Dépenses d'équipement;51454.28;0.0;0.0;51454.28;0.05145428;1196;43.021973244147155;1;;;;;;;;2;;;2024;1196
2024;Non;75;Nouvelle-Aquitaine;64;Pyrénées-Atlantiques;200067106;Communauté d'agglomération du Pays Basque;2;Oui;Oui;Non;1;Non;64375;Méharin;Commune;216403758;64375;MEHARIN;Dépenses d'équipement;130517.44;0.0;0.0;130517.44;0.13051744;288;453.18555555555554;1;;;;;;;;2;;;2024;288
2024;Non;75;Nouvelle-Aquitaine;64;Pyrénées-Atlantiques;200067254;Communauté d'agglomération Pau Béarn Pyrénées;3;Non;Non;Non;2;Non;64376;Meillon;Commune;216403766;64376;MEILLON;Dépenses d'équipement;127770.77;0.0;0.0;127770.77;0.12777077;969;131.85837977296183;1;;;;;;;;2;;;2024;969
2024;Non;75;Nouvelle-Aquitaine;64;Pyrénées-Atlantiques;200067106;Communauté d'agglomération du Pays Basque;3;Oui;Oui;Non;1;Non;64377;Mendionde;Commune;216403774;64377;MENDIONDE;Dépenses d'équipement;125489.51;0.0;0.0;125489.51;0.12548951;868;144.57316820276498;1;;;;;;;;2;;;2024;868
2024;Non;75;Nouvelle-Aquitaine;64;Pyrénées-Atlantiques;200067106;Communauté d'agglomération du Pays Basque;2;Oui;Oui;Non;0;Non;64378;Menditte;Commune;216403782;64378;MENDITTE;Dépenses d'équipement;696401.68;0.0;0.0;696401.68;0.69640168;332;2097.595421686747;1;;;;;;;;2;;;2024;332
2024;Non;75;Nouvelle-Aquitaine;64;Pyrénées-Atlantiques;200067106;Communauté d'agglomération du Pays Basque;1;Oui;Oui;Non;1;Non;64379;Mendive;Commune;216403790;64379;MENDIVE;Dépenses d'équipement;230443.76;0.0;0.0;230443.76;0.23044376;157;1467.7946496815287;1;;;;;;;;2;;;2024;157
2024;Non;75;Nouvelle-Aquitaine;64;Pyrénées-Atlantiques;200067239;Communauté de communes des Luys en Béarn;2;Oui;Non;Non;1;Non;64380;Méracq;Commune;216403808;64380;MERACQ;Dépenses d'équipement;120071.52;0.0;0.0;120071.52;0.12007152;239;502.3912970711297;1;;;;;;;;2;;;2024;239
2024;Non;75;Nouvelle-Aquitaine;64;Pyrénées-Atlantiques;200067288;Communauté de communes du Béarn des Gaves;2;Non;Non;Non;2;Non;64381;Méritein;Commune;216403816;64381;MERITEIN;Dépenses d'équipement;69180.28;0.0;0.0;69180.28;0.06918028;286;241.8890909090909;1;;;;;;;;2;;;2024;286
2024;Non;75;Nouvelle-Aquitaine;64;Pyrénées-Atlantiques;200039204;Communauté de communes de Lacq-Orthez;2;Oui;Non;Non;2;Non;64382;Mesplède;Commune;216403824;64382;MESPLEDE;Dépenses d'équipement;135978.03;0.0;0.0;135978.03;0.13597803;340;399.9353823529412;1;;;;;;;;2;;;2024;340
2024;Non;75;Nouvelle-Aquitaine;64;Pyrénées-Atlantiques;200067239;Communauté de communes des Luys en Béarn;1;Oui;Non;Non;1;Non;64383;Mialos;Commune;216403832;64383;MIALOS;Dépenses d'équipement;9946.93;0.0;0.0;9946.93;0.00994693;141;70.54560283687944;1;;;;;;;;2;;;2024;141
2024;Non;75;Nouvelle-Aquitaine;64;Pyrénées-Atlantiques;200067239;Communauté de communes des Luys en Béarn;2;Oui;Non;Non;2;Non;64385;Miossens-Lanusse;Commune;216403857;64385;MIOSSENS-LANUSSE;Dépenses d'équipement;119189.16;0.0;0.0;119189.16;0.11918916;287;415.2932404181185;1;;;;;;;;2;;;2024;287
2024;Non;75;Nouvelle-Aquitaine;64;Pyrénées-Atlantiques;246401756;Communauté de communes Pays de Nay;3;Non;Non;Non;2;Non;64386;Mirepeix;Commune;216403865;64386;MIREPEIX;Dépenses d'équipement;51223.48;0.0;0.0;51223.48;0.05122348;1277;40.11235708692248;1;;;;;;;;2;;;2024;1277
2024;Non;75;Nouvelle-Aquitaine;64;Pyrénées-Atlantiques;200067239;Communauté de communes des Luys en Béarn;3;Oui;Non;Non;1;Non;64387;Momas;Commune;216403873;64387;MOMAS;Dépenses d'équipement;93539.66;0.0;0.0;93539.66;0.09353966;626;149.4243769968051;1;;;;;;;;2;;;2024;626
2024;Non;75;Nouvelle-Aquitaine;64;Pyrénées-Atlantiques;200067296;Communauté de communes du Nord Est Béarn;1;Oui;Non;Non;2;Non;64388;Momy;Commune;216403881;64388;MOMY;Dépenses d'équipement;469.0;0.0;0.0;469.0;0.000469;113;4.150442477876106;1;;;;;;;;2;;;2024;113
2024;Non;75;Nouvelle-Aquitaine;64;Pyrénées-Atlantiques;200067296;Communauté de communes du Nord Est Béarn;2;Oui;Non;Non;1;Non;64389;Monassut-Audiracq;Commune;216403899;64389;MONASSUT-AUDIRACQ;Dépenses d'équipement;7888.8;0.0;0.0;7888.8;0.0078888;372;21.206451612903226;1;;;;;;;;2;;;2024;372
2024;Non;75;Nouvelle-Aquitaine;64;Pyrénées-Atlantiques;200067296;Communauté de communes du Nord Est Béarn;1;Oui;Non;Non;2;Non;64390;Moncaup;Commune;216403907;64390;MONCAUP;Dépenses d'équipement;16281.3;0.0;0.0;16281.3;0.0162813;170;95.77235294117646;1;;;;;;;;2;;;2024;170
2024;Non;75;Nouvelle-Aquitaine;64;Pyrénées-Atlantiques;200067106;Communauté d'agglomération du Pays Basque;2;Oui;Oui;Non;1;Non;64391;Moncayolle-Larrory-Mendibieu;Commune;216403915;64391;MONCAYOLLE-LARRORY-MENDIBIEU;Dépenses d'équipement;19703.44;0.0;0.0;19703.44;0.01970344;304;64.81394736842105;1;;;;;;;;2;;;2024;304
2024;Non;75;Nouvelle-Aquitaine;64;Pyrénées-Atlantiques;200067239;Communauté de communes des Luys en Béarn;0;Oui;Non;Non;2;Non;64392;Moncla;Commune;216403923;64392;MONCLA;Dépenses d'équipement;19269.49;0.0;0.0;19269.49;0.01926949;82;234.99378048780488;1;;;;;;;;2;;;2024;82
2024;Non;75;Nouvelle-Aquitaine;64;Pyrénées-Atlantiques;200039204;Communauté de communes de Lacq-Orthez;5;Non;Oui;Non;2;Non;64393;Monein;Commune;216403931;64393;MONEIN;Dépenses d'équipement;1090124.39;74036.25;0.0;1164160.64;1.16416064;4536;256.6491710758377;1;;;;;;;;2;;;2024;4536
2024;Non;75;Nouvelle-Aquitaine;64;Pyrénées-Atlantiques;200067296;Communauté de communes du Nord Est Béarn;0;Oui;Non;Non;1;Non;64394;Monpezat;Commune;216403949;64394;MONPEZAT;Dépenses d'équipement;36945.72;0.0;0.0;36945.72;0.03694572;85;434.65552941176475;1;;;;;;;;2;;;2024;85
2024;Non;75;Nouvelle-Aquitaine;64;Pyrénées-Atlantiques;200072106;Communauté de communes Adour Madiran;1;Oui;Non;Non;2;Non;64395;Monségur;Commune;216403956;64395;MONSEGUR;Dépenses d'équipement;17751.82;0.0;0.0;17751.82;0.017751819999999998;132;134.48348484848484;1;;;;;;;;2;;;2024;132
2024;Non;75;Nouvelle-Aquitaine;64;Pyrénées-Atlantiques;200039204;Communauté de communes de Lacq-Orthez;3;Oui;Non;Non;1;Non;64396;Mont;Commune;216403964;64396;MONT;Dépenses d'équipement;1731021.02;64378.88;0.0;1795399.9;1.7953998999999998;1218;1474.0557471264367;1;;;;;;;;2;;;2024;1218
2024;Non;75;Nouvelle-Aquitaine;64;Pyrénées-Atlantiques;200067239;Communauté de communes des Luys en Béarn;1;Oui;Non;Non;1;Non;64397;Montagut;Commune;216403972;64397;MONTAGUT;Dépenses d'équipement;50526.65;0.0;0.0;50526.65;0.05052665;124;407.47298387096777;1;;;;;;;;2;;;2024;124
2024;Non;75;Nouvelle-Aquitaine;64;Pyrénées-Atlantiques;200072106;Communauté de communes Adour Madiran;2;Oui;Non;Non;2;Non;64398;Montaner;Commune;216403980;64398;MONTANER;Dépenses d'équipement;561978.56;0.0;0.0;561978.56;0.56197856;432;1300.8762962962965;1;;;;;;;;2;;;2024;432
2024;Non;75;Nouvelle-Aquitaine;64;Pyrénées-Atlantiques;200067239;Communauté de communes des Luys en Béarn;4;Non;Non;Non;2;Non;64399;Montardon;Commune;216403998;64399;MONTARDON;Dépenses d'équipement;609169.4;0.0;0.0;609169.4;0.6091694;2698;225.78554484803558;1;;;;;;;;2;;;2024;2698
2024;Non;75;Nouvelle-Aquitaine;64;Pyrénées-Atlantiques;246401756;Communauté de communes Pays de Nay;3;Oui;Oui;Non;2;Non;64400;Montaut;Commune;216404004;64400;MONTAUT;Dépenses d'équipement;15847.39;0.0;0.0;15847.39;0.01584739;1158;13.685138169257339;1;;;;;;;;2;;;2024;1158
2024;Non;75;Nouvelle-Aquitaine;64;Pyrénées-Atlantiques;200067239;Communauté de communes des Luys en Béarn;0;Oui;Non;Non;1;Non;64401;Mont-Disse;Commune;216404012;64401;MONT-DISSE;Dépenses d'équipement;18606.56;0.0;0.0;18606.56;0.01860656;80;232.58200000000002;1;;;;;;;;2;;;2024;80
2024;Non;75;Nouvelle-Aquitaine;64;Pyrénées-Atlantiques;200067288;Communauté de communes du Béarn des Gaves;1;Oui;Non;Non;1;Non;64403;Montfort;Commune;216404038;64403;MONTFORT;Dépenses d'équipement;9192.34;0.0;0.0;9192.34;0.00919234;188;48.895425531914896;1;;;;;;;;2;;;2024;188
2024;Non;75;Nouvelle-Aquitaine;64;Pyrénées-Atlantiques;200067106;Communauté d'agglomération du Pays Basque;2;Oui;Oui;Non;1;Non;64404;Montory;Commune;216404046;64404;MONTORY;Dépenses d'équipement;92658.36;0.0;0.0;92658.36;0.09265836;317;292.29766561514197;1;;;;;;;;2;;;2024;317
2024;Non;75;Nouvelle-Aquitaine;64;Pyrénées-Atlantiques;200067296;Communauté de communes du Nord Est Béarn;5;Non;Non;Non;2;Non;64405;Morlaàs;Commune;216404053;64405;MORLAAS;Dépenses d'équipement;2199003.85;433516.4;0.0;2632520.25;2.63252025;4579;574.9116073378467;1;;;;;;;;2;;;2024;4579
2024;Non;75;Nouvelle-Aquitaine;64;Pyrénées-Atlantiques;200067239;Communauté de communes des Luys en Béarn;3;Oui;Non;Non;1;Non;64406;Morlanne;Commune;216404061;64406;MORLANNE;Dépenses d'équipement;61215.63;0.0;0.0;61215.63;0.06121563;628;97.4771178343949;1;;;;;;;;2;;;2024;628
2024;Non;75;Nouvelle-Aquitaine;64;Pyrénées-Atlantiques;200067106;Communauté d'agglomération du Pays Basque;6;Non;Non;Non;3;Non;64407;Mouguerre;Commune;216404079;64407;MOUGUERRE;Dépenses d'équipement;1064935.13;0.0;0.0;1064935.13;1.0649351299999998;5443;195.65223773654233;1;;;;;;;;2;;;2024;5443
2024;Non;75;Nouvelle-Aquitaine;64;Pyrénées-Atlantiques;200067239;Communauté de communes des Luys en Béarn;0;Oui;Non;Non;1;Non;64408;Mouhous;Commune;216404087;64408;MOUHOUS;Dépenses d'équipement;8195.5;0.0;0.0;8195.5;0.0081955;64;128.0546875;1;;;;;;;;2;;;2024;64
2024;Non;75;Nouvelle-Aquitaine;64;Pyrénées-Atlantiques;200067262;Communauté de communes du Haut Béarn;3;Oui;Non;Non;2;Non;64409;Moumour;Commune;216404095;64409;MOUMOUR;Dépenses d'équipement;92975.63;1800.67;0.0;94776.3;0.09477630000000001;849;111.63286219081273;1;;;;;;;;2;;;2024;849
2024;Non;75;Nouvelle-Aquitaine;64;Pyrénées-Atlantiques;200039204;Communauté de communes de Lacq-Orthez;6;Non;Non;Non;1;Non;64410;Mourenx;Commune;216404103;64410;MOURENX;Dépenses d'équipement;3294125.18;3298651.67;0.0;6592776.85;6.59277685;6015;1096.0560016625104;1;;;;;;;;2;;;2024;6015
2024;Non;75;Nouvelle-Aquitaine;64;Pyrénées-Atlantiques;200067106;Communauté d'agglomération du Pays Basque;2;Oui;Oui;Non;1;Non;64411;Musculdy;Commune;216404111;64411;MUSCULDY;Dépenses d'équipement;149257.29;0.0;0.0;149257.29;0.14925729000000001;236;632.4461440677967;1;;;;;;;;2;;;2024;236
2024;Non;75;Nouvelle-Aquitaine;64;Pyrénées-Atlantiques;200067288;Communauté de communes du Béarn des Gaves;0;Oui;Non;Non;2;Non;64412;Nabas;Commune;216404129;64412;NABAS;Dépenses d'équipement;6031.8;0.0;0.0;6031.8;0.0060318;87;69.33103448275862;1;;;;;;;;2;;;2024;87
2024;Non;75;Nouvelle-Aquitaine;64;Pyrénées-Atlantiques;246401756;Communauté de communes Pays de Nay;3;Non;Non;Non;2;Non;64413;Narcastet;Commune;216404137;64413;NARCASTET;Dépenses d'équipement;400778.29;0.0;0.0;400778.29;0.40077829;775;517.1332774193548;1;;;;;;;;2;;;2024;775
2024;Non;75;Nouvelle-Aquitaine;64;Pyrénées-Atlantiques;200067288;Communauté de communes du Béarn des Gaves;1;Oui;Non;Non;1;Non;64414;Narp;Commune;216404145;64414;NARP;Dépenses d'équipement;9530.32;0.0;0.0;9530.32;0.00953032;123;77.48227642276423;1;;;;;;;;2;;;2024;123
2024;Non;75;Nouvelle-Aquitaine;64;Pyrénées-Atlantiques;200067239;Communauté de communes des Luys en Béarn;3;Non;Non;Non;2;Non;64415;Navailles-Angos;Commune;216404152;64415;NAVAILLES-ANGOS;Dépenses d'équipement;108753.07;0.0;0.0;108753.07;0.10875307000000001;1569;69.3136201402167;1;;;;;;;;2;;;2024;1569
2024;Non;75;Nouvelle-Aquitaine;64;Pyrénées-Atlantiques;200067288;Communauté de communes du Béarn des Gaves;3;Non;Non;Oui;2;Non;64416;Navarrenx;Commune;216404160;64416;NAVARRENX;Dépenses d'équipement;267229.69;0.0;0.0;267229.69;0.26722969;1072;249.28142723880597;1;;;;;;;;2;;;2024;1072
2024;Non;75;Nouvelle-Aquitaine;64;Pyrénées-Atlantiques;246401756;Communauté de communes Pays de Nay;4;Non;Non;Non;2;Non;64417;Nay;Commune;216404178;64417;NAY;Dépenses d'équipement;1497545.2;0.0;0.0;1497545.2;1.4975452;3428;436.8568261376896;1;;;;;;;;2;;;2024;3428
2024;Non;75;Nouvelle-Aquitaine;64;Pyrénées-Atlantiques;200039204;Communauté de communes de Lacq-Orthez;1;Non;Non;Non;1;Non;64418;Noguères;Commune;216404186;64418;NOGUERES;Dépenses d'équipement;113354.46;0.0;0.0;113354.46;0.11335446;133;852.2891729323309;1;;;;;;;;2;;;2024;133
2024;Non;75;Nouvelle-Aquitaine;64;Pyrénées-Atlantiques;200067296;Communauté de communes du Nord Est Béarn;3;Non;Non;Non;2;Non;64419;Nousty;Commune;216404194;64419;NOUSTY;Dépenses d'équipement;172767.7;0.0;0.0;172767.7;0.17276770000000002;1622;106.5152281134402;1;;;;;;;;2;;;2024;1622
2024;Non;75;Nouvelle-Aquitaine;64;Pyrénées-Atlantiques;200067288;Communauté de communes du Béarn des Gaves;2;Oui;Non;Non;2;Non;64420;Ogenne-Camptort;Commune;216404202;64420;OGENNE-CAMPTORT;Dépenses d'équipement;94738.18;0.0;0.0;94738.18;0.09473817999999999;247;383.5553846153846;1;;;;;;;;2;;;2024;247
2024;Non;75;Nouvelle-Aquitaine;64;Pyrénées-Atlantiques;200067262;Communauté de communes du Haut Béarn;3;Oui;Non;Non;2;Non;64421;Ogeu-les-Bains;Commune;216404210;64421;OGEU-LES-BAINS;Dépenses d'équipement;135487.11;0.0;0.0;135487.11;0.13548711;1301;104.14074558032281;1;;;;;;;;2;;;2024;1301
2024;Non;75;Nouvelle-Aquitaine;64;Pyrénées-Atlantiques;200067262;Communauté de communes du Haut Béarn;7;Non;Oui;Oui;1;Non;64422;Oloron-Sainte-Marie;Commune;216404228;64422;OLORON-SAINTE-MARIE;Dépenses d'équipement;5943246.82;557731.3;0.0;6500978.12;6.50097812;11273;576.6857198616162;1;;;;;;;;2;;;2024;11273
2024;Non;75;Nouvelle-Aquitaine;64;Pyrénées-Atlantiques;200067288;Communauté de communes du Béarn des Gaves;1;Oui;Non;Non;2;Non;64423;Oraàs;Commune;216404236;64423;ORAAS;Dépenses d'équipement;0.0;0.0;0.0;0.0;0.0;188;0.0;1;;;;;;;;2;;;2024;188
2024;Non;75;Nouvelle-Aquitaine;64;Pyrénées-Atlantiques;200067106;Communauté d'agglomération du Pays Basque;3;Oui;Oui;Non;1;Non;64424;Ordiarp;Commune;216404244;64424;ORDIARP;Dépenses d'équipement;87284.34;0.0;0.0;87284.34;0.08728434;556;156.98622302158273;1;;;;;;;;2;;;2024;556
2024;Non;75;Nouvelle-Aquitaine;64;Pyrénées-Atlantiques;200067106;Communauté d'agglomération du Pays Basque;3;Oui;Oui;Non;1;Non;64425;Orègue;Commune;216404251;64425;OREGUE;Dépenses d'équipement;135378.04;0.0;0.0;135378.04;0.13537804;514;263.38140077821015;1;;;;;;;;2;;;2024;514
2024;Non;75;Nouvelle-Aquitaine;64;Pyrénées-Atlantiques;200067262;Communauté de communes du Haut Béarn;2;Oui;Non;Non;2;Non;64426;Orin;Commune;216404269;64426;ORIN;Dépenses d'équipement;83381.88;0.0;0.0;83381.88;0.08338188;274;304.3134306569343;1;;;;;;;;2;;;2024;274
2024;Non;75;Nouvelle-Aquitaine;64;Pyrénées-Atlantiques;200067288;Communauté de communes du Béarn des Gaves;1;Oui;Non;Non;2;Non;64427;Orion;Commune;216404277;64427;ORION;Dépenses d'équipement;85079.61;0.0;0.0;85079.61;0.08507961;152;559.7342763157894;1;;;;;;;;2;;;2024;152
2024;Non;75;Nouvelle-Aquitaine;64;Pyrénées-Atlantiques;200067288;Communauté de communes du Béarn des Gaves;1;Oui;Non;Non;1;Non;64428;Orriule;Commune;216404285;64428;ORRIULE;Dépenses d'équipement;15214.4;0.0;0.0;15214.4;0.0152144;143;106.3944055944056;1;;;;;;;;2;;;2024;143
2024;Non;75;Nouvelle-Aquitaine;64;Pyrénées-Atlantiques;200067106;Communauté d'agglomération du Pays Basque;1;Oui;Oui;Non;1;Non;64429;Orsanco;Commune;216404293;64429;ORSANCO;Dépenses d'équipement;14914.42;0.0;0.0;14914.42;0.01491442;109;136.82954128440366;1;;;;;;;;2;;;2024;109
2024;Non;75;Nouvelle-Aquitaine;64;Pyrénées-Atlantiques;200039204;Communauté de communes de Lacq-Orthez;7;Non;Non;Non;1;Non;64430;Orthez;Commune;216404301;64430;ORTHEZ;Dépenses d'équipement;1715465.61;1102102.48;0.0;2817568.09;2.81756809;11322;248.8578069245716;1;;;;;;;;2;;;2024;11322
2024;Non;75;Nouvelle-Aquitaine;64;Pyrénées-Atlantiques;200039204;Communauté de communes de Lacq-Orthez;3;Non;Non;Non;2;Non;64431;Os-Marsillon;Commune;216404319;64431;OS-MARSILLON;Dépenses d'équipement;87008.73;0.0;0.0;87008.73;0.08700872999999999;553;157.33947558770342;1;;;;;;;;2;;;2024;553
2024;Non;75;Nouvelle-Aquitaine;64;Pyrénées-Atlantiques;200067106;Communauté d'agglomération du Pays Basque;0;Oui;Oui;Non;1;Non;64432;Ossas-Suhare;Commune;216404327;64432;OSSAS-SUHARE;Dépenses d'équipement;30955.5;0.0;0.0;30955.5;0.0309555;88;351.76704545454544;1;;;;;;;;2;;;2024;88
2024;Non;75;Nouvelle-Aquitaine;64;Pyrénées-Atlantiques;200067262;Communauté de communes du Haut Béarn;2;Oui;Oui;Non;1;Non;64433;Osse-en-Aspe;Commune;216404335;64433;OSSE-EN-ASPE;Dépenses d'équipement;108698.53;12220.0;0.0;120918.53;0.12091853;351;344.49723646723646;1;;;;;;;;2;;;2024;351
2024;Non;75;Nouvelle-Aquitaine;64;Pyrénées-Atlantiques;200067288;Communauté de communes du Béarn des Gaves;0;Oui;Non;Non;0;Non;64434;Ossenx;Commune;216404343;64434;OSSENX;Dépenses d'équipement;2811.8;0.0;0.0;2811.8;0.0028118;50;56.236000000000004;1;;;;;;;;2;;;2024;50
2024;Non;75;Nouvelle-Aquitaine;64;Pyrénées-Atlantiques;200067106;Communauté d'agglomération du Pays Basque;2;Oui;Non;Non;1;Non;64435;Osserain-Rivareyte;Commune;216404350;64435;OSSERAIN-RIVAREYTE;Dépenses d'équipement;51992.48;0.0;0.0;51992.48;0.05199248;229;227.04139737991267;1;;;;;;;;2;;;2024;229
2024;Non;75;Nouvelle-Aquitaine;64;Pyrénées-Atlantiques;200067106;Communauté d'agglomération du Pays Basque;3;Oui;Oui;Non;1;Non;64436;Ossès;Commune;216404368;64436;OSSES;Dépenses d'équipement;368484.47;0.0;0.0;368484.47;0.36848446999999995;875;421.12510857142854;1;;;;;;;;2;;;2024;875
2024;Non;75;Nouvelle-Aquitaine;64;Pyrénées-Atlantiques;200067106;Communauté d'agglomération du Pays Basque;2;Oui;Oui;Non;1;Non;64437;Ostabat-Asme;Commune;216404376;64437;OSTABAT-ASME;Dépenses d'équipement;27624.86;0.0;0.0;27624.86;0.02762486;220;125.56754545454545;1;;;;;;;;2;;;2024;220
2024;Non;75;Nouvelle-Aquitaine;64;Pyrénées-Atlantiques;200067296;Communauté de communes du Nord Est Béarn;3;Oui;Non;Non;2;Non;64438;Ouillon;Commune;216404384;64438;OUILLON;Dépenses d'équipement;155727.8;0.0;0.0;155727.8;0.1557278;567;274.6522045855379;1;;;;;;;;2;;;2024;567
2024;Non;75;Nouvelle-Aquitaine;64;Pyrénées-Atlantiques;200039204;Communauté de communes de Lacq-Orthez;2;Oui;Non;Non;5;Non;64440;Ozenx-Montestrucq;Commune;216404400;64440;OZENX-MONTESTRUCQ;Dépenses d'équipement;17968.39;0.0;0.0;17968.39;0.01796839;395;45.48959493670886;1;;;;;;;;2;;;2024;395
2024;Non;75;Nouvelle-Aquitaine;64;Pyrénées-Atlantiques;200067106;Communauté d'agglomération du Pays Basque;2;Oui;Oui;Non;1;Non;64441;Pagolle;Commune;216404418;64441;PAGOLLE;Dépenses d'équipement;149641.07;0.0;0.0;149641.07;0.14964107000000001;266;562.5604135338347;1;;;;;;;;2;;;2024;266
2024;Non;75;Nouvelle-Aquitaine;64;Pyrénées-Atlantiques;200039204;Communauté de communes de Lacq-Orthez;2;Non;Non;Non;1;Non;64442;Parbayse;Commune;216404426;64442;PARBAYSE;Dépenses d'équipement;309499.46;0.0;0.0;309499.46;0.30949946;333;929.4278078078079;1;;;;;;;;2;;;2024;333
2024;Non;75;Nouvelle-Aquitaine;64;Pyrénées-Atlantiques;200039204;Communauté de communes de Lacq-Orthez;3;Non;Non;Non;1;Non;64443;Pardies;Commune;216404434;64443;PARDIES;Dépenses d'équipement;824665.63;0.0;0.0;824665.63;0.82466563;936;881.0530235042735;1;;;;;;;;2;;;2024;936
2024;Non;75;Nouvelle-Aquitaine;64;Pyrénées-Atlantiques;246401756;Communauté de communes Pays de Nay;2;Non;Non;Non;2;Non;64444;Pardies-Piétat;Commune;216404442;64444;PARDIES-PIETAT;Dépenses d'équipement;0.0;0.0;0.0;0.0;0.0;473;0.0;1;;;;;;;;2;;;2024;473
2024;Non;75;Nouvelle-Aquitaine;64;Pyrénées-Atlantiques;200067254;Communauté d'agglomération Pau Béarn Pyrénées;9;Non;Non;Oui;2;Oui;64445;Pau;Commune;216404459;64445;PAU;Dépenses d'équipement;30027035.16;2163602.3;0.0;32190637.46;32.19063746;78375;410.72583681020734;1;;;;;;;;2;;;2024;78375
2024;Non;75;Nouvelle-Aquitaine;64;Pyrénées-Atlantiques;200067296;Communauté de communes du Nord Est Béarn;1;Oui;Non;Non;1;Non;64446;Peyrelongue-Abos;Commune;216404467;64446;PEYRELONGUE-ABOS;Dépenses d'équipement;16297.18;0.0;0.0;16297.18;0.01629718;155;105.14309677419355;1;;;;;;;;2;;;2024;155
2024;Non;75;Nouvelle-Aquitaine;64;Pyrénées-Atlantiques;200067239;Communauté de communes des Luys en Béarn;1;Oui;Non;Non;1;Non;64447;Piets-Plasence-Moustrou;Commune;216404475;64447;PIETS-PLASENCE-MOUSTROU;Dépenses d'équipement;3867.59;0.0;0.0;3867.59;0.00386759;140;27.625642857142857;1;;;;;;;;2;;;2024;140
2024;Non;75;Nouvelle-Aquitaine;64;Pyrénées-Atlantiques;200067254;Communauté d'agglomération Pau Béarn Pyrénées;3;Non;Non;Non;2;Non;64448;Poey-de-Lescar;Commune;216404483;64448;POEY-DE-LESCAR;Dépenses d'équipement;2903958.58;0.0;0.0;2903958.58;2.9039585800000003;1871;1552.0890326028862;1;;;;;;;;2;;;2024;1871
2024;Non;75;Nouvelle-Aquitaine;64;Pyrénées-Atlantiques;200067262;Communauté de communes du Haut Béarn;1;Oui;Non;Non;1;Non;64449;Poey-d'Oloron;Commune;216404491;64449;POEY-D'OLORON;Dépenses d'équipement;20203.28;0.0;0.0;20203.28;0.02020328;166;121.70650602409638;1;;;;;;;;2;;;2024;166
2024;Non;75;Nouvelle-Aquitaine;64;Pyrénées-Atlantiques;200067239;Communauté de communes des Luys en Béarn;2;Oui;Non;Non;1;Non;64450;Pomps;Commune;216404509;64450;POMPS;Dépenses d'équipement;105323.28;0.0;0.0;105323.28;0.10532328;303;347.60158415841585;1;;;;;;;;2;;;2024;303
2024;Non;75;Nouvelle-Aquitaine;64;Pyrénées-Atlantiques;200072106;Communauté de communes Adour Madiran;1;Oui;Non;Non;1;Non;64451;Ponson-Debat-Pouts;Commune;216404517;64451;PONSON-DEBAT-POUTS;Dépenses d'équipement;850.0;0.0;0.0;850.0;0.00085;101;8.415841584158416;1;;;;;;;;2;;;2024;101
2024;Non;75;Nouvelle-Aquitaine;64;Pyrénées-Atlantiques;200067296;Communauté de communes du Nord Est Béarn;2;Oui;Non;Non;2;Non;64452;Ponson-Dessus;Commune;216404525;64452;PONSON-DESSUS;Dépenses d'équipement;16164.92;0.0;0.0;16164.92;0.01616492;268;60.31686567164179;1;;;;;;;;2;;;2024;268
2024;Non;75;Nouvelle-Aquitaine;64;Pyrénées-Atlantiques;200067296;Communauté de communes du Nord Est Béarn;4;Non;Non;Non;1;Non;64453;Pontacq;Commune;216404533;64453;PONTACQ;Dépenses d'équipement;1636142.05;0.0;0.0;1636142.05;1.6361420500000001;2962;552.3774645509791;1;;;;;;;;2;;;2024;2962
2024;Non;75;Nouvelle-Aquitaine;64;Pyrénées-Atlantiques;200072106;Communauté de communes Adour Madiran;1;Oui;Non;Non;1;Non;64454;Pontiacq-Viellepinte;Commune;216404541;64454;PONTIACQ-VIELLEPINTE;Dépenses d'équipement;156412.14;0.0;0.0;156412.14;0.15641214;182;859.4073626373627;1;;;;;;;;2;;;2024;182
2024;Non;75;Nouvelle-Aquitaine;64;Pyrénées-Atlantiques;200067239;Communauté de communes des Luys en Béarn;1;Oui;Non;Non;1;Non;64455;Portet;Commune;216404558;64455;PORTET;Dépenses d'équipement;7426.23;0.0;0.0;7426.23;0.00742623;166;44.736325301204815;1;;;;;;;;2;;;2024;166
2024;Non;75;Nouvelle-Aquitaine;64;Pyrénées-Atlantiques;200067239;Communauté de communes des Luys en Béarn;0;Oui;Non;Non;2;Non;64456;Pouliacq;Commune;216404566;64456;POULIACQ;Dépenses d'équipement;47096.84;0.0;0.0;47096.84;0.047096839999999994;53;888.6196226415094;1;;;;;;;;2;;;2024;53
2024;Non;75;Nouvelle-Aquitaine;64;Pyrénées-Atlantiques;200067239;Communauté de communes des Luys en Béarn;1;Oui;Non;Non;1;Non;64457;Poursiugues-Boucoue;Commune;216404574;64457;POURSIUGUES-BOUCOUE;Dépenses d'équipement;99051.88;0.0;0.0;99051.88;0.09905188000000001;189;524.0840211640212;1;;;;;;;;2;;;2024;189
2024;Non;75;Nouvelle-Aquitaine;64;Pyrénées-Atlantiques;200067262;Communauté de communes du Haut Béarn;2;Oui;Non;Non;2;Non;64458;Préchacq-Josbaig;Commune;216404582;64458;PRECHACQ-JOSBAIG;Dépenses d'équipement;1509.6;0.0;0.0;1509.6;0.0015095999999999998;300;5.032;1;;;;;;;;2;;;2024;300
2024;Non;75;Nouvelle-Aquitaine;64;Pyrénées-Atlantiques;200067288;Communauté de communes du Béarn des Gaves;1;Oui;Non;Non;1;Non;64459;Préchacq-Navarrenx;Commune;216404590;64459;PRECHACQ-NAVARRENX;Dépenses d'équipement;4800.4;0.0;0.0;4800.4;0.0048004;182;26.375824175824174;1;;;;;;;;2;;;2024;182
2024;Non;75;Nouvelle-Aquitaine;64;Pyrénées-Atlantiques;200067262;Communauté de communes du Haut Béarn;2;Non;Non;Non;2;Non;64460;Précilhon;Commune;216404608;64460;PRECILHON;Dépenses d'équipement;206351.05;1585.31;0.0;207936.36;0.20793636;408;509.64794117647057;1;;;;;;;;2;;;2024;408
2024;Non;75;Nouvelle-Aquitaine;64;Pyrénées-Atlantiques;246400337;Communauté de communes de la Vallée d'Ossau;3;Oui;Oui;Non;2;Non;64463;Rébénacq;Commune;216404632;64463;REBENACQ;Dépenses d'équipement;166464.07;290.0;0.0;166754.07;0.16675407;653;255.3661102603369;1;;;;;;;;2;;;2024;653
2024;Non;75;Nouvelle-Aquitaine;64;Pyrénées-Atlantiques;200067239;Communauté de communes des Luys en Béarn;0;Oui;Non;Non;1;Non;64464;Ribarrouy;Commune;216404640;64464;RIBARROUY;Dépenses d'équipement;15563.46;0.0;0.0;15563.46;0.01556346;82;189.7982926829268;1;;;;;;;;2;;;2024;82
2024;Non;75;Nouvelle-Aquitaine;64;Pyrénées-Atlantiques;200067296;Communauté de communes du Nord Est Béarn;2;Oui;Non;Non;1;Non;64465;Riupeyrous;Commune;216404657;64465;RIUPEYROUS;Dépenses d'équipement;41890.05;0.0;0.0;41890.05;0.041890050000000005;234;179.0173076923077;1;;;;;;;;2;;;2024;234
2024;Non;75;Nouvelle-Aquitaine;64;Pyrénées-Atlantiques;200067288;Communauté de communes du Béarn des Gaves;2;Oui;Non;Non;1;Non;64466;Rivehaute;Commune;216404665;64466;RIVEHAUTE;Dépenses d'équipement;47430.72;0.0;0.0;47430.72;0.04743072;278;170.61410071942447;1;;;;;;;;2;;;2024;278
2024;Non;75;Nouvelle-Aquitaine;64;Pyrénées-Atlantiques;200067254;Communauté d'agglomération Pau Béarn Pyrénées;3;Non;Non;Non;2;Non;64467;Rontignon;Commune;216404673;64467;RONTIGNON;Dépenses d'équipement;360967.52;0.0;0.0;360967.52;0.36096752000000004;879;410.6570193401593;1;;;;;;;;2;;;2024;879
2024;Non;75;Nouvelle-Aquitaine;64;Pyrénées-Atlantiques;200067106;Communauté d'agglomération du Pays Basque;1;Oui;Oui;Non;1;Non;64468;Roquiague;Commune;216404681;64468;ROQUIAGUE;Dépenses d'équipement;144988.19;0.0;0.0;144988.19;0.14498819;124;1169.2595967741936;1;;;;;;;;2;;;2024;124
2024;Non;75;Nouvelle-Aquitaine;64;Pyrénées-Atlantiques;246401756;Communauté de communes Pays de Nay;2;Non;Non;Non;2;Non;64469;Saint-Abit;Commune;216404699;64469;SAINT-ABIT;Dépenses d'équipement;258470.65;0.0;0.0;258470.65;0.25847064999999997;312;828.4315705128205;1;;;;;;;;2;;;2024;312
2024;Non;75;Nouvelle-Aquitaine;64;Pyrénées-Atlantiques;200067296;Communauté de communes du Nord Est Béarn;3;Oui;Non;Non;2;Non;64470;Saint-Armou;Commune;216404707;64470;SAINT-ARMOU;Dépenses d'équipement;69608.01;0.0;0.0;69608.01;0.06960801;639;108.93272300469482;1;;;;;;;;2;;;2024;639
2024;Non;75;Nouvelle-Aquitaine;64;Pyrénées-Atlantiques;200039204;Communauté de communes de Lacq-Orthez;2;Oui;Non;Non;2;Non;64471;Saint-Boès;Commune;216404715;64471;SAINT-BOES;Dépenses d'équipement;20077.98;1759.14;0.0;21837.12;0.021837119999999998;367;59.501689373297;1;;;;;;;;2;;;2024;367
2024;Non;75;Nouvelle-Aquitaine;64;Pyrénées-Atlantiques;200067296;Communauté de communes du Nord Est Béarn;3;Oui;Non;Non;2;Non;64472;Saint-Castin;Commune;216404723;64472;SAINT-CASTIN;Dépenses d'équipement;116729.62;0.0;0.0;116729.62;0.11672961999999999;868;134.48112903225805;1;;;;;;;;2;;;2024;868
2024;Non;75;Nouvelle-Aquitaine;64;Pyrénées-Atlantiques;246400337;Communauté de communes de la Vallée d'Ossau;2;Oui;Oui;Non;1;Non;64473;Sainte-Colome;Commune;216404731;64473;SAINTE-COLOME;Dépenses d'équipement;42367.63;0.0;0.0;42367.63;0.042367629999999996;364;116.3945879120879;1;;;;;;;;2;;;2024;364
2024;Non;75;Nouvelle-Aquitaine;64;Pyrénées-Atlantiques;200067288;Communauté de communes du Béarn des Gaves;1;Oui;Non;Non;1;Non;64474;Saint-Dos;Commune;216404749;64474;SAINT-DOS;Dépenses d'équipement;0.0;0.0;0.0;0.0;0.0;162;0.0;1;;;;;;;;2;;;2024;162
2024;Non;75;Nouvelle-Aquitaine;64;Pyrénées-Atlantiques;200067106;Communauté d'agglomération du Pays Basque;1;Oui;Oui;Non;1;Non;64475;Sainte-Engrâce;Commune;216404756;64475;SAINTE-ENGRACE;Dépenses d'équipement;0.0;0.0;0.0;0.0;0.0;184;0.0;1;;;;;;;;2;;;2024;184
2024;Non;75;Nouvelle-Aquitaine;64;Pyrénées-Atlantiques;200067106;Communauté d'agglomération du Pays Basque;2;Oui;Oui;Non;1;Non;64476;Saint-Esteben;Commune;216404764;64476;SAINT-ESTEBEN;Dépenses d'équipement;222852.62;0.0;0.0;222852.62;0.22285262;440;506.4832272727273;1;;;;;;;;2;;;2024;440
2024;Non;75;Nouvelle-Aquitaine;64;Pyrénées-Atlantiques;200067106;Communauté d'agglomération du Pays Basque;3;Oui;Oui;Oui;2;Non;64477;Saint-Étienne-de-Baïgorry;Commune;216404772;64477;SAINT-ETIENNE-DE-BAIGORRY;Dépenses d'équipement;618916.57;29693.0;0.0;648609.57;0.64860957;1550;418.45778709677415;1;;;;;;;;2;;;2024;1550
2024;Non;75;Nouvelle-Aquitaine;64;Pyrénées-Atlantiques;200067254;Communauté d'agglomération Pau Béarn Pyrénées;3;Non;Oui;Non;2;Non;64478;Saint-Faust;Commune;216404780;64478;SAINT-FAUST;Dépenses d'équipement;123772.95;0.0;0.0;123772.95;0.12377294999999999;759;163.07371541501976;1;;;;;;;;2;;;2024;759
2024;Non;75;Nouvelle-Aquitaine;64;Pyrénées-Atlantiques;200039204;Communauté de communes de Lacq-Orthez;1;Oui;Non;Non;2;Non;64479;Saint-Girons-en-Béarn;Commune;216404798;64479;SAINT-GIRONS;Dépenses d'équipement;5273.35;0.0;0.0;5273.35;0.00527335;180;29.29638888888889;1;;;;;;;;2;;;2024;180
2024;Non;75;Nouvelle-Aquitaine;64;Pyrénées-Atlantiques;200067288;Communauté de communes du Béarn des Gaves;2;Oui;Non;Non;1;Non;64480;Saint-Gladie-Arrive-Munein;Commune;216404806;64480;SAINT-GLADIE-ARRIVE-MUNEIN;Dépenses d'équipement;2884.33;0.0;0.0;2884.33;0.00288433;204;14.138872549019608;1;;;;;;;;2;;;2024;204
2024;Non;75;Nouvelle-Aquitaine;64;Pyrénées-Atlantiques;200067262;Communauté de communes du Haut Béarn;2;Oui;Non;Non;1;Non;64481;Saint-Goin;Commune;216404814;64481;SAINT-GOIN;Dépenses d'équipement;34341.46;0.0;0.0;34341.46;0.03434146;234;146.75837606837607;1;;;;;;;;2;;;2024;234
2024;Non;75;Nouvelle-Aquitaine;64;Pyrénées-Atlantiques;200067296;Communauté de communes du Nord Est Béarn;3;Non;Non;Non;2;Non;64482;Saint-Jammes;Commune;216404822;64482;SAINT-JAMMES;Dépenses d'équipement;147539.47;0.0;0.0;147539.47;0.14753947;642;229.8122585669782;1;;;;;;;;2;;;2024;642
2024;Non;75;Nouvelle-Aquitaine;64;Pyrénées-Atlantiques;200067106;Communauté d'agglomération du Pays Basque;7;Non;Non;Oui;3;Non;64483;Saint-Jean-de-Luz;Commune;216404830;64483;SAINT-JEAN-DE-LUZ;Dépenses d'équipement;11473422.36;4802.0;0.0;11478224.36;11.478224359999999;15007;764.8580235889917;1;;;;;;;;2;;;2024;15007
2024;Non;75;Nouvelle-Aquitaine;64;Pyrénées-Atlantiques;200067106;Communauté d'agglomération du Pays Basque;3;Non;Oui;Oui;2;Non;64484;Saint-Jean-le-Vieux;Commune;216404848;64484;SAINT-JEAN-LE-VIEUX;Dépenses d'équipement;73930.73;0.0;0.0;73930.73;0.07393073;871;84.88028702640642;1;;;;;;;;2;;;2024;871
2024;Non;75;Nouvelle-Aquitaine;64;Pyrénées-Atlantiques;200067106;Communauté d'agglomération du Pays Basque;3;Non;Oui;Oui;1;Non;64485;Saint-Jean-Pied-de-Port;Commune;216404855;64485;SAINT-JEAN-PIED-DE-PORT;Dépenses d'équipement;1323490.83;722.5;0.0;1324213.33;1.32421333;1797;736.9022426265999;1;;;;;;;;2;;;2024;1797
2024;Non;75;Nouvelle-Aquitaine;64;Pyrénées-Atlantiques;200067239;Communauté de communes des Luys en Béarn;0;Oui;Non;Non;1;Non;64486;Saint-Jean-Poudge;Commune;216404863;64486;SAINT-JEAN-POUDGE;Dépenses d'équipement;1620.58;0.0;0.0;1620.58;0.00162058;73;22.199726027397258;1;;;;;;;;2;;;2024;73
2024;Non;75;Nouvelle-Aquitaine;64;Pyrénées-Atlantiques;200067106;Communauté d'agglomération du Pays Basque;2;Oui;Oui;Non;1;Non;64487;Saint-Just-Ibarre;Commune;216404871;64487;SAINT-JUST-IBARRE;Dépenses d'équipement;84757.23;0.0;0.0;84757.23;0.08475723;204;415.4766176470588;1;;;;;;;;2;;;2024;204
2024;Non;75;Nouvelle-Aquitaine;64;Pyrénées-Atlantiques;200067296;Communauté de communes du Nord Est Béarn;2;Oui;Non;Non;2;Non;64488;Saint-Laurent-Bretagne;Commune;216404889;64488;SAINT-LAURENT-BRETAGNE;Dépenses d'équipement;179005.76;0.0;0.0;179005.76;0.17900576;454;394.2858149779736;1;;;;;;;;2;;;2024;454
2024;Non;75;Nouvelle-Aquitaine;64;Pyrénées-Atlantiques;200067106;Communauté d'agglomération du Pays Basque;2;Oui;Oui;Non;1;Non;64489;Saint-Martin-d'Arberoue;Commune;216404897;64489;SAINT-MARTIN-D'ARBEROUE;Dépenses d'équipement;951464.55;0.0;0.0;951464.55;0.9514645500000001;354;2687.752966101695;1;;;;;;;;2;;;2024;354
2024;Non;75;Nouvelle-Aquitaine;64;Pyrénées-Atlantiques;200067106;Communauté d'agglomération du Pays Basque;3;Oui;Oui;Non;1;Non;64490;Saint-Martin-d'Arrossa;Commune;216404905;64490;SAINT-MARTIN-D'ARROSSA;Dépenses d'équipement;207382.89;0.0;0.0;207382.89;0.20738289000000001;560;370.3265892857143;1;;;;;;;;2;;;2024;560
2024;Non;75;Nouvelle-Aquitaine;64;Pyrénées-Atlantiques;200039204;Communauté de communes de Lacq-Orthez;2;Oui;Non;Non;1;Non;64491;Saint-Médard;Commune;216404913;64491;SAINT-MEDARD;Dépenses d'équipement;74199.15;1440.0;0.0;75639.15;0.07563914999999999;206;367.1803398058252;1;;;;;;;;2;;;2024;206
2024;Non;75;Nouvelle-Aquitaine;64;Pyrénées-Atlantiques;200067106;Communauté d'agglomération du Pays Basque;2;Oui;Oui;Non;1;Non;64492;Saint-Michel;Commune;216404921;64492;SAINT-MICHEL;Dépenses d'équipement;31063.8;0.0;0.0;31063.8;0.0310638;296;104.94527027027027;1;;;;;;;;2;;;2024;296
2024;Non;75;Nouvelle-Aquitaine;64;Pyrénées-Atlantiques;200067106;Communauté d'agglomération du Pays Basque;4;Non;Non;Non;1;Non;64493;Saint-Palais;Commune;216404939;64493;SAINT-PALAIS;Dépenses d'équipement;493764.22;79917.56;0.0;573681.78;0.57368178;2133;268.95535864978905;1;;;;;;;;2;;;2024;2133
2024;Non;75;Nouvelle-Aquitaine;64;Pyrénées-Atlantiques;200067288;Communauté de communes du Béarn des Gaves;2;Oui;Non;Non;1;Non;64494;Saint-Pé-de-Léren;Commune;216404947;64494;SAINT-PE-DE-LEREN;Dépenses d'équipement;68863.74;0.0;0.0;68863.74;0.06886374;271;254.109741697417;1;;;;;;;;2;;;2024;271
2024;Non;75;Nouvelle-Aquitaine;64;Pyrénées-Atlantiques;200067106;Communauté d'agglomération du Pays Basque;6;Non;Oui;Oui;2;Non;64495;Saint-Pée-sur-Nivelle;Commune;216404954;64495;SAINT-PEE-SUR-NIVELLE;Dépenses d'équipement;1386603.12;33821.4;0.0;1420424.52;1.42042452;7361;192.96624371688628;1;;;;;;;;2;;;2024;7361
2024;Non;75;Nouvelle-Aquitaine;64;Pyrénées-Atlantiques;200067106;Communauté d'agglomération du Pays Basque;6;Non;Non;Non;2;Non;64496;Saint-Pierre-d'Irube;Commune;216404962;64496;SAINT-PIERRE-D'IRUBE;Dépenses d'équipement;5286769.97;0.0;0.0;5286769.97;5.28676997;5923;892.5831453655242;1;;;;;;;;2;;;2024;5923
2024;Non;75;Nouvelle-Aquitaine;64;Pyrénées-Atlantiques;246401756;Communauté de communes Pays de Nay;2;Oui;Oui;Non;1;Non;64498;Saint-Vincent;Commune;216404988;64498;SAINT-VINCENT;Dépenses d'équipement;281175.99;0.0;0.0;281175.99;0.28117599;400;702.939975;1;;;;;;;;2;;;2024;400
2024;Non;75;Nouvelle-Aquitaine;64;Pyrénées-Atlantiques;200067288;Communauté de communes du Béarn des Gaves;5;Non;Non;Oui;2;Non;64499;Salies-de-Béarn;Commune;216404996;64499;SALIES-DE-BEARN;Dépenses d'équipement;1431754.18;113418.73;0.0;1545172.91;1.54517291;4675;330.5182695187166;1;;;;;;;;2;;;2024;4675
2024;Non;75;Nouvelle-Aquitaine;64;Pyrénées-Atlantiques;200039204;Communauté de communes de Lacq-Orthez;2;Oui;Non;Non;2;Non;64500;Salles-Mongiscard;Commune;216405001;64500;SALLES-MONGISCARD;Dépenses d'équipement;2115.0;0.0;0.0;2115.0;0.002115;314;6.735668789808917;1;;;;;;;;2;;;2024;314
2024;Non;75;Nouvelle-Aquitaine;64;Pyrénées-Atlantiques;200039204;Communauté de communes de Lacq-Orthez;3;Oui;Non;Non;2;Non;64501;Sallespisse;Commune;216405019;64501;SALLESPISSE;Dépenses d'équipement;36871.89;0.0;0.0;36871.89;0.03687189;591;62.388984771573604;1;;;;;;;;2;;;2024;591
2024;Non;75;Nouvelle-Aquitaine;64;Pyrénées-Atlantiques;200067106;Communauté d'agglomération du Pays Basque;3;Oui;Non;Non;1;Non;64502;Sames;Commune;216405027;64502;SAMES;Dépenses d'équipement;87155.56;0.0;0.0;87155.56;0.08715555999999999;730;119.39117808219177;1;;;;;;;;2;;;2024;730
2024;Non;75;Nouvelle-Aquitaine;64;Pyrénées-Atlantiques;200067296;Communauté de communes du Nord Est Béarn;0;Oui;Non;Non;1;Non;64503;Samsons-Lion;Commune;216405035;64503;SAMSONS-LION;Dépenses d'équipement;37980.79;0.0;0.0;37980.79;0.03798079;96;395.6332291666667;1;;;;;;;;2;;;2024;96
2024;Non;75;Nouvelle-Aquitaine;64;Pyrénées-Atlantiques;200067106;Communauté d'agglomération du Pays Basque;4;Oui;Oui;Oui;2;Non;64504;Sare;Commune;216405043;64504;SARE;Dépenses d'équipement;454847.17;31951.37;0.0;486798.54;0.48679854;2758;176.50418419144307;1;;;;;;;;2;;;2024;2758
2024;Non;75;Nouvelle-Aquitaine;64;Pyrénées-Atlantiques;200039204;Communauté de communes de Lacq-Orthez;2;Non;Non;Non;1;Non;64505;Sarpourenx;Commune;216405050;64505;SARPOURENX;Dépenses d'équipement;2009.32;0.0;0.0;2009.32;0.0020093199999999998;304;6.609605263157895;1;;;;;;;;2;;;2024;304
2024;Non;75;Nouvelle-Aquitaine;64;Pyrénées-Atlantiques;200067262;Communauté de communes du Haut Béarn;1;Oui;Oui;Non;1;Non;64506;Sarrance;Commune;216405068;64506;SARRANCE;Dépenses d'équipement;159797.49;79447.33;0.0;239244.82;0.23924482;158;1514.2077215189875;1;;;;;;;;2;;;2024;158
2024;Non;75;Nouvelle-Aquitaine;64;Pyrénées-Atlantiques;200067296;Communauté de communes du Nord Est Béarn;1;Oui;Non;Non;1;Non;64507;Saubole;Commune;216405076;64507;SAUBOLE;Dépenses d'équipement;41823.51;0.0;0.0;41823.51;0.04182351;146;286.462397260274;1;;;;;;;;2;;;2024;146
2024;Non;75;Nouvelle-Aquitaine;64;Pyrénées-Atlantiques;200067262;Communauté de communes du Haut Béarn;1;Oui;Non;Non;1;Non;64508;Saucède;Commune;216405084;64508;SAUCEDE;Dépenses d'équipement;27456.1;0.0;0.0;27456.1;0.027456099999999997;131;209.5885496183206;1;;;;;;;;2;;;2024;131
2024;Non;75;Nouvelle-Aquitaine;64;Pyrénées-Atlantiques;200067106;Communauté d'agglomération du Pays Basque;1;Oui;Oui;Non;2;Non;64509;Sauguis-Saint-Étienne;Commune;216405092;64509;SAUGUIS-SAINT-ETIENNE;Dépenses d'équipement;12894.0;0.0;0.0;12894.0;0.012894;174;74.10344827586206;1;;;;;;;;2;;;2024;174
2024;Non;75;Nouvelle-Aquitaine;64;Pyrénées-Atlantiques;200039204;Communauté de communes de Lacq-Orthez;3;Oui;Non;Non;1;Non;64510;Sault-de-Navailles;Commune;216405100;64510;SAULT-DE-NAVAILLES;Dépenses d'équipement;124361.3;0.0;0.0;124361.3;0.12436130000000001;960;129.54302083333334;1;;;;;;;;2;;;2024;960
2024;Non;75;Nouvelle-Aquitaine;64;Pyrénées-Atlantiques;200067239;Communauté de communes des Luys en Béarn;5;Non;Non;Non;2;Non;64511;Sauvagnon;Commune;216405118;64511;SAUVAGNON;Dépenses d'équipement;1914346.42;0.0;0.0;1914346.42;1.91434642;3570;536.2314901960784;1;;;;;;;;2;;;2024;3570
2024;Non;75;Nouvelle-Aquitaine;64;Pyrénées-Atlantiques;200039204;Communauté de communes de Lacq-Orthez;2;Oui;Non;Non;3;Non;64512;Sauvelade;Commune;216405126;64512;SAUVELADE;Dépenses d'équipement;33190.65;0.0;0.0;33190.65;0.03319065;272;122.02444852941177;1;;;;;;;;2;;;2024;272
2024;Non;75;Nouvelle-Aquitaine;64;Pyrénées-Atlantiques;200067288;Communauté de communes du Béarn des Gaves;3;Oui;Non;Non;1;Non;64513;Sauveterre-de-Béarn;Commune;216405134;64513;SAUVETERRE-DE-BEARN;Dépenses d'équipement;426258.39;664162.89;0.0;1090421.28;1.09042128;1464;744.8232786885246;1;;;;;;;;2;;;2024;1464
2024;Non;75;Nouvelle-Aquitaine;64;Pyrénées-Atlantiques;200067239;Communauté de communes des Luys en Béarn;2;Oui;Non;Non;1;Non;64514;Séby;Commune;216405142;64514;SEBY;Dépenses d'équipement;18969.81;0.0;0.0;18969.81;0.01896981;205;92.53565853658537;1;;;;;;;;2;;;2024;205
2024;Non;75;Nouvelle-Aquitaine;64;Pyrénées-Atlantiques;200072106;Communauté de communes Adour Madiran;2;Oui;Non;Non;1;Non;64515;Sedze-Maubecq;Commune;216405159;64515;SEDZE-MAUBECQ;Dépenses d'équipement;125065.52;0.0;0.0;125065.52;0.12506552;240;521.1063333333334;1;;;;;;;;2;;;2024;240
2024;Non;75;Nouvelle-Aquitaine;64;Pyrénées-Atlantiques;200067296;Communauté de communes du Nord Est Béarn;2;Oui;Non;Non;2;Non;64516;Sedzère;Commune;216405167;64516;SEDZERE;Dépenses d'équipement;27303.6;0.0;0.0;27303.6;0.027303599999999997;380;71.85157894736842;1;;;;;;;;2;;;2024;380
2024;Non;75;Nouvelle-Aquitaine;64;Pyrénées-Atlantiques;200067296;Communauté de communes du Nord Est Béarn;1;Oui;Non;Non;1;Non;64517;Séméacq-Blachon;Commune;216405175;64517;SEMEACQ-BLACHON;Dépenses d'équipement;22228.48;0.0;0.0;22228.48;0.02222848;167;133.10467065868264;1;;;;;;;;2;;;2024;167
2024;Non;75;Nouvelle-Aquitaine;64;Pyrénées-Atlantiques;200067239;Communauté de communes des Luys en Béarn;5;Non;Non;Non;2;Non;64519;Serres-Castet;Commune;216405191;64519;SERRES-CASTET;Dépenses d'équipement;1537830.66;0.0;0.0;1537830.66;1.53783066;4504;341.43664742451153;1;;;;;;;;2;;;2024;4504
2024;Non;75;Nouvelle-Aquitaine;64;Pyrénées-Atlantiques;200067296;Communauté de communes du Nord Est Béarn;3;Non;Non;Non;4;Non;64520;Serres-Morlaàs;Commune;216405209;64520;SERRES-MORLAAS;Dépenses d'équipement;156418.75;0.0;0.0;156418.75;0.15641875;866;180.62211316397227;1;;;;;;;;2;;;2024;866
2024;Non;75;Nouvelle-Aquitaine;64;Pyrénées-Atlantiques;200039204;Communauté de communes de Lacq-Orthez;3;Oui;Non;Non;2;Non;64521;Serres-Sainte-Marie;Commune;216405217;64521;SERRES-SAINTE-MARIE;Dépenses d'équipement;310222.72;0.0;0.0;310222.72;0.31022271999999995;617;502.7920907617504;1;;;;;;;;2;;;2024;617
2024;Non;75;Nouvelle-Aquitaine;64;Pyrénées-Atlantiques;246400337;Communauté de communes de la Vallée d'Ossau;3;Non;Oui;Non;1;Non;64522;Sévignacq-Meyracq;Commune;216405225;64522;SEVIGNACQ-MEYRACQ;Dépenses d'équipement;221388.13;0.0;0.0;221388.13;0.22138813000000002;568;389.76783450704227;1;;;;;;;;2;;;2024;568
2024;Non;75;Nouvelle-Aquitaine;64;Pyrénées-Atlantiques;200067239;Communauté de communes des Luys en Béarn;3;Oui;Non;Non;1;Non;64523;Sévignacq;Commune;216405233;64523;SEVIGNACQ;Dépenses d'équipement;185330.59;0.0;0.0;185330.59;0.18533059;800;231.6632375;1;;;;;;;;2;;;2024;800
2024;Non;75;Nouvelle-Aquitaine;64;Pyrénées-Atlantiques;200067296;Communauté de communes du Nord Est Béarn;2;Oui;Non;Non;1;Non;64524;Simacourbe;Commune;216405241;64524;SIMACOURBE;Dépenses d'équipement;34298.28;0.0;0.0;34298.28;0.03429828;422;81.27554502369668;1;;;;;;;;2;;;2024;422
2024;Non;75;Nouvelle-Aquitaine;64;Pyrénées-Atlantiques;200067254;Communauté d'agglomération Pau Béarn Pyrénées;3;Non;Non;Non;2;Non;64525;Siros;Commune;216405258;64525;SIROS;Dépenses d'équipement;94389.59;0.0;0.0;94389.59;0.09438959;833;113.31283313325329;1;;;;;;;;2;;;2024;833
2024;Non;75;Nouvelle-Aquitaine;64;Pyrénées-Atlantiques;200067296;Communauté de communes du Nord Est Béarn;3;Non;Non;Non;2;Non;64526;Soumoulou;Commune;216405266;64526;SOUMOULOU;Dépenses d'équipement;1165158.66;0.0;0.0;1165158.66;1.16515866;1603;726.8612975670617;1;;;;;;;;2;;;2024;1603
2024;Non;75;Nouvelle-Aquitaine;64;Pyrénées-Atlantiques;200067106;Communauté d'agglomération du Pays Basque;3;Oui;Oui;Non;2;Non;64527;Souraïde;Commune;216405274;64527;SOURAIDE;Dépenses d'équipement;506030.25;0.0;0.0;506030.25;0.50603025;1537;329.23243331164605;1;;;;;;;;2;;;2024;1537
2024;Non;75;Nouvelle-Aquitaine;64;Pyrénées-Atlantiques;200067106;Communauté d'agglomération du Pays Basque;1;Oui;Oui;Non;1;Non;64528;Suhescun;Commune;216405282;64528;SUHESCUN;Dépenses d'équipement;190306.18;0.0;0.0;190306.18;0.19030618;172;1106.4312790697675;1;;;;;;;;2;;;2024;172
2024;Non;75;Nouvelle-Aquitaine;64;Pyrénées-Atlantiques;200067288;Communauté de communes du Béarn des Gaves;2;Non;Non;Non;1;Non;64529;Sus;Commune;216405290;64529;SUS;Dépenses d'équipement;14614.86;0.0;0.0;14614.86;0.01461486;389;37.570334190231364;1;;;;;;;;2;;;2024;389
2024;Non;75;Nouvelle-Aquitaine;64;Pyrénées-Atlantiques;200067288;Communauté de communes du Béarn des Gaves;2;Non;Non;Non;2;Non;64530;Susmiou;Commune;216405308;64530;SUSMIOU;Dépenses d'équipement;54333.12;0.0;0.0;54333.12;0.054333120000000006;362;150.09149171270718;1;;;;;;;;2;;;2024;362
2024;Non;75;Nouvelle-Aquitaine;64;Pyrénées-Atlantiques;200067288;Communauté de communes du Béarn des Gaves;0;Oui;Non;Non;1;Non;64531;Tabaille-Usquain;Commune;216405316;64531;TABAILLE-USQUAIN;Dépenses d'équipement;26260.35;0.0;0.0;26260.35;0.02626035;47;558.7308510638297;1;;;;;;;;2;;;2024;47
2024;Non;75;Nouvelle-Aquitaine;64;Pyrénées-Atlantiques;200067239;Communauté de communes des Luys en Béarn;0;Oui;Non;Non;0;Non;64532;Tadousse-Ussau;Commune;216405324;64532;TADOUSSE-USSAU;Dépenses d'équipement;0.0;0.0;0.0;0.0;0.0;73;0.0;1;;;;;;;;2;;;2024;73
2024;Non;75;Nouvelle-Aquitaine;64;Pyrénées-Atlantiques;200067106;Communauté d'agglomération du Pays Basque;3;Oui;Oui;Non;1;Non;64533;Tardets-Sorholus;Commune;216405332;64533;TARDETS-SORHOLUS;Dépenses d'équipement;235149.18;0.0;0.0;235149.18;0.23514917999999999;582;404.0363917525773;1;;;;;;;;2;;;2024;582
2024;Non;75;Nouvelle-Aquitaine;64;Pyrénées-Atlantiques;200067239;Communauté de communes des Luys en Béarn;1;Oui;Non;Non;1;Non;64534;Taron-Sadirac-Viellenave;Commune;216405340;64534;TARON-SADIRAC-VIELLENAVE;Dépenses d'équipement;204195.16;0.0;0.0;204195.16;0.20419516000000001;180;1134.4175555555555;1;;;;;;;;2;;;2024;180
2024;Non;75;Nouvelle-Aquitaine;64;Pyrénées-Atlantiques;200039204;Communauté de communes de Lacq-Orthez;3;Oui;Non;Non;2;Non;64535;Tarsacq;Commune;216405357;64535;TARSACQ;Dépenses d'équipement;268072.0;0.0;0.0;268072.0;0.268072;542;494.59778597785976;1;;;;;;;;2;;;2024;542
2024;Non;75;Nouvelle-Aquitaine;64;Pyrénées-Atlantiques;200067239;Communauté de communes des Luys en Béarn;3;Oui;Non;Non;2;Non;64536;Thèze;Commune;216405365;64536;THEZE;Dépenses d'équipement;102614.27;0.0;0.0;102614.27;0.10261427000000001;897;114.39717948717949;1;;;;;;;;2;;;2024;897
2024;Non;75;Nouvelle-Aquitaine;64;Pyrénées-Atlantiques;200067106;Communauté d'agglomération du Pays Basque;1;Oui;Oui;Non;2;Non;64537;Trois-Villes;Commune;216405373;64537;TROIS-VILLES;Dépenses d'équipement;6326.8;0.0;0.0;6326.8;0.0063268000000000005;136;46.52058823529412;1;;;;;;;;2;;;2024;136
2024;Non;75;Nouvelle-Aquitaine;64;Pyrénées-Atlantiques;200067106;Communauté d'agglomération du Pays Basque;3;Non;Oui;Non;2;Non;64538;Uhart-Cize;Commune;216405381;64538;UHART-CIZE;Dépenses d'équipement;101452.58;0.0;0.0;101452.58;0.10145258;820;123.72265853658537;1;;;;;;;;2;;;2024;820
2024;Non;75;Nouvelle-Aquitaine;64;Pyrénées-Atlantiques;200067106;Communauté d'agglomération du Pays Basque;2;Oui;Oui;Non;1;Non;64539;Uhart-Mixe;Commune;216405399;64539;UHART-MIXE;Dépenses d'équipement;84670.98;0.0;0.0;84670.98;0.08467097999999999;220;384.8680909090909;1;;;;;;;;2;;;2024;220
2024;Non;75;Nouvelle-Aquitaine;64;Pyrénées-Atlantiques;200067106;Communauté d'agglomération du Pays Basque;4;Non;Non;Non;2;Non;64540;Urcuit;Commune;216405407;64540;URCUIT;Dépenses d'équipement;2250650.32;0.0;0.0;2250650.32;2.2506503199999996;2992;752.2227005347593;1;;;;;;;;2;;;2024;2992
2024;Non;75;Nouvelle-Aquitaine;64;Pyrénées-Atlantiques;200067262;Communauté de communes du Haut Béarn;0;Oui;Oui;Non;2;Non;64542;Urdos;Commune;216405423;64542;URDOS;Dépenses d'équipement;16294.32;607.5;0.0;16901.82;0.01690182;69;244.95391304347825;1;;;;;;;;2;;;2024;69
2024;Non;75;Nouvelle-Aquitaine;64;Pyrénées-Atlantiques;200067106;Communauté d'agglomération du Pays Basque;2;Oui;Oui;Non;0;Non;64543;Urepel;Commune;216405431;64543;UREPEL;Dépenses d'équipement;185253.86;0.0;0.0;185253.86;0.18525386;281;659.2664056939501;1;;;;;;;;2;;;2024;281
2024;Non;75;Nouvelle-Aquitaine;64;Pyrénées-Atlantiques;200067296;Communauté de communes du Nord Est Béarn;0;Oui;Non;Non;2;Non;64544;Urost;Commune;216405449;64544;UROST;Dépenses d'équipement;661.76;0.0;0.0;661.76;0.00066176;78;8.484102564102564;1;;;;;;;;2;;;2024;78
2024;Non;75;Nouvelle-Aquitaine;64;Pyrénées-Atlantiques;200067106;Communauté d'agglomération du Pays Basque;7;Non;Non;Oui;2;Non;64545;Urrugne;Commune;216405456;64545;URRUGNE;Dépenses d'équipement;3599359.66;0.0;0.0;3599359.66;3.59935966;10704;336.2630474588939;1;;;;;;;;2;;;2024;10704
2024;Non;75;Nouvelle-Aquitaine;64;Pyrénées-Atlantiques;200067106;Communauté d'agglomération du Pays Basque;4;Oui;Non;Non;2;Non;64546;Urt;Commune;216405464;64546;URT;Dépenses d'équipement;436114.35;0.0;0.0;436114.35;0.43611435;2390;182.47462343096234;1;;;;;;;;2;;;2024;2390
2024;Non;75;Nouvelle-Aquitaine;64;Pyrénées-Atlantiques;200067106;Communauté d'agglomération du Pays Basque;6;Non;Non;Non;2;Non;64547;Ustaritz;Commune;216405472;64547;USTARITZ;Dépenses d'équipement;1762914.09;0.0;0.0;1762914.09;1.76291409;7755;227.32612379110253;1;;;;;;;;2;;;2024;7755
2024;Non;75;Nouvelle-Aquitaine;64;Pyrénées-Atlantiques;200067239;Communauté de communes des Luys en Béarn;1;Oui;Non;Non;2;Non;64548;Uzan;Commune;216405480;64548;UZAN;Dépenses d'équipement;35564.65;0.0;0.0;35564.65;0.03556465;168;211.69434523809525;1;;;;;;;;2;;;2024;168
2024;Non;75;Nouvelle-Aquitaine;64;Pyrénées-Atlantiques;200067254;Communauté d'agglomération Pau Béarn Pyrénées;3;Oui;Non;Non;2;Non;64549;Uzein;Commune;216405498;64549;UZEIN;Dépenses d'équipement;219634.08;0.0;0.0;219634.08;0.21963407999999998;1310;167.6596030534351;1;;;;;;;;2;;;2024;1310
2024;Non;75;Nouvelle-Aquitaine;64;Pyrénées-Atlantiques;200067254;Communauté d'agglomération Pau Béarn Pyrénées;3;Non;Non;Non;3;Non;64550;Uzos;Commune;216405506;64550;UZOS;Dépenses d'équipement;70551.41;0.0;0.0;70551.41;0.07055141000000001;860;82.03652325581396;1;;;;;;;;2;;;2024;860
2024;Non;75;Nouvelle-Aquitaine;64;Pyrénées-Atlantiques;200067262;Communauté de communes du Haut Béarn;2;Oui;Non;Non;1;Non;64551;Verdets;Commune;216405514;64551;VERDETS;Dépenses d'équipement;190107.24;0.0;0.0;190107.24;0.19010723999999998;302;629.4941721854304;1;;;;;;;;2;;;2024;302
2024;Non;75;Nouvelle-Aquitaine;64;Pyrénées-Atlantiques;200067239;Communauté de communes des Luys en Béarn;1;Oui;Non;Non;1;Non;64552;Vialer;Commune;216405522;64552;VIALER;Dépenses d'équipement;1175.76;0.0;0.0;1175.76;0.00117576;168;6.998571428571428;1;;;;;;;;2;;;2024;168
2024;Non;75;Nouvelle-Aquitaine;64;Pyrénées-Atlantiques;200039204;Communauté de communes de Lacq-Orthez;2;Oui;Non;Non;1;Non;64554;Viellenave-d'Arthez;Commune;216405548;64554;VIELLENAVE-D'ARTHEZ;Dépenses d'équipement;28705.99;0.0;0.0;28705.99;0.02870599;222;129.30626126126126;1;;;;;;;;2;;;2024;222
2024;Non;75;Nouvelle-Aquitaine;64;Pyrénées-Atlantiques;200067288;Communauté de communes du Béarn des Gaves;1;Oui;Non;Non;1;Non;64555;Viellenave-de-Navarrenx;Commune;216405555;64555;VIELLENAVE-DE-NAVARRENX;Dépenses d'équipement;22808.4;0.0;0.0;22808.4;0.022808400000000003;167;136.57724550898203;1;;;;;;;;2;;;2024;167
2024;Non;75;Nouvelle-Aquitaine;64;Pyrénées-Atlantiques;200039204;Communauté de communes de Lacq-Orthez;2;Oui;Non;Non;2;Non;64556;Vielleségure;Commune;216405563;64556;VIELLESEGURE;Dépenses d'équipement;22597.65;0.0;0.0;22597.65;0.02259765;390;57.94269230769231;1;;;;;;;;2;;;2024;390
2024;Non;75;Nouvelle-Aquitaine;64;Pyrénées-Atlantiques;200067239;Communauté de communes des Luys en Béarn;2;Oui;Non;Non;2;Non;64557;Vignes;Commune;216405571;64557;VIGNES;Dépenses d'équipement;18443.67;0.0;0.0;18443.67;0.01844367;470;39.241851063829785;1;;;;;;;;2;;;2024;470
2024;Non;75;Nouvelle-Aquitaine;64;Pyrénées-Atlantiques;200067106;Communauté d'agglomération du Pays Basque;4;Non;Non;Non;2;Non;64558;Villefranque;Commune;216405589;64558;VILLEFRANQUE;Dépenses d'équipement;1057257.78;2715.46;0.0;1059973.24;1.05997324;2973;356.53321224352504;1;;;;;;;;2;;;2024;2973
2024;Non;75;Nouvelle-Aquitaine;64;Pyrénées-Atlantiques;200067106;Communauté d'agglomération du Pays Basque;3;Non;Oui;Non;2;Non;64559;Viodos-Abense-de-Bas;Commune;216405597;64559;VIODOS-ABENSE-DE-BAS;Dépenses d'équipement;34544.65;2410.68;0.0;36955.33;0.03695533;764;48.370850785340316;1;;;;;;;;2;;;2024;764
2024;Non;75;Nouvelle-Aquitaine;64;Pyrénées-Atlantiques;200067239;Communauté de communes des Luys en Béarn;1;Oui;Non;Non;2;Non;64560;Viven;Commune;216405605;64560;VIVEN;Dépenses d'équipement;21931.99;0.0;0.0;21931.99;0.021931990000000002;176;124.61357954545456;1;;;;;;;;2;;;2024;176
2024;Non;75;Nouvelle-Aquitaine;64;Pyrénées-Atlantiques;200067254;Communauté d'agglomération Pau Béarn Pyrénées;3;Non;Non;Non;4;Non;64329;Lée;Commune;216405712;64329;LEE;Dépenses d'équipement;419236.69;0.0;0.0;419236.69;0.41923669;1307;320.76257842387145;1;;;;;;;;2;;;2024;1307
2024;Non;75;Nouvelle-Aquitaine;64;Pyrénées-Atlantiques;200067262;Communauté de communes du Haut Béarn;3;Non;Non;Non;2;Non;64007;Agnos;Commune;216405803;64007;AGNOS;Dépenses d'équipement;40225.0;0.0;0.0;40225.0;0.040225;1064;37.80545112781955;1;;;;;;;;2;;;2024;1064
2024;Non;75;Nouvelle-Aquitaine;64;Pyrénées-Atlantiques;200039204;Communauté de communes de Lacq-Orthez;3;Oui;Non;Non;1;Non;64349;Loubieng;Commune;216405811;64349;LOUBIENG;Dépenses d'équipement;110653.38;0.0;0.0;110653.38;0.11065338000000001;515;214.86093203883496;1;;;;;;;;2;;;2024;515
2024;Non;75;Nouvelle-Aquitaine;64;Pyrénées-Atlantiques;200067296;Communauté de communes du Nord Est Béarn;1;Oui;Non;Non;1;Non;64311;Lannecaube;Commune;216405829;64311;LANNECAUBE;Dépenses d'équipement;350.0;0.0;0.0;350.0;0.00035;151;2.3178807947019866;1;;;;;;;;2;;;2024;151
2024;Non;75;Nouvelle-Aquitaine;64;Pyrénées-Atlantiques;200039204;Communauté de communes de Lacq-Orthez;1;Oui;Non;Non;2;Non;64179;Castetner;Commune;216405845;64179;CASTETNER;Dépenses d'équipement;17190.0;0.0;0.0;17190.0;0.01719;141;121.91489361702128;1;;;;;;;;2;;;2024;141
2024;Non;75;Nouvelle-Aquitaine;64;Pyrénées-Atlantiques;200039204;Communauté de communes de Lacq-Orthez;2;Non;Non;Non;2;Non;64462;Ramous;Commune;216405852;64462;RAMOUS;Dépenses d'équipement;0.0;0.0;0.0;0.0;0.0;493;0.0;1;;;;;;;;2;;;2024;493
2024;Non;75;Nouvelle-Aquitaine;64;Pyrénées-Atlantiques;200067262;Communauté de communes du Haut Béarn;3;Non;Non;Non;1;Non;64252;Gurmençon;Commune;216405860;64252;GURMENCON;Dépenses d'équipement;38876.38;0.0;0.0;38876.38;0.038876379999999995;914;42.53433260393873;1;;;;;;;;2;;;2024;914
2024;Non;75;Nouvelle-Aquitaine;64;Pyrénées-Atlantiques;200067106;Communauté d'agglomération du Pays Basque;1;Oui;Non;Non;1;Non;64031;Arancou;Commune;216405878;64031;ARANCOU;Dépenses d'équipement;139884.32;0.0;0.0;139884.32;0.13988432;181;772.841546961326;1;;;;;;;;2;;;2024;181
2024;Non;75;Nouvelle-Aquitaine;64;Pyrénées-Atlantiques;200039204;Communauté de communes de Lacq-Orthez;3;Non;Non;Non;1;Non;64108;Bellocq;Commune;216405886;64108;BELLOCQ;Dépenses d'équipement;165179.3;0.0;0.0;165179.3;0.1651793;923;178.95915492957747;1;;;;;;;;2;;;2024;923
2024;Non;75;Nouvelle-Aquitaine;64;Pyrénées-Atlantiques;200039204;Communauté de communes de Lacq-Orthez;3;Non;Non;Non;1;Non;64461;Puyoô;Commune;216405894;64461;PUYOO;Dépenses d'équipement;157811.19;0.0;0.0;157811.19;0.15781119;1118;141.15491055456172;1;;;;;;;;2;;;2024;1118
2024;Non;75;Nouvelle-Aquitaine;64;Pyrénées-Atlantiques;200067254;Communauté d'agglomération Pau Béarn Pyrénées;3;Non;Non;Non;3;Non;64439;Ousse;Commune;216414052;64439;OUSSE;Dépenses d'équipement;721250.38;0.0;0.0;721250.38;0.72125038;1716;420.3090792540793;1;;;;;;;;2;;;2024;1716
2024;Non;75;Nouvelle-Aquitaine;64;Pyrénées-Atlantiques;200067254;Communauté d'agglomération Pau Béarn Pyrénées;3;Non;Non;Non;3;Non;64518;Sendets;Commune;216414060;64518;SENDETS;Dépenses d'équipement;157152.14;0.0;0.0;157152.14;0.15715214000000002;1171;134.20336464560205;1;;;;;;;;2;;;2024;1171
2024;Non;75;Nouvelle-Aquitaine;64;Pyrénées-Atlantiques;200067262;Communauté de communes du Haut Béarn;3;Oui;Oui;Non;2;Non;64225;Ance Féas;Commune;200064350;64225;ANCE FEAS;Dépenses d'équipement;1400689.91;61393.76;0.0;1462083.67;1.46208367;628;2328.1587101910827;1;;;;;;;;2;;;2024;628
2024;Non;75;Nouvelle-Aquitaine;64;Pyrénées-Atlantiques;200039204;Communauté de communes de Lacq-Orthez;3;Oui;Non;Non;2;Non;64300;Lacq;Commune;200102531;64300;LACQ;Dépenses d'équipement;334060.76;0.0;0.0;334060.76;0.33406076;1055;316.6452701421801;1;;;;;;;;2;;;2024;1055
2024;Non;75;Nouvelle-Aquitaine;64;Pyrénées-Atlantiques;200067296;Communauté de communes du Nord Est Béarn;1;Oui;Non;Non;2;Non;64001;Aast;Commune;216400010;64001;AAST;Dépenses d'équipement;2009.89;0.0;0.0;2009.89;0.0020098900000000003;196;10.25454081632653;1;;;;;;;;2;;;2024;196
2024;Non;75;Nouvelle-Aquitaine;64;Pyrénées-Atlantiques;200067296;Communauté de communes du Nord Est Béarn;1;Oui;Non;Non;1;Non;64002;Abère;Commune;216400028;64002;ABERE;Dépenses d'équipement;29771.75;0.0;0.0;29771.75;0.02977175;163;182.64877300613497;1;;;;;;;;2;;;2024;163
2024;Non;75;Nouvelle-Aquitaine;64;Pyrénées-Atlantiques;200039204;Communauté de communes de Lacq-Orthez;2;Oui;Non;Non;2;Non;64003;Abidos;Commune;216400036;64003;ABIDOS;Dépenses d'équipement;362192.22;0.0;0.0;362192.22;0.36219221999999995;217;1669.0885714285714;1;;;;;;;;2;;;2024;217
2024;Non;75;Nouvelle-Aquitaine;64;Pyrénées-Atlantiques;200067288;Communauté de communes du Béarn des Gaves;1;Oui;Non;Non;2;Non;64004;Abitain;Commune;216400044;64004;ABITAIN;Dépenses d'équipement;69491.57;0.0;0.0;69491.57;0.06949157;110;631.7415454545455;1;;;;;;;;2;;;2024;110
2024;Non;75;Nouvelle-Aquitaine;64;Pyrénées-Atlantiques;200039204;Communauté de communes de Lacq-Orthez;3;Oui;Non;Non;2;Non;64005;Abos;Commune;216400051;64005;ABOS;Dépenses d'équipement;12141.06;0.0;0.0;12141.06;0.012141059999999999;536;22.65123134328358;1;;;;;;;;2;;;2024;536
2024;Non;75;Nouvelle-Aquitaine;64;Pyrénées-Atlantiques;200067262;Communauté de communes du Haut Béarn;2;Oui;Oui;Non;1;Non;64006;Accous;Commune;216400069;64006;ACCOUS;Dépenses d'équipement;385419.11;117129.57;0.0;502548.68;0.50254868;469;1071.53236673774;1;;;;;;;;2;;;2024;469
2024;Non;75;Nouvelle-Aquitaine;64;Pyrénées-Atlantiques;200067106;Communauté d'agglomération du Pays Basque;2;Oui;Oui;Non;1;Non;64008;Ahaxe-Alciette-Bascassan;Commune;216400085;64008;AHAXE-ALCIETTE-BASCASSAN;Dépenses d'équipement;4124.3;0.0;0.0;4124.3;0.0041243;272;15.162867647058825;1;;;;;;;;2;;;2024;272
2024;Non;75;Nouvelle-Aquitaine;64;Pyrénées-Atlantiques;200067106;Communauté d'agglomération du Pays Basque;4;Non;Non;Non;3;Non;64009;Ahetze;Commune;216400093;64009;AHETZE;Dépenses d'équipement;585932.22;0.0;0.0;585932.22;0.58593222;2081;281.5628159538683;1;;;;;;;;2;;;2024;2081
2024;Non;75;Nouvelle-Aquitaine;64;Pyrénées-Atlantiques;200067106;Communauté d'agglomération du Pays Basque;3;Non;Non;Non;1;Non;64010;Aïcirits-Camou-Suhast;Commune;216400101;64010;AICIRITS-CAMOU-SUHAST;Dépenses d'équipement;1182830.92;0.0;0.0;1182830.92;1.18283092;710;1665.959042253521;1;;;;;;;;2;;;2024;710
2024;Non;75;Nouvelle-Aquitaine;64;Pyrénées-Atlantiques;200067106;Communauté d'agglomération du Pays Basque;1;Oui;Oui;Non;1;Non;64011;Aincille;Commune;216400119;64011;AINCILLE;Dépenses d'équipement;65295.66;36615.82;0.0;101911.48;0.10191148;120;849.2623333333333;1;;;;;;;;2;;;2024;120
2024;Non;75;Nouvelle-Aquitaine;64;Pyrénées-Atlantiques;200067106;Communauté d'agglomération du Pays Basque;1;Oui;Oui;Non;1;Non;64012;Ainharp;Commune;216400127;64012;AINHARP;Dépenses d'équipement;3744.0;0.0;0.0;3744.0;0.003744;135;27.733333333333334;1;;;;;;;;2;;;2024;135
2024;Non;75;Nouvelle-Aquitaine;64;Pyrénées-Atlantiques;200067106;Communauté d'agglomération du Pays Basque;1;Oui;Oui;Non;1;Non;64013;Ainhice-Mongelos;Commune;216400135;64013;AINHICE-MONGELOS;Dépenses d'équipement;34912.99;0.0;0.0;34912.99;0.03491299;174;200.64936781609194;1;;;;;;;;2;;;2024;174
2024;Non;75;Nouvelle-Aquitaine;64;Pyrénées-Atlantiques;200067106;Communauté d'agglomération du Pays Basque;3;Oui;Oui;Oui;1;Non;64014;Ainhoa;Commune;216400143;64014;AINHOA;Dépenses d'équipement;280080.39;0.0;0.0;280080.39;0.28008039;675;414.9339111111111;1;;;;;;;;2;;;2024;675
2024;Non;75;Nouvelle-Aquitaine;64;Pyrénées-Atlantiques;200067106;Communauté d'agglomération du Pays Basque;2;Oui;Oui;Non;1;Non;64015;Alçay-Alçabéhéty-Sunharette;Commune;216400150;64015;ALCAY-ALCABEHETY-SUNHARETTE;Dépenses d'équipement;218941.06;0.0;0.0;218941.06;0.21894106;210;1042.5764761904761;1;;;;;;;;2;;;2024;210
2024;Non;75;Nouvelle-Aquitaine;64;Pyrénées-Atlantiques;200067106;Communauté d'agglomération du Pays Basque;2;Oui;Oui;Non;1;Non;64016;Aldudes;Commune;216400168;64016;ALDUDES LES;Dépenses d'équipement;540402.16;0.0;0.0;540402.16;0.5404021600000001;328;1647.56756097561;1;;;;;;;;2;;;2024;328
2024;Non;75;Nouvelle-Aquitaine;64;Pyrénées-Atlantiques;200067106;Communauté d'agglomération du Pays Basque;2;Oui;Oui;Non;1;Non;64017;Alos-Sibas-Abense;Commune;216400176;64017;ALOS-SIBAS-ABENSE-DE-HAUT;Dépenses d'équipement;20807.0;0.0;0.0;20807.0;0.020807;327;63.62996941896024;1;;;;;;;;2;;;2024;327
2024;Non;75;Nouvelle-Aquitaine;64;Pyrénées-Atlantiques;200067106;Communauté d'agglomération du Pays Basque;2;Non;Non;Non;3;Non;64018;Amendeuix-Oneix;Commune;216400184;64018;AMENDEUIX-ONEIX;Dépenses d'équipement;311611.72;0.0;0.0;311611.72;0.31161172;468;665.8370085470085;1;;;;;;;;2;;;2024;468
2024;Non;75;Nouvelle-Aquitaine;64;Pyrénées-Atlantiques;200067106;Communauté d'agglomération du Pays Basque;2;Oui;Oui;Non;1;Non;64019;Amorots-Succos;Commune;216400192;64019;AMOROTS-SUCCOS;Dépenses d'équipement;137889.21;0.0;0.0;137889.21;0.13788920999999998;231;596.9229870129869;1;;;;;;;;2;;;2024;231
2024;Non;75;Nouvelle-Aquitaine;64;Pyrénées-Atlantiques;200067296;Communauté de communes du Nord Est Béarn;3;Non;Non;Non;2;Non;64021;Andoins;Commune;216400218;64021;ANDOINS;Dépenses d'équipement;366048.89;0.0;0.0;366048.89;0.36604889;728;502.8144093406594;1;;;;;;;;2;;;2024;728
2024;Non;75;Nouvelle-Aquitaine;64;Pyrénées-Atlantiques;200067288;Communauté de communes du Béarn des Gaves;1;Oui;Non;Non;1;Non;64022;Andrein;Commune;216400226;64022;ANDREIN;Dépenses d'équipement;36567.97;0.0;0.0;36567.97;0.03656797;143;255.72006993006994;1;;;;;;;;2;;;2024;143
2024;Non;75;Nouvelle-Aquitaine;64;Pyrénées-Atlantiques;246401756;Communauté de communes Pays de Nay;3;Non;Non;Non;2;Non;64023;Angaïs;Commune;216400234;64023;ANGAIS;Dépenses d'équipement;190584.22;0.0;0.0;190584.22;0.19058422;929;205.14986006458557;1;;;;;;;;2;;;2024;929
2024;Non;75;Nouvelle-Aquitaine;64;Pyrénées-Atlantiques;200067106;Communauté d'agglomération du Pays Basque;8;Non;Non;Oui;3;Non;64024;Anglet;Commune;216400242;64024;ANGLET;Dépenses d'équipement;27569699.44;0.0;0.0;27569699.44;27.56969944;42228;652.8772245903192;1;;;;;;;;2;;;2024;42228
2024;Non;75;Nouvelle-Aquitaine;64;Pyrénées-Atlantiques;200067288;Communauté de communes du Béarn des Gaves;1;Oui;Non;Non;1;Non;64025;Angous;Commune;216400259;64025;ANGOUS;Dépenses d'équipement;1422.0;0.0;0.0;1422.0;0.001422;100;14.22;1;;;;;;;;2;;;2024;100
2024;Non;75;Nouvelle-Aquitaine;64;Pyrénées-Atlantiques;200067106;Communauté d'agglomération du Pays Basque;2;Oui;Oui;Non;2;Non;64026;Anhaux;Commune;216400267;64026;ANHAUX;Dépenses d'équipement;101913.58;0.0;0.0;101913.58;0.10191358;389;261.9886375321337;1;;;;;;;;2;;;2024;389
2024;Non;75;Nouvelle-Aquitaine;64;Pyrénées-Atlantiques;200067296;Communauté de communes du Nord Est Béarn;1;Oui;Non;Non;2;Non;64027;Anos;Commune;216400275;64027;ANOS;Dépenses d'équipement;8073.0;0.0;0.0;8073.0;0.008073;190;42.48947368421052;1;;;;;;;;2;;;2024;190
2024;Non;75;Nouvelle-Aquitaine;64;Pyrénées-Atlantiques;200067296;Communauté de communes du Nord Est Béarn;1;Oui;Non;Non;2;Non;64028;Anoye;Commune;216400283;64028;ANOYE;Dépenses d'équipement;16201.2;0.0;0.0;16201.2;0.016201200000000002;130;124.6246153846154;1;;;;;;;;2;;;2024;130
2024;Non;75;Nouvelle-Aquitaine;64;Pyrénées-Atlantiques;200067262;Communauté de communes du Haut Béarn;3;Oui;Oui;Non;1;Non;64029;Aramits;Commune;216400291;64029;ARAMITS;Dépenses d'équipement;415298.81;115231.17;0.0;530529.98;0.53052998;674;787.13646884273;1;;;;;;;;2;;;2024;674
2024;Non;75;Nouvelle-Aquitaine;64;Pyrénées-Atlantiques;200067288;Communauté de communes du Béarn des Gaves;1;Oui;Non;Non;2;Non;64032;Araujuzon;Commune;216400325;64032;ARAUJUZON;Dépenses d'équipement;15438.57;0.0;0.0;15438.57;0.01543857;186;83.00306451612903;1;;;;;;;;2;;;2024;186
2024;Non;75;Nouvelle-Aquitaine;64;Pyrénées-Atlantiques;200067288;Communauté de communes du Béarn des Gaves;1;Oui;Non;Non;1;Non;64033;Araux;Commune;216400333;64033;ARAUX;Dépenses d'équipement;97185.17;0.0;0.0;97185.17;0.09718517;132;736.2512878787878;1;;;;;;;;2;;;2024;132
2024;Non;75;Nouvelle-Aquitaine;64;Pyrénées-Atlantiques;200067106;Communauté d'agglomération du Pays Basque;2;Oui;Non;Non;2;Non;64034;Arbérats-Sillègue;Commune;216400341;64034;ARBERATS-SILLEGUE;Dépenses d'équipement;41378.4;0.0;0.0;41378.4;0.0413784;327;126.53944954128441;1;;;;;;;;2;;;2024;327
2024;Non;75;Nouvelle-Aquitaine;64;Pyrénées-Atlantiques;200067106;Communauté d'agglomération du Pays Basque;4;Non;Non;Non;3;Non;64035;Arbonne;Commune;216400358;64035;ARBONNE;Dépenses d'équipement;3697375.68;0.0;0.0;3697375.68;3.6973756800000004;2410;1534.1807800829877;1;;;;;;;;2;;;2024;2410
2024;Non;75;Nouvelle-Aquitaine;64;Pyrénées-Atlantiques;200067106;Communauté d'agglomération du Pays Basque;2;Oui;Non;Non;2;Non;64036;Arbouet-Sussaute;Commune;216400366;64036;ARBOUET-SUSSAUTE;Dépenses d'équipement;99000.61;0.0;0.0;99000.61;0.09900061;318;311.32267295597484;1;;;;;;;;2;;;2024;318
2024;Non;75;Nouvelle-Aquitaine;64;Pyrénées-Atlantiques;200067254;Communauté d'agglomération Pau Béarn Pyrénées;3;Non;Non;Non;2;Non;64037;Arbus;Commune;216400374;64037;ARBUS;Dépenses d'équipement;27845.01;0.0;0.0;27845.01;0.02784501;1275;21.839223529411765;1;;;;;;;;2;;;2024;1275
2024;Non;75;Nouvelle-Aquitaine;64;Pyrénées-Atlantiques;200067106;Communauté d'agglomération du Pays Basque;5;Non;Non;Non;4;Non;64038;Arcangues;Commune;216400382;64038;ARCANGUES;Dépenses d'équipement;1231773.19;8736.57;0.0;1240509.76;1.24050976;3526;351.81785592739647;1;;;;;;;;2;;;2024;3526
2024;Non;75;Nouvelle-Aquitaine;64;Pyrénées-Atlantiques;200067262;Communauté de communes du Haut Béarn;2;Oui;Non;Non;1;Non;64039;Aren;Commune;216400390;64039;AREN;Dépenses d'équipement;495.9;15733.0;0.0;16228.9;0.0162289;255;63.642745098039214;1;;;;;;;;2;;;2024;255
2024;Non;75;Nouvelle-Aquitaine;64;Pyrénées-Atlantiques;200067262;Communauté de communes du Haut Béarn;3;Oui;Oui;Oui;1;Non;64040;Arette;Commune;216400408;64040;ARETTE;Dépenses d'équipement;725662.58;239306.25;0.0;964968.83;0.96496883;1104;874.0659692028985;1;;;;;;;;2;;;2024;1104
2024;Non;75;Nouvelle-Aquitaine;64;Pyrénées-Atlantiques;200067254;Communauté d'agglomération Pau Béarn Pyrénées;3;Non;Non;Non;2;Non;64041;Aressy;Commune;216400416;64041;ARESSY;Dépenses d'équipement;213921.22;0.0;0.0;213921.22;0.21392122;835;256.1930778443114;1;;;;;;;;2;;;2024;835
2024;Non;75;Nouvelle-Aquitaine;64;Pyrénées-Atlantiques;200039204;Communauté de communes de Lacq-Orthez;3;Non;Non;Non;2;Non;64042;Argagnon;Commune;216400424;64042;ARGAGNON;Dépenses d'équipement;53673.58;0.0;0.0;53673.58;0.05367358;709;75.70321579689704;1;;;;;;;;2;;;2024;709
2024;Non;75;Nouvelle-Aquitaine;64;Pyrénées-Atlantiques;200067239;Communauté de communes des Luys en Béarn;2;Oui;Non;Non;1;Non;64043;Argelos;Commune;216400432;64043;ARGELOS;Dépenses d'équipement;326395.04;0.0;0.0;326395.04;0.32639503999999997;296;1102.6859459459458;1;;;;;;;;2;;;2024;296
2024;Non;75;Nouvelle-Aquitaine;64;Pyrénées-Atlantiques;200067239;Communauté de communes des Luys en Béarn;0;Oui;Non;Non;1;Non;64044;Arget;Commune;216400440;64044;ARGET;Dépenses d'équipement;1908.0;0.0;0.0;1908.0;0.001908;80;23.85;1;;;;;;;;2;;;2024;80
2024;Non;75;Nouvelle-Aquitaine;64;Pyrénées-Atlantiques;200067106;Communauté d'agglomération du Pays Basque;0;Oui;Oui;Non;0;Non;64045;Arhansus;Commune;216400457;64045;ARHANSUS;Dépenses d'équipement;29681.51;0.0;0.0;29681.51;0.029681509999999998;70;424.0215714285714;1;;;;;;;;2;;;2024;70
2024;Non;75;Nouvelle-Aquitaine;64;Pyrénées-Atlantiques;200067106;Communauté d'agglomération du Pays Basque;2;Oui;Oui;Non;1;Non;64046;Armendarits;Commune;216400465;64046;ARMENDARITS;Dépenses d'équipement;477895.31;0.0;0.0;477895.31;0.47789531;393;1216.0186005089058;1;;;;;;;;2;;;2024;393
2024;Non;75;Nouvelle-Aquitaine;64;Pyrénées-Atlantiques;200067106;Communauté d'agglomération du Pays Basque;2;Oui;Oui;Non;1;Non;64047;Arnéguy;Commune;216400473;64047;ARNEGUY;Dépenses d'équipement;98401.81;0.0;0.0;98401.81;0.09840180999999999;239;411.7230543933054;1;;;;;;;;2;;;2024;239
2024;Non;75;Nouvelle-Aquitaine;64;Pyrénées-Atlantiques;200039204;Communauté de communes de Lacq-Orthez;1;Oui;Non;Non;1;Non;64048;Arnos;Commune;216400481;64048;ARNOS;Dépenses d'équipement;112935.19;0.0;0.0;112935.19;0.11293519;137;824.3444525547445;1;;;;;;;;2;;;2024;137
2024;Non;75;Nouvelle-Aquitaine;64;Pyrénées-Atlantiques;200067106;Communauté d'agglomération du Pays Basque;2;Oui;Oui;Non;1;Non;64049;Aroue-Ithorots-Olhaïby;Commune;216400499;64049;AROUE-ITHOROTS-OLHAIBY;Dépenses d'équipement;117666.01;0.0;0.0;117666.01;0.11766601;239;492.32640167364013;1;;;;;;;;2;;;2024;239
2024;Non;75;Nouvelle-Aquitaine;64;Pyrénées-Atlantiques;200067106;Communauté d'agglomération du Pays Basque;0;Oui;Oui;Non;1;Non;64050;Arrast-Larrebieu;Commune;216400507;64050;ARRAST-LARREBIEU;Dépenses d'équipement;43596.24;0.0;0.0;43596.24;0.04359624;96;454.1275;1;;;;;;;;2;;;2024;96
2024;Non;75;Nouvelle-Aquitaine;64;Pyrénées-Atlantiques;200067106;Communauté d'agglomération du Pays Basque;2;Oui;Oui;Non;1;Non;64051;Arraute-Charritte;Commune;216400515;64051;ARRAUTE-CHARRITTE;Dépenses d'équipement;225015.6;0.0;0.0;225015.6;0.2250156;430;523.2920930232558;1;;;;;;;;2;;;2024;430
2024;Non;75;Nouvelle-Aquitaine;64;Pyrénées-Atlantiques;200067296;Communauté de communes du Nord Est Béarn;1;Oui;Non;Non;1;Non;64052;Arricau-Bordes;Commune;216400523;64052;ARRICAU-BORDES;Dépenses d'équipement;5318.82;0.0;0.0;5318.82;0.005318819999999999;110;48.35290909090909;1;;;;;;;;2;;;2024;110
2024;Non;75;Nouvelle-Aquitaine;64;Pyrénées-Atlantiques;200067296;Communauté de communes du Nord Est Béarn;2;Oui;Non;Non;2;Non;64053;Arrien;Commune;216400531;64053;ARRIEN;Dépenses d'équipement;27318.6;0.0;0.0;27318.6;0.0273186;202;135.24059405940594;1;;;;;;;;2;;;2024;202
2024;Non;75;Nouvelle-Aquitaine;64;Pyrénées-Atlantiques;246401756;Communauté de communes Pays de Nay;3;Non;Non;Non;2;Non;64054;Arros-de-Nay;Commune;216400549;64054;ARROS-DE-NAY;Dépenses d'équipement;109743.14;0.0;0.0;109743.14;0.10974314;819;133.99650793650792;1;;;;;;;;2;;;2024;819
2024;Non;75;Nouvelle-Aquitaine;64;Pyrénées-Atlantiques;200067296;Communauté de communes du Nord Est Béarn;1;Oui;Non;Non;1;Non;64056;Arrosès;Commune;216400564;64056;ARROSES;Dépenses d'équipement;5474.7;0.0;0.0;5474.7;0.0054747;146;37.49794520547945;1;;;;;;;;2;;;2024;146
2024;Non;75;Nouvelle-Aquitaine;64;Pyrénées-Atlantiques;200039204;Communauté de communes de Lacq-Orthez;3;Oui;Non;Non;2;Non;64057;Arthez-de-Béarn;Commune;216400572;64057;ARTHEZ-DE-BEARN;Dépenses d'équipement;117575.09;0.0;0.0;117575.09;0.11757509;1870;62.87437967914438;1;;;;;;;;2;;;2024;1870
2024;Non;75;Nouvelle-Aquitaine;64;Pyrénées-Atlantiques;246401756;Communauté de communes Pays de Nay;2;Oui;Oui;Non;1;Non;64058;Arthez-d'Asson;Commune;216400580;64058;ARTHEZ-D'ASSON;Dépenses d'équipement;72674.03;0.0;0.0;72674.03;0.07267403;470;154.62559574468085;1;;;;;;;;2;;;2024;470
2024;Non;75;Nouvelle-Aquitaine;64;Pyrénées-Atlantiques;200067254;Communauté d'agglomération Pau Béarn Pyrénées;3;Oui;Non;Non;2;Non;64059;Artigueloutan;Commune;216400598;64059;ARTIGUELOUTAN;Dépenses d'équipement;427227.76;0.0;0.0;427227.76;0.42722776;1121;381.1130776092774;1;;;;;;;;2;;;2024;1121
2024;Non;75;Nouvelle-Aquitaine;64;Pyrénées-Atlantiques;200067254;Communauté d'agglomération Pau Béarn Pyrénées;4;Non;Non;Non;2;Non;64060;Artiguelouve;Commune;216400606;64060;ARTIGUELOUVE;Dépenses d'équipement;900941.19;0.0;0.0;900941.19;0.90094119;2047;440.1275964826575;1;;;;;;;;2;;;2024;2047
2024;Non;75;Nouvelle-Aquitaine;64;Pyrénées-Atlantiques;200039204;Communauté de communes de Lacq-Orthez;5;Non;Non;Non;2;Non;64061;Artix;Commune;216400614;64061;ARTIX;Dépenses d'équipement;563555.67;0.0;0.0;563555.67;0.5635556700000001;3506;160.74035082715346;1;;;;;;;;2;;;2024;3506
2024;Non;75;Nouvelle-Aquitaine;64;Pyrénées-Atlantiques;246400337;Communauté de communes de la Vallée d'Ossau;4;Non;Oui;Non;1;Non;64062;Arudy;Commune;216400622;64062;ARUDY;Dépenses d'équipement;559581.42;0.0;0.0;559581.42;0.55958142;2294;243.93261551874457;1;;;;;;;;2;;;2024;2294
2024;Non;75;Nouvelle-Aquitaine;64;Pyrénées-Atlantiques;200067239;Communauté de communes des Luys en Béarn;3;Oui;Non;Non;1;Non;64063;Arzacq-Arraziguet;Commune;216400630;64063;ARZACQ-ARRAZIGUET;Dépenses d'équipement;157925.64;0.0;0.0;157925.64;0.15792564;1070;147.59405607476637;1;;;;;;;;2;;;2024;1070
2024;Non;75;Nouvelle-Aquitaine;64;Pyrénées-Atlantiques;200067262;Communauté de communes du Haut Béarn;2;Oui;Oui;Non;2;Non;64064;Asasp-Arros;Commune;216400648;64064;ASASP-ARROS;Dépenses d'équipement;32839.22;0.0;0.0;32839.22;0.03283922;474;69.28105485232068;1;;;;;;;;2;;;2024;474
2024;Non;75;Nouvelle-Aquitaine;64;Pyrénées-Atlantiques;200067106;Communauté d'agglomération du Pays Basque;5;Non;Oui;Oui;3;Non;64065;Ascain;Commune;216400655;64065;ASCAIN;Dépenses d'équipement;3682557.92;8161.44;0.0;3690719.36;3.6907193599999997;4551;810.9688771698527;1;;;;;;;;2;;;2024;4551
2024;Non;75;Nouvelle-Aquitaine;64;Pyrénées-Atlantiques;200067106;Communauté d'agglomération du Pays Basque;2;Non;Oui;Non;2;Non;64066;Ascarat;Commune;216400663;64066;ASCARAT;Dépenses d'équipement;327293.43;0.0;0.0;327293.43;0.32729343;348;940.4983620689655;1;;;;;;;;2;;;2024;348
2024;Non;75;Nouvelle-Aquitaine;64;Pyrénées-Atlantiques;246401756;Communauté de communes Pays de Nay;4;Non;Non;Non;2;Non;64067;Assat;Commune;216400671;64067;ASSAT;Dépenses d'équipement;468297.96;0.0;0.0;468297.96;0.46829796;2092;223.85179732313577;1;;;;;;;;2;;;2024;2092
2024;Non;75;Nouvelle-Aquitaine;64;Pyrénées-Atlantiques;246401756;Communauté de communes Pays de Nay;4;Oui;Oui;Non;2;Non;64068;Asson;Commune;216400689;64068;ASSON;Dépenses d'équipement;1001300.45;0.0;0.0;1001300.45;1.00130045;2046;489.39415933528835;1;;;;;;;;2;;;2024;2046
2024;Non;75;Nouvelle-Aquitaine;64;Pyrénées-Atlantiques;246400337;Communauté de communes de la Vallée d'Ossau;2;Oui;Oui;Non;1;Non;64069;Aste-Béon;Commune;216400697;64069;ASTE-BEON;Dépenses d'équipement;18413.81;106303.08;0.0;124716.89;0.12471689;235;530.710170212766;1;;;;;;;;2;;;2024;235
2024;Non;75;Nouvelle-Aquitaine;64;Pyrénées-Atlantiques;200067239;Communauté de communes des Luys en Béarn;2;Oui;Non;Non;2;Non;64070;Astis;Commune;216400705;64070;ASTIS;Dépenses d'équipement;0.0;0.0;0.0;0.0;0.0;338;0.0;1;;;;;;;;2;;;2024;338
2024;Non;75;Nouvelle-Aquitaine;64;Pyrénées-Atlantiques;200067288;Communauté de communes du Béarn des Gaves;2;Oui;Non;Non;2;Non;64071;Athos-Aspis;Commune;216400713;64071;ATHOS-ASPIS;Dépenses d'équipement;17383.2;0.0;0.0;17383.2;0.0173832;214;81.22990654205609;1;;;;;;;;2;;;2024;214
2024;Non;75;Nouvelle-Aquitaine;64;Pyrénées-Atlantiques;200067254;Communauté d'agglomération Pau Béarn Pyrénées;3;Oui;Oui;Non;3;Non;64072;Aubertin;Commune;216400721;64072;AUBERTIN;Dépenses d'équipement;28017.58;0.0;0.0;28017.58;0.02801758;666;42.06843843843844;1;;;;;;;;2;;;2024;666
2024;Non;75;Nouvelle-Aquitaine;64;Pyrénées-Atlantiques;200067239;Communauté de communes des Luys en Béarn;2;Oui;Non;Non;1;Non;64073;Aubin;Commune;216400739;64073;AUBIN;Dépenses d'équipement;113500.47;0.0;0.0;113500.47;0.11350047;270;420.3721111111111;1;;;;;;;;2;;;2024;270
2024;Non;75;Nouvelle-Aquitaine;64;Pyrénées-Atlantiques;200067239;Communauté de communes des Luys en Béarn;0;Oui;Non;Non;1;Non;64074;Aubous;Commune;216400747;64074;AUBOUS;Dépenses d'équipement;0.0;0.0;0.0;0.0;0.0;45;0.0;1;;;;;;;;2;;;2024;45
2024;Non;75;Nouvelle-Aquitaine;64;Pyrénées-Atlantiques;200067288;Communauté de communes du Béarn des Gaves;1;Oui;Non;Non;1;Non;64075;Audaux;Commune;216400754;64075;AUDAUX;Dépenses d'équipement;54576.95;0.0;0.0;54576.95;0.05457695;166;328.77680722891563;1;;;;;;;;2;;;2024;166
2024;Non;75;Nouvelle-Aquitaine;64;Pyrénées-Atlantiques;200067239;Communauté de communes des Luys en Béarn;1;Oui;Non;Non;2;Non;64077;Auga;Commune;216400770;64077;AUGA;Dépenses d'équipement;2823.74;0.0;0.0;2823.74;0.00282374;182;15.515054945054944;1;;;;;;;;2;;;2024;182
2024;Non;75;Nouvelle-Aquitaine;64;Pyrénées-Atlantiques;200067239;Communauté de communes des Luys en Béarn;2;Oui;Non;Non;2;Non;64078;Auriac;Commune;216400788;64078;AURIAC;Dépenses d'équipement;147600.65;0.0;0.0;147600.65;0.14760065;227;650.223127753304;1;;;;;;;;2;;;2024;227
2024;Non;75;Nouvelle-Aquitaine;64;Pyrénées-Atlantiques;200067296;Communauté de communes du Nord Est Béarn;1;Oui;Non;Non;1;Non;64079;Aurions-Idernes;Commune;216400796;64079;AURIONS-IDERNES;Dépenses d'équipement;598.0;0.0;0.0;598.0;0.000598;108;5.537037037037037;1;;;;;;;;2;;;2024;108
2024;Non;75;Nouvelle-Aquitaine;64;Pyrénées-Atlantiques;200067254;Communauté d'agglomération Pau Béarn Pyrénées;3;Non;Non;Non;2;Non;64080;Aussevielle;Commune;216400804;64080;AUSSEVIELLE;Dépenses d'équipement;86778.93;0.0;0.0;86778.93;0.08677892999999999;838;103.5548090692124;1;;;;;;;;2;;;2024;838
2024;Non;75;Nouvelle-Aquitaine;64;Pyrénées-Atlantiques;200067106;Communauté d'agglomération du Pays Basque;2;Oui;Oui;Non;1;Non;64081;Aussurucq;Commune;216400812;64081;AUSSURUCQ;Dépenses d'équipement;66383.05;0.0;0.0;66383.05;0.06638305;239;277.75334728033476;1;;;;;;;;2;;;2024;239
2024;Non;75;Nouvelle-Aquitaine;64;Pyrénées-Atlantiques;200067288;Communauté de communes du Béarn des Gaves;1;Oui;Non;Non;2;Non;64082;Auterrive;Commune;216400820;64082;AUTERRIVE;Dépenses d'équipement;10938.0;0.0;0.0;10938.0;0.010938;145;75.43448275862069;1;;;;;;;;2;;;2024;145
2024;Non;75;Nouvelle-Aquitaine;64;Pyrénées-Atlantiques;200067288;Communauté de communes du Béarn des Gaves;2;Oui;Non;Non;1;Non;64083;Autevielle-Saint-Martin-Bideren;Commune;216400838;64083;AUTEVIELLE-SAINT-MARTIN-BIDEREN;Dépenses d'équipement;16078.13;0.0;0.0;16078.13;0.01607813;208;77.29870192307692;1;;;;;;;;2;;;2024;208
2024;Non;75;Nouvelle-Aquitaine;64;Pyrénées-Atlantiques;200067239;Communauté de communes des Luys en Béarn;1;Oui;Non;Non;1;Non;64084;Aydie;Commune;216400846;64084;AYDIE;Dépenses d'équipement;5855.02;0.0;0.0;5855.02;0.005855020000000001;141;41.524964539007094;1;;;;;;;;2;;;2024;141
2024;Non;75;Nouvelle-Aquitaine;64;Pyrénées-Atlantiques;200067262;Communauté de communes du Haut Béarn;1;Oui;Oui;Non;2;Non;64085;Aydius;Commune;216400853;64085;AYDIUS;Dépenses d'équipement;69140.13;292.72;0.0;69432.85;0.06943285;105;661.2652380952381;1;;;;;;;;2;;;2024;105
2024;Non;75;Nouvelle-Aquitaine;64;Pyrénées-Atlantiques;200067106;Communauté d'agglomération du Pays Basque;3;Oui;Oui;Non;1;Non;64086;Ayherre;Commune;216400861;64086;AYHERRE;Dépenses d'équipement;683999.11;0.0;0.0;683999.11;0.68399911;1166;586.6201629502573;1;;;;;;;;2;;;2024;1166
2024;Non;75;Nouvelle-Aquitaine;64;Pyrénées-Atlantiques;200039204;Communauté de communes de Lacq-Orthez;3;Oui;Non;Non;1;Non;64087;Baigts-de-Béarn;Commune;216400879;64087;BAIGTS-DE-BEARN;Dépenses d'équipement;56610.8;3117.94;0.0;59728.74;0.059728739999999995;891;67.0356228956229;1;;;;;;;;2;;;2024;891
2024;Non;75;Nouvelle-Aquitaine;64;Pyrénées-Atlantiques;200039204;Communauté de communes de Lacq-Orthez;2;Oui;Non;Non;1;Non;64088;Balansun;Commune;216400887;64088;BALANSUN;Dépenses d'équipement;14829.47;0.0;0.0;14829.47;0.014829469999999999;317;46.78066246056782;1;;;;;;;;2;;;2024;317
2024;Non;75;Nouvelle-Aquitaine;64;Pyrénées-Atlantiques;200067296;Communauté de communes du Nord Est Béarn;1;Oui;Non;Non;2;Non;64089;Baleix;Commune;216400895;64089;BALEIX;Dépenses d'équipement;72501.0;0.0;0.0;72501.0;0.072501;139;521.589928057554;1;;;;;;;;2;;;2024;139
2024;Non;75;Nouvelle-Aquitaine;64;Pyrénées-Atlantiques;200067239;Communauté de communes des Luys en Béarn;1;Oui;Non;Non;1;Non;64090;Baliracq-Maumusson;Commune;216400903;64090;BALIRACQ-MAUMUSSON;Dépenses d'équipement;0.0;0.0;0.0;0.0;0.0;121;0.0;1;;;;;;;;2;;;2024;121
2024;Non;75;Nouvelle-Aquitaine;64;Pyrénées-Atlantiques;246401756;Communauté de communes Pays de Nay;3;Non;Non;Non;2;Non;64091;Baliros;Commune;216400911;64091;BALIROS;Dépenses d'équipement;114018.97;0.0;0.0;114018.97;0.11401897;511;223.1290998043053;1;;;;;;;;2;;;2024;511
2024;Non;75;Nouvelle-Aquitaine;64;Pyrénées-Atlantiques;200067106;Communauté d'agglomération du Pays Basque;2;Oui;Oui;Non;0;Non;64092;Banca;Commune;216400929;64092;BANCA;Dépenses d'équipement;399113.08;0.0;0.0;399113.08;0.39911308;352;1133.8439772727272;1;;;;;;;;2;;;2024;352
2024;Non;75;Nouvelle-Aquitaine;64;Pyrénées-Atlantiques;200067106;Communauté d'agglomération du Pays Basque;3;Oui;Oui;Non;1;Non;64093;Barcus;Commune;216400937;64093;BARCUS;Dépenses d'équipement;185922.54;0.0;0.0;185922.54;0.18592254;640;290.50396875;1;;;;;;;;2;;;2024;640
2024;Non;75;Nouvelle-Aquitaine;64;Pyrénées-Atlantiques;200067106;Communauté d'agglomération du Pays Basque;3;Oui;Oui;Non;2;Non;64094;Bardos;Commune;216400945;64094;BARDOS;Dépenses d'équipement;1641077.76;0.0;0.0;1641077.76;1.64107776;1910;859.2030157068062;1;;;;;;;;2;;;2024;1910
2024;Non;75;Nouvelle-Aquitaine;64;Pyrénées-Atlantiques;200067296;Communauté de communes du Nord Est Béarn;3;Oui;Non;Non;2;Non;64095;Barinque;Commune;216400952;64095;BARINQUE;Dépenses d'équipement;227125.9;0.0;0.0;227125.9;0.2271259;601;377.9133111480865;1;;;;;;;;2;;;2024;601
2024;Non;75;Nouvelle-Aquitaine;64;Pyrénées-Atlantiques;200067288;Communauté de communes du Béarn des Gaves;1;Oui;Non;Non;1;Non;64096;Barraute-Camu;Commune;216400960;64096;BARRAUTE-CAMU;Dépenses d'équipement;4688.63;0.0;0.0;4688.63;0.00468863;185;25.343945945945947;1;;;;;;;;2;;;2024;185
2024;Non;75;Nouvelle-Aquitaine;64;Pyrénées-Atlantiques;200067296;Communauté de communes du Nord Est Béarn;3;Non;Non;Non;2;Non;64097;Barzun;Commune;216400978;64097;BARZUN;Dépenses d'équipement;101369.36;0.0;0.0;101369.36;0.10136936;635;159.6367874015748;1;;;;;;;;2;;;2024;635
2024;Non;75;Nouvelle-Aquitaine;64;Pyrénées-Atlantiques;200067296;Communauté de communes du Nord Est Béarn;0;Oui;Non;Non;2;Non;64098;Bassillon-Vauzé;Commune;216400986;64098;BASSILLON-VAUZE;Dépenses d'équipement;4455.44;0.0;0.0;4455.44;0.00445544;68;65.52117647058823;1;;;;;;;;2;;;2024;68
2024;Non;75;Nouvelle-Aquitaine;64;Pyrénées-Atlantiques;200067288;Communauté de communes du Béarn des Gaves;1;Oui;Non;Non;1;Non;64099;Bastanès;Commune;216400994;64099;BASTANES;Dépenses d'équipement;21089.99;0.0;0.0;21089.99;0.021089990000000003;101;208.81178217821784;1;;;;;;;;2;;;2024;101
2024;Non;75;Nouvelle-Aquitaine;64;Pyrénées-Atlantiques;200067106;Communauté d'agglomération du Pays Basque;4;Non;Non;Non;4;Non;64100;Bassussarry;Commune;216401000;64100;BASSUSSARRY;Dépenses d'équipement;1148388.24;0.0;0.0;1148388.24;1.14838824;3399;337.8606178287732;1;;;;;;;;2;;;2024;3399
2024;Non;75;Nouvelle-Aquitaine;64;Pyrénées-Atlantiques;246401756;Communauté de communes Pays de Nay;3;Non;Non;Oui;1;Non;64101;Baudreix;Commune;216401018;64101;BAUDREIX;Dépenses d'équipement;582484.04;0.0;0.0;582484.04;0.5824840400000001;690;844.1797681159421;1;;;;;;;;2;;;2024;690
2024;Non;75;Nouvelle-Aquitaine;64;Pyrénées-Atlantiques;200067106;Communauté d'agglomération du Pays Basque;9;Non;Non;Oui;2;Oui;64102;Bayonne;Commune;216401026;64102;BAYONNE;Dépenses d'équipement;30760866.53;668231.07;0.0;31429097.6;31.429097600000002;54029;581.7079272242685;1;;;;;;;;2;;;2024;54029
2024;Non;75;Nouvelle-Aquitaine;64;Pyrénées-Atlantiques;200067296;Communauté de communes du Nord Est Béarn;2;Oui;Non;Non;1;Non;64103;Bédeille;Commune;216401034;64103;BEDEILLE;Dépenses d'équipement;0.0;0.0;0.0;0.0;0.0;210;0.0;1;;;;;;;;2;;;2024;210
2024;Non;75;Nouvelle-Aquitaine;64;Pyrénées-Atlantiques;200067262;Communauté de communes du Haut Béarn;3;Oui;Oui;Non;1;Non;64104;Bedous;Commune;216401042;64104;BEDOUS;Dépenses d'équipement;642734.96;85786.48;0.0;728521.44;0.72852144;597;1220.3039195979898;1;;;;;;;;2;;;2024;597
2024;Non;75;Nouvelle-Aquitaine;64;Pyrénées-Atlantiques;200067106;Communauté d'agglomération du Pays Basque;2;Oui;Oui;Non;1;Non;64105;Béguios;Commune;216401059;64105;BEGUIOS;Dépenses d'équipement;106756.2;0.0;0.0;106756.2;0.1067562;278;384.01510791366906;1;;;;;;;;2;;;2024;278
2024;Non;75;Nouvelle-Aquitaine;64;Pyrénées-Atlantiques;200067106;Communauté d'agglomération du Pays Basque;3;Oui;Non;Non;2;Non;64106;Béhasque-Lapiste;Commune;216401067;64106;BEHASQUE-LAPISTE;Dépenses d'équipement;62868.86;0.0;0.0;62868.86;0.06286886;518;121.3684555984556;1;;;;;;;;2;;;2024;518
2024;Non;75;Nouvelle-Aquitaine;64;Pyrénées-Atlantiques;200067106;Communauté d'agglomération du Pays Basque;0;Oui;Oui;Non;1;Non;64107;Béhorléguy;Commune;216401075;64107;BEHORLEGUY;Dépenses d'équipement;46888.8;0.0;0.0;46888.8;0.0468888;75;625.1840000000001;1;;;;;;;;2;;;2024;75
2024;Non;75;Nouvelle-Aquitaine;64;Pyrénées-Atlantiques;246401756;Communauté de communes Pays de Nay;4;Non;Non;Non;2;Non;64109;Bénéjacq;Commune;216401091;64109;BENEJACQ;Dépenses d'équipement;198058.79;0.0;0.0;198058.79;0.19805879;2003;98.88107338991513;1;;;;;;;;2;;;2024;2003
2024;Non;75;Nouvelle-Aquitaine;64;Pyrénées-Atlantiques;246400337;Communauté de communes de la Vallée d'Ossau;2;Oui;Oui;Non;2;Non;64110;Béost;Commune;216401109;64110;BEOST;Dépenses d'équipement;204169.24;81273.31;0.0;285442.55;0.28544254999999996;228;1251.9410087719298;1;;;;;;;;2;;;2024;228
2024;Non;75;Nouvelle-Aquitaine;64;Pyrénées-Atlantiques;200072106;Communauté de communes Adour Madiran;1;Oui;Non;Non;1;Non;64111;Bentayou-Sérée;Commune;216401117;64111;BENTAYOU-SEREE;Dépenses d'équipement;10680.0;0.0;0.0;10680.0;0.01068;111;96.21621621621621;1;;;;;;;;2;;;2024;111
2024;Non;75;Nouvelle-Aquitaine;64;Pyrénées-Atlantiques;200067288;Communauté de communes du Béarn des Gaves;2;Oui;Non;Non;2;Non;64112;Bérenx;Commune;216401125;64112;BERENX;Dépenses d'équipement;358378.05;0.0;0.0;358378.05;0.35837805;423;847.2294326241134;1;;;;;;;;2;;;2024;423
2024;Non;75;Nouvelle-Aquitaine;64;Pyrénées-Atlantiques;200067106;Communauté d'agglomération du Pays Basque;1;Oui;Non;Non;1;Non;64113;Bergouey-Viellenave;Commune;216401133;64113;BERGOUEY-VIELLENAVE;Dépenses d'équipement;85022.94;0.0;0.0;85022.94;0.08502294;124;685.668870967742;1;;;;;;;;2;;;2024;124
2024;Non;75;Nouvelle-Aquitaine;64;Pyrénées-Atlantiques;200067296;Communauté de communes du Nord Est Béarn;3;Oui;Non;Non;2;Non;64114;Bernadets;Commune;216401141;64114;BERNADETS;Dépenses d'équipement;189625.5;0.0;0.0;189625.5;0.1896255;589;321.94482173174873;1;;;;;;;;2;;;2024;589
2024;Non;75;Nouvelle-Aquitaine;64;Pyrénées-Atlantiques;200067106;Communauté d'agglomération du Pays Basque;2;Non;Oui;Non;0;Non;64115;Berrogain-Laruns;Commune;216401158;64115;BERROGAIN-LARUNS;Dépenses d'équipement;5621.55;0.0;0.0;5621.55;0.00562155;227;24.76453744493392;1;;;;;;;;2;;;2024;227
2024;Non;75;Nouvelle-Aquitaine;64;Pyrénées-Atlantiques;246400337;Communauté de communes de la Vallée d'Ossau;2;Oui;Oui;Non;2;Non;64116;Bescat;Commune;216401166;64116;BESCAT;Dépenses d'équipement;131877.69;0.0;0.0;131877.69;0.13187769;252;523.3241666666667;1;;;;;;;;2;;;2024;252
2024;Non;75;Nouvelle-Aquitaine;64;Pyrénées-Atlantiques;200039204;Communauté de communes de Lacq-Orthez;1;Non;Non;Non;1;Non;64117;Bésingrand;Commune;216401174;64117;BESINGRAND;Dépenses d'équipement;97133.89;0.0;0.0;97133.89;0.09713389;148;656.3100675675676;1;;;;;;;;2;;;2024;148
2024;Non;75;Nouvelle-Aquitaine;64;Pyrénées-Atlantiques;200067296;Communauté de communes du Nord Est Béarn;0;Oui;Non;Non;1;Non;64118;Bétracq;Commune;216401182;64118;BETRACQ;Dépenses d'équipement;0.0;0.0;0.0;0.0;0.0;49;0.0;1;;;;;;;;2;;;2024;49
2024;Non;75;Nouvelle-Aquitaine;64;Pyrénées-Atlantiques;246401756;Communauté de communes Pays de Nay;3;Oui;Non;Non;2;Non;64119;Beuste;Commune;216401190;64119;BEUSTE;Dépenses d'équipement;109187.41;0.0;0.0;109187.41;0.10918741;685;159.39767883211678;1;;;;;;;;2;;;2024;685
2024;Non;75;Nouvelle-Aquitaine;64;Pyrénées-Atlantiques;200067106;Communauté d'agglomération du Pays Basque;3;Oui;Oui;Non;1;Non;64120;Beyrie-sur-Joyeuse;Commune;216401208;64120;BEYRIE-SUR-JOYEUSE;Dépenses d'équipement;752841.65;0.0;0.0;752841.65;0.75284165;548;1373.7986313868614;1;;;;;;;;2;;;2024;548
2024;Non;75;Nouvelle-Aquitaine;64;Pyrénées-Atlantiques;200067254;Communauté d'agglomération Pau Béarn Pyrénées;1;Oui;Non;Non;3;Non;64121;Beyrie-en-Béarn;Commune;216401216;64121;BEYRIE-EN-BEARN;Dépenses d'équipement;180283.26;0.0;0.0;180283.26;0.18028326;197;915.1434517766498;1;;;;;;;;2;;;2024;197
2024;Non;75;Nouvelle-Aquitaine;64;Pyrénées-Atlantiques;200067106;Communauté d'agglomération du Pays Basque;8;Non;Non;Oui;4;Non;64122;Biarritz;Commune;216401224;64122;BIARRITZ;Dépenses d'équipement;13816693.43;1108113.87;0.0;14924807.3;14.924807300000001;26435;564.5851068658975;1;;;;;;;;2;;;2024;26435
2024;Non;75;Nouvelle-Aquitaine;64;Pyrénées-Atlantiques;200067106;Communauté d'agglomération du Pays Basque;3;Oui;Non;Non;2;Non;64123;Bidache;Commune;216401232;64123;BIDACHE;Dépenses d'équipement;1106203.47;0.0;0.0;1106203.47;1.10620347;1369;808.0375967859751;1;;;;;;;;2;;;2024;1369
2024;Non;75;Nouvelle-Aquitaine;64;Pyrénées-Atlantiques;200067106;Communauté d'agglomération du Pays Basque;3;Oui;Oui;Non;1;Non;64124;Bidarray;Commune;216401240;64124;BIDARRAY;Dépenses d'équipement;202035.04;6101.06;0.0;208136.1;0.20813610000000002;676;307.89363905325445;1;;;;;;;;2;;;2024;676
2024;Non;75;Nouvelle-Aquitaine;64;Pyrénées-Atlantiques;200067106;Communauté d'agglomération du Pays Basque;6;Non;Non;Oui;3;Non;64125;Bidart;Commune;216401257;64125;BIDART;Dépenses d'équipement;5275938.42;0.0;0.0;5275938.42;5.27593842;7585;695.5752696110745;1;;;;;;;;2;;;2024;7585
2024;Non;75;Nouvelle-Aquitaine;64;Pyrénées-Atlantiques;200067262;Communauté de communes du Haut Béarn;3;Non;Non;Non;2;Non;64126;Bidos;Commune;216401265;64126;BIDOS;Dépenses d'équipement;106947.46;0.0;0.0;106947.46;0.10694746000000001;1141;93.73134092900965;1;;;;;;;;2;;;2024;1141
2024;Non;75;Nouvelle-Aquitaine;64;Pyrénées-Atlantiques;246400337;Communauté de communes de la Vallée d'Ossau;2;Oui;Oui;Non;2;Non;64127;Bielle;Commune;216401273;64127;BIELLE;Dépenses d'équipement;348909.98;98964.0;0.0;447873.98;0.44787398;397;1128.1460453400503;1;;;;;;;;2;;;2024;397
2024;Non;75;Nouvelle-Aquitaine;64;Pyrénées-Atlantiques;246400337;Communauté de communes de la Vallée d'Ossau;1;Oui;Oui;Non;2;Non;64128;Bilhères;Commune;216401281;64128;BILHERES;Dépenses d'équipement;137446.6;9380.72;0.0;146827.32;0.14682732;162;906.3414814814815;1;;;;;;;;2;;;2024;162
2024;Non;75;Nouvelle-Aquitaine;64;Pyrénées-Atlantiques;200067254;Communauté d'agglomération Pau Béarn Pyrénées;7;Non;Non;Non;2;Non;64129;Billère;Commune;216401299;64129;BILLERE;Dépenses d'équipement;2346838.2;0.0;0.0;2346838.2;2.3468382;14080;166.6788494318182;1;;;;;;;;2;;;2024;14080
2024;Non;75;Nouvelle-Aquitaine;64;Pyrénées-Atlantiques;200067106;Communauté d'agglomération du Pays Basque;3;Non;Oui;Non;2;Non;64130;Biriatou;Commune;216401307;64130;BIRIATOU;Dépenses d'équipement;282307.14;0.0;0.0;282307.14;0.28230714;1237;228.21919159256265;1;;;;;;;;2;;;2024;1237
2024;Non;75;Nouvelle-Aquitaine;64;Pyrénées-Atlantiques;200039204;Communauté de communes de Lacq-Orthez;3;Non;Non;Non;2;Non;64131;Biron;Commune;216401315;64131;BIRON;Dépenses d'équipement;14709.6;0.0;0.0;14709.6;0.0147096;632;23.274683544303798;1;;;;;;;;2;;;2024;632
2024;Non;75;Nouvelle-Aquitaine;64;Pyrénées-Atlantiques;200067254;Communauté d'agglomération Pau Béarn Pyrénées;5;Non;Non;Non;3;Non;64132;Bizanos;Commune;216401323;64132;BIZANOS;Dépenses d'équipement;787951.34;0.0;0.0;787951.34;0.78795134;4649;169.488350182835;1;;;;;;;;2;;;2024;4649
2024;Non;75;Nouvelle-Aquitaine;64;Pyrénées-Atlantiques;246401756;Communauté de communes Pays de Nay;3;Non;Non;Non;2;Non;64133;Boeil-Bezing;Commune;216401331;64133;BOEIL-BEZING;Dépenses d'équipement;102695.39;0.0;0.0;102695.39;0.10269539;1360;75.51131617647059;1;;;;;;;;2;;;2024;1360
2024;Non;75;Nouvelle-Aquitaine;64;Pyrénées-Atlantiques;200067106;Communauté d'agglomération du Pays Basque;2;Oui;Non;Non;1;Non;64134;Bonloc;Commune;216401349;64134;BONLOC;Dépenses d'équipement;1406477.61;0.0;0.0;1406477.61;1.40647761;374;3760.635320855615;1;;;;;;;;2;;;2024;374
2024;Non;75;Nouvelle-Aquitaine;64;Pyrénées-Atlantiques;200039204;Communauté de communes de Lacq-Orthez;3;Oui;Non;Non;1;Non;64135;Bonnut;Commune;216401356;64135;BONNUT;Dépenses d'équipement;52795.24;0.0;0.0;52795.24;0.05279524;842;62.702185273159145;1;;;;;;;;2;;;2024;842
2024;Non;75;Nouvelle-Aquitaine;64;Pyrénées-Atlantiques;200067262;Communauté de communes du Haut Béarn;1;Oui;Oui;Non;0;Non;64136;Borce;Commune;216401364;64136;BORCE;Dépenses d'équipement;242008.22;2788.83;0.0;244797.05;0.24479705;123;1990.2199186991868;1;;;;;;;;2;;;2024;123
2024;Non;75;Nouvelle-Aquitaine;64;Pyrénées-Atlantiques;246401756;Communauté de communes Pays de Nay;3;Non;Non;Non;2;Non;64137;Bordères;Commune;216401372;64137;BORDERES;Dépenses d'équipement;49281.09;0.0;0.0;49281.09;0.04928109;692;71.21544797687861;1;;;;;;;;2;;;2024;692
2024;Non;75;Nouvelle-Aquitaine;64;Pyrénées-Atlantiques;246401756;Communauté de communes Pays de Nay;4;Non;Non;Non;2;Non;64138;Bordes;Commune;216401380;64138;BORDES;Dépenses d'équipement;1814437.06;0.0;0.0;1814437.06;1.8144370600000002;2938;617.5755820285909;1;;;;;;;;2;;;2024;2938
2024;Non;75;Nouvelle-Aquitaine;64;Pyrénées-Atlantiques;200067254;Communauté d'agglomération Pau Béarn Pyrénées;3;Non;Oui;Non;2;Non;64139;Bosdarros;Commune;216401398;64139;BOSDARROS;Dépenses d'équipement;903504.68;0.0;0.0;903504.68;0.9035046800000001;995;908.0449045226131;1;;;;;;;;2;;;2024;995
2024;Non;75;Nouvelle-Aquitaine;64;Pyrénées-Atlantiques;200067106;Communauté d'agglomération du Pays Basque;6;Non;Non;Non;2;Non;64140;Boucau;Commune;216401406;64140;BOUCAU;Dépenses d'équipement;1219610.96;0.0;0.0;1219610.96;1.21961096;8969;135.98070687925076;1;;;;;;;;2;;;2024;8969
2024;Non;75;Nouvelle-Aquitaine;64;Pyrénées-Atlantiques;200067239;Communauté de communes des Luys en Béarn;2;Oui;Non;Non;1;Non;64141;Boueilh-Boueilho-Lasque;Commune;216401414;64141;BOUEILH-BOUEILHO-LASQUE;Dépenses d'équipement;23549.52;0.0;0.0;23549.52;0.02354952;396;59.46848484848485;1;;;;;;;;2;;;2024;396
2024;Non;75;Nouvelle-Aquitaine;64;Pyrénées-Atlantiques;200067254;Communauté d'agglomération Pau Béarn Pyrénées;3;Oui;Non;Non;3;Non;64142;Bougarber;Commune;216401422;64142;BOUGARBER;Dépenses d'équipement;183601.7;0.0;0.0;183601.7;0.1836017;861;213.24239256678283;1;;;;;;;;2;;;2024;861
2024;Non;75;Nouvelle-Aquitaine;64;Pyrénées-Atlantiques;200067239;Communauté de communes des Luys en Béarn;1;Oui;Non;Non;1;Non;64143;Bouillon;Commune;216401430;64143;BOUILLON;Dépenses d'équipement;292786.28;0.0;0.0;292786.28;0.29278628;158;1853.0777215189876;1;;;;;;;;2;;;2024;158
2024;Non;75;Nouvelle-Aquitaine;64;Pyrénées-Atlantiques;200039204;Communauté de communes de Lacq-Orthez;1;Oui;Non;Non;1;Non;64144;Boumourt;Commune;216401448;64144;BOUMOURT;Dépenses d'équipement;59233.98;0.0;0.0;59233.98;0.059233980000000006;166;356.8312048192771;1;;;;;;;;2;;;2024;166
2024;Non;75;Nouvelle-Aquitaine;64;Pyrénées-Atlantiques;246401756;Communauté de communes Pays de Nay;3;Non;Non;Non;1;Non;64145;Bourdettes;Commune;216401455;64145;BOURDETTES;Dépenses d'équipement;140103.19;0.0;0.0;140103.19;0.14010319;520;269.4292115384615;1;;;;;;;;2;;;2024;520
2024;Non;75;Nouvelle-Aquitaine;64;Pyrénées-Atlantiques;200067239;Communauté de communes des Luys en Béarn;2;Oui;Non;Non;2;Non;64146;Bournos;Commune;216401463;64146;BOURNOS;Dépenses d'équipement;59179.42;0.0;0.0;59179.42;0.059179419999999996;340;174.05711764705882;1;;;;;;;;2;;;2024;340
2024;Non;75;Nouvelle-Aquitaine;64;Pyrénées-Atlantiques;200067106;Communauté d'agglomération du Pays Basque;4;Oui;Non;Non;2;Non;64147;Briscous;Commune;216401471;64147;BRISCOUS;Dépenses d'équipement;486917.71;0.0;0.0;486917.71;0.48691771;2925;166.46759316239317;1;;;;;;;;2;;;2024;2925
2024;Non;75;Nouvelle-Aquitaine;64;Pyrénées-Atlantiques;246401756;Communauté de communes Pays de Nay;3;Oui;Oui;Non;2;Non;64148;Bruges-Capbis-Mifaget;Commune;216401489;64148;BRUGES-CAPBIS-MIFAGET;Dépenses d'équipement;8439.47;0.0;0.0;8439.47;0.00843947;878;9.612152619589976;1;;;;;;;;2;;;2024;878
2024;Non;75;Nouvelle-Aquitaine;64;Pyrénées-Atlantiques;200067288;Communauté de communes du Béarn des Gaves;2;Oui;Non;Non;1;Non;64149;Bugnein;Commune;216401497;64149;BUGNEIN;Dépenses d'équipement;90472.9;0.0;0.0;90472.9;0.0904729;241;375.40622406639;1;;;;;;;;2;;;2024;241
2024;Non;75;Nouvelle-Aquitaine;64;Pyrénées-Atlantiques;200067106;Communauté d'agglomération du Pays Basque;1;Oui;Oui;Non;1;Non;64150;Bunus;Commune;216401505;64150;BUNUS;Dépenses d'équipement;225685.27;0.0;0.0;225685.27;0.22568527;134;1684.2184328358207;1;;;;;;;;2;;;2024;134
2024;Non;75;Nouvelle-Aquitaine;64;Pyrénées-Atlantiques;200067288;Communauté de communes du Béarn des Gaves;1;Oui;Non;Non;2;Non;64151;Burgaronne;Commune;216401513;64151;BURGARONNE;Dépenses d'équipement;17498.09;0.0;0.0;17498.09;0.01749809;103;169.88436893203883;1;;;;;;;;2;;;2024;103
2024;Non;75;Nouvelle-Aquitaine;64;Pyrénées-Atlantiques;200067296;Communauté de communes du Nord Est Béarn;4;Non;Non;Non;3;Non;64152;Buros;Commune;216401521;64152;BUROS;Dépenses d'équipement;639350.13;56938.87;0.0;696289.0;0.696289;2021;344.526966848095;1;;;;;;;;2;;;2024;2021
2024;Non;75;Nouvelle-Aquitaine;64;Pyrénées-Atlantiques;200067239;Communauté de communes des Luys en Béarn;0;Oui;Non;Non;1;Non;64153;Burosse-Mendousse;Commune;216401539;64153;BUROSSE-MENDOUSSE;Dépenses d'équipement;211968.69;0.0;0.0;211968.69;0.21196869000000002;77;2752.84012987013;1;;;;;;;;2;;;2024;77
2024;Non;75;Nouvelle-Aquitaine;64;Pyrénées-Atlantiques;200067106;Communauté d'agglomération du Pays Basque;2;Oui;Oui;Non;1;Non;64154;Bussunarits-Sarrasquette;Commune;216401547;64154;BUSSUNARITS-SARRASQUETTE;Dépenses d'équipement;173178.47;0.0;0.0;173178.47;0.17317847;211;820.7510426540284;1;;;;;;;;2;;;2024;211
2024;Non;75;Nouvelle-Aquitaine;64;Pyrénées-Atlantiques;200067106;Communauté d'agglomération du Pays Basque;1;Oui;Oui;Non;1;Non;64155;Bustince-Iriberry;Commune;216401554;64155;BUSTINCE-IRIBERRY;Dépenses d'équipement;278024.47;0.0;0.0;278024.47;0.27802446999999997;107;2598.3595327102803;1;;;;;;;;2;;;2024;107
2024;Non;75;Nouvelle-Aquitaine;64;Pyrénées-Atlantiques;200067262;Communauté de communes du Haut Béarn;2;Oui;Non;Non;2;Non;64156;Buziet;Commune;216401562;64156;BUZIET;Dépenses d'équipement;4825.8;0.0;0.0;4825.8;0.0048258;490;9.848571428571429;1;;;;;;;;2;;;2024;490
2024;Non;75;Nouvelle-Aquitaine;64;Pyrénées-Atlantiques;246400337;Communauté de communes de la Vallée d'Ossau;3;Oui;Non;Non;1;Non;64157;Buzy;Commune;216401570;64157;BUZY;Dépenses d'équipement;805119.68;1449.75;0.0;806569.43;0.80656943;1018;792.3078880157171;1;;;;;;;;2;;;2024;1018
2024;Non;75;Nouvelle-Aquitaine;64;Pyrénées-Atlantiques;200067239;Communauté de communes des Luys en Béarn;1;Oui;Non;Non;1;Non;64158;Cabidos;Commune;216401588;64158;CABIDOS;Dépenses d'équipement;0.0;0.0;0.0;0.0;0.0;177;0.0;1;;;;;;;;2;;;2024;177
2024;Non;75;Nouvelle-Aquitaine;64;Pyrénées-Atlantiques;200067296;Communauté de communes du Nord Est Béarn;1;Oui;Non;Non;1;Non;64159;Cadillon;Commune;216401596;64159;CADILLON;Dépenses d'équipement;13293.56;0.0;0.0;13293.56;0.01329356;114;116.61017543859649;1;;;;;;;;2;;;2024;114
2024;Non;75;Nouvelle-Aquitaine;64;Pyrénées-Atlantiques;200067106;Communauté d'agglomération du Pays Basque;6;Non;Oui;Oui;2;Non;64160;Cambo-les-Bains;Commune;216401604;64160;CAMBO-LES-BAINS;Dépenses d'équipement;1443263.58;0.0;0.0;1443263.58;1.44326358;6772;213.12220614294154;1;;;;;;;;2;;;2024;6772
2024;Non;75;Nouvelle-Aquitaine;64;Pyrénées-Atlantiques;200067106;Communauté d'agglomération du Pays Basque;3;Oui;Non;Non;1;Non;64161;Came;Commune;216401612;64161;CAME;Dépenses d'équipement;627720.29;0.0;0.0;627720.29;0.6277202900000001;1040;603.5772019230769;1;;;;;;;;2;;;2024;1040
2024;Non;75;Nouvelle-Aquitaine;64;Pyrénées-Atlantiques;200067106;Communauté d'agglomération du Pays Basque;1;Oui;Oui;Non;0;Non;64162;Camou-Cihigue;Commune;216401620;64162;CAMOU-CIHIGUE;Dépenses d'équipement;15473.34;0.0;0.0;15473.34;0.01547334;105;147.36514285714287;1;;;;;;;;2;;;2024;105
2024;Non;75;Nouvelle-Aquitaine;64;Pyrénées-Atlantiques;200039204;Communauté de communes de Lacq-Orthez;2;Oui;Oui;Non;1;Non;64165;Cardesse;Commune;216401653;64165;CARDESSE;Dépenses d'équipement;889.79;15020.01;0.0;15909.8;0.015909799999999998;307;51.82345276872964;1;;;;;;;;2;;;2024;307
2024;Non;75;Nouvelle-Aquitaine;64;Pyrénées-Atlantiques;200067106;Communauté d'agglomération du Pays Basque;1;Non;Oui;Non;2;Non;64166;Caro;Commune;216401661;64166;CARO;Dépenses d'équipement;4932.0;0.0;0.0;4932.0;0.004932;190;25.957894736842107;1;;;;;;;;2;;;2024;190
2024;Non;75;Nouvelle-Aquitaine;64;Pyrénées-Atlantiques;200067239;Communauté de communes des Luys en Béarn;2;Oui;Non;Non;1;Non;64167;Carrère;Commune;216401679;64167;CARRERE;Dépenses d'équipement;32319.0;0.0;0.0;32319.0;0.032319;219;147.57534246575344;1;;;;;;;;2;;;2024;219
2024;Non;75;Nouvelle-Aquitaine;64;Pyrénées-Atlantiques;200067288;Communauté de communes du Béarn des Gaves;3;Oui;Non;Non;1;Non;64168;Carresse-Cassaber;Commune;216401687;64168;CARRESSE-CASSABER;Dépenses d'équipement;81284.13;13107.0;0.0;94391.13;0.09439113;674;140.04618694362017;1;;;;;;;;2;;;2024;674
2024;Non;75;Nouvelle-Aquitaine;64;Pyrénées-Atlantiques;200067288;Communauté de communes du Béarn des Gaves;2;Oui;Non;Non;2;Non;64170;Castagnède;Commune;216401703;64170;CASTAGNEDE;Dépenses d'équipement;164804.9;0.0;0.0;164804.9;0.1648049;202;815.8658415841584;1;;;;;;;;2;;;2024;202
2024;Non;75;Nouvelle-Aquitaine;64;Pyrénées-Atlantiques;200039204;Communauté de communes de Lacq-Orthez;2;Oui;Non;Non;1;Non;64171;Casteide-Cami;Commune;216401711;64171;CASTEIDE-CAMI;Dépenses d'équipement;129131.56;0.0;0.0;129131.56;0.12913156;270;478.265037037037;1;;;;;;;;2;;;2024;270
2024;Non;75;Nouvelle-Aquitaine;64;Pyrénées-Atlantiques;200039204;Communauté de communes de Lacq-Orthez;2;Oui;Non;Non;1;Non;64172;Casteide-Candau;Commune;216401729;64172;CASTEIDE-CANDAU;Dépenses d'équipement;535328.81;0.0;0.0;535328.81;0.5353288100000001;308;1738.080551948052;1;;;;;;;;2;;;2024;308
2024;Non;75;Nouvelle-Aquitaine;64;Pyrénées-Atlantiques;200072106;Communauté de communes Adour Madiran;1;Oui;Non;Non;1;Non;64173;Casteide-Doat;Commune;216401737;64173;CASTEIDE-DOAT;Dépenses d'équipement;52890.44;0.0;0.0;52890.44;0.052890440000000004;164;322.50268292682927;1;;;;;;;;2;;;2024;164
2024;Non;75;Nouvelle-Aquitaine;64;Pyrénées-Atlantiques;200072106;Communauté de communes Adour Madiran;0;Oui;Non;Non;1;Non;64174;Castéra-Loubix;Commune;216401745;64174;CASTERA-LOUBIX;Dépenses d'équipement;19461.18;0.0;0.0;19461.18;0.01946118;51;381.5917647058824;1;;;;;;;;2;;;2024;51
2024;Non;75;Nouvelle-Aquitaine;64;Pyrénées-Atlantiques;246400337;Communauté de communes de la Vallée d'Ossau;1;Oui;Oui;Non;1;Non;64175;Castet;Commune;216401752;64175;CASTET;Dépenses d'équipement;198034.66;24099.7;0.0;222134.36;0.22213435999999998;148;1500.9078378378376;1;;;;;;;;2;;;2024;148
2024;Non;75;Nouvelle-Aquitaine;64;Pyrénées-Atlantiques;200067288;Communauté de communes du Béarn des Gaves;1;Oui;Non;Non;1;Non;64176;Castetbon;Commune;216401760;64176;CASTETBON;Dépenses d'équipement;46877.51;0.0;0.0;46877.51;0.046877510000000004;159;294.827106918239;1;;;;;;;;2;;;2024;159
2024;Non;75;Nouvelle-Aquitaine;64;Pyrénées-Atlantiques;200039204;Communauté de communes de Lacq-Orthez;3;Non;Non;Non;2;Non;64177;Castétis;Commune;216401778;64177;CASTETIS;Dépenses d'équipement;27809.0;0.0;0.0;27809.0;0.027809;668;41.630239520958085;1;;;;;;;;2;;;2024;668
2024;Non;75;Nouvelle-Aquitaine;64;Pyrénées-Atlantiques;200067288;Communauté de communes du Béarn des Gaves;2;Non;Non;Non;1;Non;64178;Castetnau-Camblong;Commune;216401786;64178;CASTETNAU-CAMBLONG;Dépenses d'équipement;36110.48;0.0;0.0;36110.48;0.03611048;473;76.34350951374208;1;;;;;;;;2;;;2024;473
2024;Non;75;Nouvelle-Aquitaine;64;Pyrénées-Atlantiques;200067239;Communauté de communes des Luys en Béarn;2;Oui;Non;Non;1;Non;64180;Castetpugon;Commune;216401802;64180;CASTETPUGON;Dépenses d'équipement;22188.17;0.0;0.0;22188.17;0.022188169999999997;215;103.2007906976744;1;;;;;;;;2;;;2024;215
2024;Non;75;Nouvelle-Aquitaine;64;Pyrénées-Atlantiques;200039204;Communauté de communes de Lacq-Orthez;2;Oui;Non;Non;3;Non;64181;Castillon (Canton d'Arthez-de-Béarn);Commune;216401810;64181;CASTILLON CANTON ARTHEZ-DE-BEARN;Dépenses d'équipement;397229.76;0.0;0.0;397229.76;0.39722976;343;1158.1042565597668;1;;;;;;;;2;;;2024;343
2024;Non;75;Nouvelle-Aquitaine;64;Pyrénées-Atlantiques;200067296;Communauté de communes du Nord Est Béarn;0;Oui;Non;Non;1;Non;64182;Castillon (Canton de Lembeye);Commune;216401828;64182;CASTILLON CANTON DE LEMBEYE;Dépenses d'équipement;0.0;0.0;0.0;0.0;0.0;76;0.0;1;;;;;;;;2;;;2024;76
2024;Non;75;Nouvelle-Aquitaine;64;Pyrénées-Atlantiques;200067239;Communauté de communes des Luys en Béarn;3;Oui;Non;Non;2;Non;64183;Caubios-Loos;Commune;216401836;64183;CAUBIOS-LOOS;Dépenses d'équipement;107310.42;0.0;0.0;107310.42;0.10731042;685;156.65754744525546;1;;;;;;;;2;;;2024;685
2024;Non;75;Nouvelle-Aquitaine;64;Pyrénées-Atlantiques;200039204;Communauté de communes de Lacq-Orthez;3;Oui;Non;Non;2;Non;64184;Cescau;Commune;216401844;64184;CESCAU;Dépenses d'équipement;261234.79;0.0;0.0;261234.79;0.26123479;653;400.05327718223583;1;;;;;;;;2;;;2024;653
2024;Non;75;Nouvelle-Aquitaine;64;Pyrénées-Atlantiques;200067262;Communauté de communes du Haut Béarn;0;Oui;Oui;Non;2;Non;64185;Cette-Eygun;Commune;216401851;64185;CETTE-EYGUN;Dépenses d'équipement;54928.34;56104.56;0.0;111032.9;0.11103289999999999;60;1850.5483333333332;1;;;;;;;;2;;;2024;60
2024;Non;75;Nouvelle-Aquitaine;64;Pyrénées-Atlantiques;200067288;Communauté de communes du Béarn des Gaves;2;Oui;Non;Non;1;Non;64186;Charre;Commune;216401869;64186;CHARRE;Dépenses d'équipement;29483.41;0.0;0.0;29483.41;0.02948341;224;131.62236607142856;1;;;;;;;;2;;;2024;224
2024;Non;75;Nouvelle-Aquitaine;64;Pyrénées-Atlantiques;200067106;Communauté d'agglomération du Pays Basque;2;Non;Non;Non;1;Non;64187;Charritte-de-Bas;Commune;216401877;64187;CHARRITTE-DE-BAS;Dépenses d'équipement;29293.19;0.0;0.0;29293.19;0.02929319;255;114.87525490196077;1;;;;;;;;2;;;2024;255
2024;Non;75;Nouvelle-Aquitaine;64;Pyrénées-Atlantiques;200067106;Communauté d'agglomération du Pays Basque;3;Non;Oui;Non;1;Non;64188;Chéraute;Commune;216401885;64188;CHERAUTE;Dépenses d'équipement;177905.06;0.0;0.0;177905.06;0.17790506;1206;147.5166334991708;1;;;;;;;;2;;;2024;1206
2024;Non;75;Nouvelle-Aquitaine;64;Pyrénées-Atlantiques;200067106;Communauté d'agglomération du Pays Basque;6;Non;Non;Oui;3;Non;64189;Ciboure;Commune;216401893;64189;CIBOURE;Dépenses d'équipement;2267976.26;0.0;0.0;2267976.26;2.2679762599999997;6162;368.05846478416095;1;;;;;;;;2;;;2024;6162
2024;Non;75;Nouvelle-Aquitaine;64;Pyrénées-Atlantiques;200067239;Communauté de communes des Luys en Béarn;2;Oui;Non;Non;1;Non;64190;Claracq;Commune;216401901;64190;CLARACQ;Dépenses d'équipement;43576.61;0.0;0.0;43576.61;0.04357661;249;175.00646586345383;1;;;;;;;;2;;;2024;249
2024;Non;75;Nouvelle-Aquitaine;64;Pyrénées-Atlantiques;246401756;Communauté de communes Pays de Nay;4;Non;Non;Non;1;Non;64191;Coarraze;Commune;216401919;64191;COARRAZE;Dépenses d'équipement;464016.11;0.0;0.0;464016.11;0.46401611;2334;198.80724507283634;1;;;;;;;;2;;;2024;2334
2024;Non;75;Nouvelle-Aquitaine;64;Pyrénées-Atlantiques;200067239;Communauté de communes des Luys en Béarn;1;Oui;Non;Non;1;Non;64192;Conchez-de-Béarn;Commune;216401927;64192;CONCHEZ-DE-BEARN;Dépenses d'équipement;15888.62;0.0;0.0;15888.62;0.01588862;111;143.14072072072074;1;;;;;;;;2;;;2024;111
2024;Non;75;Nouvelle-Aquitaine;64;Pyrénées-Atlantiques;200067296;Communauté de communes du Nord Est Béarn;0;Oui;Non;Non;2;Non;64193;Corbère-Abères;Commune;216401935;64193;CORBERE-ABERES;Dépenses d'équipement;2134.94;0.0;0.0;2134.94;0.00213494;98;21.785102040816327;1;;;;;;;;2;;;2024;98
2024;Non;75;Nouvelle-Aquitaine;64;Pyrénées-Atlantiques;200067296;Communauté de communes du Nord Est Béarn;2;Oui;Non;Non;1;Non;64194;Coslédaà-Lube-Boast;Commune;216401943;64194;COSLEDAA-LUBE-BOAST;Dépenses d'équipement;70759.65;7316.2;0.0;78075.85;0.07807585;389;200.7091259640103;1;;;;;;;;2;;;2024;389
2024;Non;75;Nouvelle-Aquitaine;64;Pyrénées-Atlantiques;200067239;Communauté de communes des Luys en Béarn;0;Oui;Non;Non;2;Non;64195;Coublucq;Commune;216401950;64195;COUBLUCQ;Dépenses d'équipement;60860.4;0.0;0.0;60860.4;0.0608604;93;654.4129032258064;1;;;;;;;;2;;;2024;93
2024;Non;75;Nouvelle-Aquitaine;64;Pyrénées-Atlantiques;200067296;Communauté de communes du Nord Est Béarn;1;Oui;Non;Non;1;Non;64196;Crouseilles;Commune;216401968;64196;CROUSEILLES;Dépenses d'équipement;29372.36;0.0;0.0;29372.36;0.02937236;123;238.79967479674798;1;;;;;;;;2;;;2024;123
2024;Non;75;Nouvelle-Aquitaine;64;Pyrénées-Atlantiques;200039204;Communauté de communes de Lacq-Orthez;1;Non;Oui;Non;2;Non;64197;Cuqueron;Commune;216401976;64197;CUQUERON;Dépenses d'équipement;19998.62;0.0;0.0;19998.62;0.019998619999999998;196;102.03377551020408;1;;;;;;;;2;;;2024;196
2024;Non;75;Nouvelle-Aquitaine;64;Pyrénées-Atlantiques;200067254;Communauté d'agglomération Pau Béarn Pyrénées;3;Non;Non;Non;2;Non;64198;Denguin;Commune;216401984;64198;DENGUIN;Dépenses d'équipement;226264.19;0.0;0.0;226264.19;0.22626419;1820;124.32098351648352;1;;;;;;;;2;;;2024;1820
2024;Non;75;Nouvelle-Aquitaine;64;Pyrénées-Atlantiques;200067239;Communauté de communes des Luys en Béarn;1;Oui;Non;Non;1;Non;64199;Diusse;Commune;216401992;64199;DIUSSE;Dépenses d'équipement;4277.06;0.0;0.0;4277.06;0.00427706;145;29.49696551724138;1;;;;;;;;2;;;2024;145
2024;Non;75;Nouvelle-Aquitaine;64;Pyrénées-Atlantiques;200039204;Communauté de communes de Lacq-Orthez;1;Oui;Non;Non;2;Non;64200;Doazon;Commune;216402008;64200;DOAZON;Dépenses d'équipement;76209.47;0.0;0.0;76209.47;0.07620947;185;411.94308108108106;1;;;;;;;;2;;;2024;185
2024;Non;75;Nouvelle-Aquitaine;64;Pyrénées-Atlantiques;200067288;Communauté de communes du Béarn des Gaves;2;Oui;Non;Non;1;Non;64201;Dognen;Commune;216402016;64201;DOGNEN;Dépenses d'équipement;86476.47;0.0;0.0;86476.47;0.08647647;237;364.87962025316455;1;;;;;;;;2;;;2024;237
2024;Non;75;Nouvelle-Aquitaine;64;Pyrénées-Atlantiques;200067106;Communauté d'agglomération du Pays Basque;2;Oui;Non;Non;1;Non;64202;Domezain-Berraute;Commune;216402024;64202;DOMEZAIN-BERRAUTE;Dépenses d'équipement;68956.99;0.0;0.0;68956.99;0.06895699000000001;481;143.36172557172557;1;;;;;;;;2;;;2024;481
2024;Non;75;Nouvelle-Aquitaine;64;Pyrénées-Atlantiques;200067239;Communauté de communes des Luys en Béarn;2;Oui;Non;Non;2;Non;64203;Doumy;Commune;216402032;64203;DOUMY;Dépenses d'équipement;263698.03;0.0;0.0;263698.03;0.26369803;331;796.6707854984895;1;;;;;;;;2;;;2024;331
2024;Non;75;Nouvelle-Aquitaine;64;Pyrénées-Atlantiques;246400337;Communauté de communes de la Vallée d'Ossau;1;Oui;Oui;Oui;2;Non;64204;Eaux-Bonnes;Commune;216402040;64204;EAUX-BONNES;Dépenses d'équipement;207643.21;107650.6;0.0;315293.81;0.31529381;193;1633.6466839378238;1;;;;;;;;2;;;2024;193
2024;Non;75;Nouvelle-Aquitaine;64;Pyrénées-Atlantiques;200067288;Communauté de communes du Béarn des Gaves;2;Oui;Non;Non;1;Non;64205;Escos;Commune;216402057;64205;ESCOS;Dépenses d'équipement;45513.36;4846.17;0.0;50359.53;0.05035953;239;210.70933054393305;1;;;;;;;;2;;;2024;239
2024;Non;75;Nouvelle-Aquitaine;64;Pyrénées-Atlantiques;200067262;Communauté de communes du Haut Béarn;1;Oui;Oui;Non;1;Non;64206;Escot;Commune;216402065;64206;ESCOT;Dépenses d'équipement;1967.0;19499.63;0.0;21466.63;0.02146663;122;175.9559836065574;1;;;;;;;;2;;;2024;122
2024;Non;75;Nouvelle-Aquitaine;64;Pyrénées-Atlantiques;200067262;Communauté de communes du Haut Béarn;2;Oui;Non;Non;1;Non;64207;Escou;Commune;216402073;64207;ESCOU;Dépenses d'équipement;899.99;0.0;0.0;899.99;0.00089999;441;2.040793650793651;1;;;;;;;;2;;;2024;441
2024;Non;75;Nouvelle-Aquitaine;64;Pyrénées-Atlantiques;200067296;Communauté de communes du Nord Est Béarn;2;Oui;Non;Non;1;Non;64208;Escoubès;Commune;216402081;64208;ESCOUBES;Dépenses d'équipement;51611.12;0.0;0.0;51611.12;0.05161112;441;117.03201814058957;1;;;;;;;;2;;;2024;441
2024;Non;75;Nouvelle-Aquitaine;64;Pyrénées-Atlantiques;200067262;Communauté de communes du Haut Béarn;2;Oui;Non;Non;2;Non;64209;Escout;Commune;216402099;64209;ESCOUT;Dépenses d'équipement;11164.8;0.0;0.0;11164.8;0.011164799999999999;439;25.432346241457857;1;;;;;;;;2;;;2024;439
2024;Non;75;Nouvelle-Aquitaine;64;Pyrénées-Atlantiques;200067296;Communauté de communes du Nord Est Béarn;1;Oui;Non;Non;2;Non;64210;Escurès;Commune;216402107;64210;ESCURES;Dépenses d'équipement;125231.86;0.0;0.0;125231.86;0.12523186;147;851.9174149659864;1;;;;;;;;2;;;2024;147
2024;Non;75;Nouvelle-Aquitaine;64;Pyrénées-Atlantiques;200067296;Communauté de communes du Nord Est Béarn;2;Oui;Non;Non;1;Non;64211;Eslourenties-Daban;Commune;216402115;64211;ESLOURENTIES-DABAN;Dépenses d'équipement;159902.99;0.0;0.0;159902.99;0.15990299;376;425.27390957446806;1;;;;;;;;2;;;2024;376
2024;Non;75;Nouvelle-Aquitaine;64;Pyrénées-Atlantiques;200067296;Communauté de communes du Nord Est Béarn;1;Oui;Non;Non;2;Non;64212;Espéchède;Commune;216402123;64212;ESPECHEDE;Dépenses d'équipement;104266.72;0.0;0.0;104266.72;0.10426672000000001;152;685.9652631578947;1;;;;;;;;2;;;2024;152
2024;Non;75;Nouvelle-Aquitaine;64;Pyrénées-Atlantiques;200067106;Communauté d'agglomération du Pays Basque;4;Non;Oui;Oui;2;Non;64213;Espelette;Commune;216402131;64213;ESPELETTE;Dépenses d'équipement;454817.87;0.0;0.0;454817.87;0.45481787;2090;217.6162057416268;1;;;;;;;;2;;;2024;2090
2024;Non;75;Nouvelle-Aquitaine;64;Pyrénées-Atlantiques;200067106;Communauté d'agglomération du Pays Basque;3;Non;Non;Non;2;Non;64214;Espès-Undurein;Commune;216402149;64214;ESPES-UNDUREIN;Dépenses d'équipement;34252.33;0.0;0.0;34252.33;0.034252330000000004;504;67.96097222222222;1;;;;;;;;2;;;2024;504
2024;Non;75;Nouvelle-Aquitaine;64;Pyrénées-Atlantiques;200067288;Communauté de communes du Béarn des Gaves;1;Oui;Non;Non;1;Non;64215;Espiute;Commune;216402156;64215;ESPIUTE;Dépenses d'équipement;10103.85;0.0;0.0;10103.85;0.010103850000000001;108;93.55416666666667;1;;;;;;;;2;;;2024;108
2024;Non;75;Nouvelle-Aquitaine;64;Pyrénées-Atlantiques;200067296;Communauté de communes du Nord Est Béarn;3;Non;Non;Non;3;Non;64216;Espoey;Commune;216402164;64216;ESPOEY;Dépenses d'équipement;1003521.0;0.0;0.0;1003521.0;1.003521;1241;808.6390008058017;1;;;;;;;;2;;;2024;1241
2024;Non;75;Nouvelle-Aquitaine;64;Pyrénées-Atlantiques;200067262;Communauté de communes du Haut Béarn;3;Oui;Oui;Non;2;Non;64217;Esquiule;Commune;216402172;64217;ESQUIULE;Dépenses d'équipement;40284.3;81287.96;0.0;121572.26;0.12157226;547;222.252760511883;1;;;;;;;;2;;;2024;547
2024;Non;75;Nouvelle-Aquitaine;64;Pyrénées-Atlantiques;200067106;Communauté d'agglomération du Pays Basque;2;Oui;Oui;Non;1;Non;64218;Estérençuby;Commune;216402180;64218;ESTERENCUBY;Dépenses d'équipement;226356.49;0.0;0.0;226356.49;0.22635649;315;718.5920317460317;1;;;;;;;;2;;;2024;315
2024;Non;75;Nouvelle-Aquitaine;64;Pyrénées-Atlantiques;200067262;Communauté de communes du Haut Béarn;2;Oui;Non;Non;2;Non;64219;Estialescq;Commune;216402198;64219;ESTIALESCQ;Dépenses d'équipement;26955.14;0.0;0.0;26955.14;0.02695514;266;101.33511278195489;1;;;;;;;;2;;;2024;266
2024;Non;75;Nouvelle-Aquitaine;64;Pyrénées-Atlantiques;200067262;Communauté de communes du Haut Béarn;3;Non;Non;Non;3;Non;64220;Estos;Commune;216402206;64220;ESTOS;Dépenses d'équipement;27186.23;0.0;0.0;27186.23;0.02718623;503;54.04817097415507;1;;;;;;;;2;;;2024;503
2024;Non;75;Nouvelle-Aquitaine;64;Pyrénées-Atlantiques;200067106;Communauté d'agglomération du Pays Basque;1;Oui;Non;Non;1;Non;64221;Etcharry;Commune;216402214;64221;ETCHARRY;Dépenses d'équipement;48835.36;0.0;0.0;48835.36;0.04883536;186;262.5556989247312;1;;;;;;;;2;;;2024;186
2024;Non;75;Nouvelle-Aquitaine;64;Pyrénées-Atlantiques;200067106;Communauté d'agglomération du Pays Basque;0;Oui;Oui;Non;1;Non;64222;Etchebar;Commune;216402222;64222;ETCHEBAR;Dépenses d'équipement;0.0;0.0;0.0;0.0;0.0;74;0.0;1;;;;;;;;2;;;2024;74
2024;Non;75;Nouvelle-Aquitaine;64;Pyrénées-Atlantiques;200067262;Communauté de communes du Haut Béarn;0;Oui;Oui;Non;2;Non;64223;Etsaut;Commune;216402230;64223;ETSAUT;Dépenses d'équipement;84258.86;0.0;0.0;84258.86;0.08425886;54;1560.3492592592593;1;;;;;;;;2;;;2024;54
2024;Non;75;Nouvelle-Aquitaine;64;Pyrénées-Atlantiques;200067262;Communauté de communes du Haut Béarn;3;Non;Non;Non;2;Non;64224;Eysus;Commune;216402248;64224;EYSUS;Dépenses d'équipement;70389.69;40564.54;0.0;110954.23;0.11095423;644;172.28917701863352;1;;;;;;;;2;;;2024;644
2024;Non;75;Nouvelle-Aquitaine;64;Pyrénées-Atlantiques;200067239;Communauté de communes des Luys en Béarn;1;Oui;Non;Non;1;Non;64226;Fichous-Riumayou;Commune;216402263;64226;FICHOUS-RIUMAYOU;Dépenses d'équipement;0.0;0.0;0.0;0.0;0.0;196;0.0;1;;;;;;;;2;;;2024;196
2024;Non;75;Nouvelle-Aquitaine;64;Pyrénées-Atlantiques;200067296;Communauté de communes du Nord Est Béarn;3;Non;Non;Non;2;Non;64227;Gabaston;Commune;216402271;64227;GABASTON;Dépenses d'équipement;68611.9;0.0;0.0;68611.9;0.06861189999999999;682;100.60395894428152;1;;;;;;;;2;;;2024;682
2024;Non;75;Nouvelle-Aquitaine;64;Pyrénées-Atlantiques;200067106;Communauté d'agglomération du Pays Basque;2;Oui;Non;Non;2;Non;64228;Gabat;Commune;216402289;64228;GABAT;Dépenses d'équipement;77173.43;0.0;0.0;77173.43;0.07717342999999999;282;273.6646453900709;1;;;;;;;;2;;;2024;282
2024;Non;75;Nouvelle-Aquitaine;64;Pyrénées-Atlantiques;200067106;Communauté d'agglomération du Pays Basque;1;Oui;Oui;Non;1;Non;64229;Gamarthe;Commune;216402297;64229;GAMARTHE;Dépenses d'équipement;120167.94;0.0;0.0;120167.94;0.12016794;132;910.3631818181818;1;;;;;;;;2;;;2024;132
2024;Non;75;Nouvelle-Aquitaine;64;Pyrénées-Atlantiques;200067254;Communauté d'agglomération Pau Béarn Pyrénées;6;Non;Oui;Non;2;Non;64230;Gan;Commune;216402305;64230;GAN;Dépenses d'équipement;1519422.58;0.0;0.0;1519422.58;1.51942258;5744;264.52342966573815;1;;;;;;;;2;;;2024;5744
2024;Non;75;Nouvelle-Aquitaine;64;Pyrénées-Atlantiques;200067106;Communauté d'agglomération du Pays Basque;2;Non;Oui;Non;2;Non;64231;Garindein;Commune;216402313;64231;GARINDEIN;Dépenses d'équipement;72117.58;0.0;0.0;72117.58;0.07211758;481;149.93259875259875;1;;;;;;;;2;;;2024;481
2024;Non;75;Nouvelle-Aquitaine;64;Pyrénées-Atlantiques;200067239;Communauté de communes des Luys en Béarn;2;Oui;Non;Non;1;Non;64232;Garlède-Mondebat;Commune;216402321;64232;GARLEDE-MONDEBAT;Dépenses d'équipement;69477.84;0.0;0.0;69477.84;0.06947784;221;314.3793665158371;1;;;;;;;;2;;;2024;221
2024;Non;75;Nouvelle-Aquitaine;64;Pyrénées-Atlantiques;200067239;Communauté de communes des Luys en Béarn;3;Oui;Non;Non;1;Non;64233;Garlin;Commune;216402339;64233;GARLIN;Dépenses d'équipement;218905.01;1414869.87;0.0;1633774.88;1.6337748799999998;1365;1196.904673992674;1;;;;;;;;2;;;2024;1365
2024;Non;75;Nouvelle-Aquitaine;64;Pyrénées-Atlantiques;200067239;Communauté de communes des Luys en Béarn;2;Oui;Non;Non;1;Non;64234;Garos;Commune;216402347;64234;GAROS;Dépenses d'équipement;131415.49;0.0;0.0;131415.49;0.13141549;269;488.5334200743494;1;;;;;;;;2;;;2024;269
2024;Non;75;Nouvelle-Aquitaine;64;Pyrénées-Atlantiques;200067106;Communauté d'agglomération du Pays Basque;2;Oui;Non;Non;4;Non;64235;Garris;Commune;216402354;64235;GARRIS;Dépenses d'équipement;26586.47;0.0;0.0;26586.47;0.02658647;314;84.67028662420383;1;;;;;;;;2;;;2024;314
2024;Non;75;Nouvelle-Aquitaine;64;Pyrénées-Atlantiques;200067296;Communauté de communes du Nord Est Béarn;0;Oui;Non;Non;2;Non;64236;Gayon;Commune;216402362;64236;GAYON;Dépenses d'équipement;29150.88;0.0;0.0;29150.88;0.02915088;55;530.016;1;;;;;;;;2;;;2024;55
2024;Non;75;Nouvelle-Aquitaine;64;Pyrénées-Atlantiques;200067254;Communauté d'agglomération Pau Béarn Pyrénées;5;Non;Non;Non;2;Non;64237;Gelos;Commune;216402370;64237;GELOS;Dépenses d'équipement;1038615.94;6292.79;0.0;1044908.73;1.04490873;3737;279.6116483810543;1;;;;;;;;2;;;2024;3737
2024;Non;75;Nouvelle-Aquitaine;64;Pyrénées-Atlantiques;200067296;Communauté de communes du Nord Est Béarn;4;Oui;Non;Non;2;Non;64238;Ger;Commune;216402388;64238;GER;Dépenses d'équipement;2070686.51;0.0;0.0;2070686.51;2.07068651;2118;977.6612417374882;1;;;;;;;;2;;;2024;2118
2024;Non;75;Nouvelle-Aquitaine;64;Pyrénées-Atlantiques;200067296;Communauté de communes du Nord Est Béarn;1;Oui;Non;Non;1;Non;64239;Gerderest;Commune;216402396;64239;GERDEREST;Dépenses d'équipement;0.0;0.0;0.0;0.0;0.0;146;0.0;1;;;;;;;;2;;;2024;146
2024;Non;75;Nouvelle-Aquitaine;64;Pyrénées-Atlantiques;246400337;Communauté de communes de la Vallée d'Ossau;1;Oui;Oui;Non;2;Non;64240;Gère-Bélesten;Commune;216402404;64240;GERE-BELESTEN;Dépenses d'équipement;66725.96;131731.54;0.0;198457.5;0.1984575;187;1061.2700534759358;1;;;;;;;;2;;;2024;187
2024;Non;75;Nouvelle-Aquitaine;64;Pyrénées-Atlantiques;200067262;Communauté de communes du Haut Béarn;2;Oui;Non;Non;1;Non;64241;Géronce;Commune;216402412;64241;GERONCE;Dépenses d'équipement;70211.98;0.0;0.0;70211.98;0.07021198;494;142.12951417004047;1;;;;;;;;2;;;2024;494
2024;Non;75;Nouvelle-Aquitaine;64;Pyrénées-Atlantiques;200067288;Communauté de communes du Béarn des Gaves;0;Oui;Non;Non;1;Non;64242;Gestas;Commune;216402420;64242;GESTAS;Dépenses d'équipement;30526.52;0.0;0.0;30526.52;0.03052652;76;401.66473684210524;1;;;;;;;;2;;;2024;76
2024;Non;75;Nouvelle-Aquitaine;64;Pyrénées-Atlantiques;200067239;Communauté de communes des Luys en Béarn;2;Oui;Non;Non;1;Non;64243;Géus-d'Arzacq;Commune;216402438;64243;GEUS-D'ARZACQ;Dépenses d'équipement;52952.68;0.0;0.0;52952.68;0.05295268;206;257.05184466019415;1;;;;;;;;2;;;2024;206
2024;Non;75;Nouvelle-Aquitaine;64;Pyrénées-Atlantiques;200067262;Communauté de communes du Haut Béarn;2;Oui;Non;Non;1;Non;64244;Geüs-d'Oloron;Commune;216402446;64244;GEUS-D'OLORON;Dépenses d'équipement;17434.0;4680.0;0.0;22114.0;0.022114;273;81.00366300366301;1;;;;;;;;2;;;2024;273
2024;Non;75;Nouvelle-Aquitaine;64;Pyrénées-Atlantiques;200067262;Communauté de communes du Haut Béarn;3;Non;Non;Non;2;Non;64245;Goès;Commune;216402453;64245;GOES;Dépenses d'équipement;48826.52;0.0;0.0;48826.52;0.04882652;559;87.34618962432916;1;;;;;;;;2;;;2024;559
2024;Non;75;Nouvelle-Aquitaine;64;Pyrénées-Atlantiques;200067296;Communauté de communes du Nord Est Béarn;2;Oui;Non;Non;2;Non;64246;Gomer;Commune;216402461;64246;GOMER;Dépenses d'équipement;21959.55;0.0;0.0;21959.55;0.021959549999999998;308;71.29724025974026;1;;;;;;;;2;;;2024;308
2024;Non;75;Nouvelle-Aquitaine;64;Pyrénées-Atlantiques;200067106;Communauté d'agglomération du Pays Basque;2;Oui;Oui;Non;1;Non;64247;Gotein-Libarrenx;Commune;216402479;64247;GOTEIN-LIBARRENX;Dépenses d'équipement;24481.81;0.0;0.0;24481.81;0.02448181;485;50.4779587628866;1;;;;;;;;2;;;2024;485
2024;Non;75;Nouvelle-Aquitaine;64;Pyrénées-Atlantiques;200067106;Communauté d'agglomération du Pays Basque;3;Non;Non;Oui;4;Non;64249;Guéthary;Commune;216402495;64249;GUETHARY;Dépenses d'équipement;960286.14;0.0;0.0;960286.14;0.96028614;1360;706.09275;1;;;;;;;;2;;;2024;1360
2024;Non;75;Nouvelle-Aquitaine;64;Pyrénées-Atlantiques;200067106;Communauté d'agglomération du Pays Basque;3;Oui;Non;Non;1;Non;64250;Guiche;Commune;216402503;64250;GUICHE;Dépenses d'équipement;340859.69;303319.11;0.0;644178.8;0.6441788;1060;607.7158490566038;1;;;;;;;;2;;;2024;1060
2024;Non;75;Nouvelle-Aquitaine;64;Pyrénées-Atlantiques;200067288;Communauté de communes du Béarn des Gaves;2;Oui;Non;Non;2;Non;64251;Guinarthe-Parenties;Commune;216402511;64251;GUINARTHE-PARENTIES;Dépenses d'équipement;26084.75;13156.0;0.0;39240.75;0.03924075;234;167.69551282051282;1;;;;;;;;2;;;2024;234
2024;Non;75;Nouvelle-Aquitaine;64;Pyrénées-Atlantiques;200067288;Communauté de communes du Béarn des Gaves;2;Oui;Non;Non;1;Non;64253;Gurs;Commune;216402537;64253;GURS;Dépenses d'équipement;65654.88;0.0;0.0;65654.88;0.06565488;425;154.4820705882353;1;;;;;;;;2;;;2024;425
2024;Non;75;Nouvelle-Aquitaine;64;Pyrénées-Atlantiques;200039204;Communauté de communes de Lacq-Orthez;3;Oui;Non;Non;1;Non;64254;Hagetaubin;Commune;216402545;64254;HAGETAUBIN;Dépenses d'équipement;24012.9;0.0;0.0;24012.9;0.0240129;590;40.69983050847458;1;;;;;;;;2;;;2024;590
2024;Non;75;Nouvelle-Aquitaine;64;Pyrénées-Atlantiques;200067106;Communauté d'agglomération du Pays Basque;3;Non;Non;Non;4;Non;64255;Halsou;Commune;216402552;64255;HALSOU;Dépenses d'équipement;249907.93;0.0;0.0;249907.93;0.24990793;637;392.3201412872841;1;;;;;;;;2;;;2024;637
2024;Non;75;Nouvelle-Aquitaine;64;Pyrénées-Atlantiques;200067106;Communauté d'agglomération du Pays Basque;6;Non;Oui;Non;2;Non;64256;Hasparren;Commune;216402560;64256;HASPARREN;Dépenses d'équipement;1508680.01;0.0;0.0;1508680.01;1.50868001;7835;192.55647862156988;1;;;;;;;;2;;;2024;7835
2024;Non;75;Nouvelle-Aquitaine;64;Pyrénées-Atlantiques;246401756;Communauté de communes Pays de Nay;2;Oui;Oui;Non;1;Non;64257;Haut-de-Bosdarros;Commune;216402578;64257;HAUT-DE-BOSDARROS;Dépenses d'équipement;76393.01;0.0;0.0;76393.01;0.07639301;336;227.3601488095238;1;;;;;;;;2;;;2024;336
2024;Non;75;Nouvelle-Aquitaine;64;Pyrénées-Atlantiques;200067106;Communauté d'agglomération du Pays Basque;0;Oui;Oui;Non;1;Non;64258;Haux;Commune;216402586;64258;HAUX;Dépenses d'équipement;37495.61;0.0;0.0;37495.61;0.03749561;85;441.1248235294118;1;;;;;;;;2;;;2024;85
2024;Non;75;Nouvelle-Aquitaine;64;Pyrénées-Atlantiques;200067106;Communauté d'agglomération du Pays Basque;3;Oui;Oui;Non;1;Non;64259;Hélette;Commune;216402594;64259;HELETTE;Dépenses d'équipement;890183.92;0.0;0.0;890183.92;0.89018392;765;1163.639111111111;1;;;;;;;;2;;;2024;765
2024;Non;75;Nouvelle-Aquitaine;64;Pyrénées-Atlantiques;200067106;Communauté d'agglomération du Pays Basque;7;Non;Non;Oui;2;Non;64260;Hendaye;Commune;216402602;64260;HENDAYE;Dépenses d'équipement;8879334.1;979025.93;0.0;9858360.03;9.85836003;18254;540.0657406595815;1;;;;;;;;2;;;2024;18254
2024;Non;75;Nouvelle-Aquitaine;64;Pyrénées-Atlantiques;200067262;Communauté de communes du Haut Béarn;2;Oui;Non;Non;2;Non;64261;Herrère;Commune;216402610;64261;HERRERE;Dépenses d'équipement;33161.3;0.0;0.0;33161.3;0.033161300000000005;395;83.9526582278481;1;;;;;;;;2;;;2024;395
2024;Non;75;Nouvelle-Aquitaine;64;Pyrénées-Atlantiques;200067296;Communauté de communes du Nord Est Béarn;2;Oui;Non;Non;2;Non;64262;Higuères-Souye;Commune;216402628;64262;HIGUERES-SOUYE;Dépenses d'équipement;44286.29;0.0;0.0;44286.29;0.04428629;281;157.60245551601423;1;;;;;;;;2;;;2024;281
2024;Non;75;Nouvelle-Aquitaine;64;Pyrénées-Atlantiques;200067288;Communauté de communes du Béarn des Gaves;1;Oui;Non;Non;2;Non;64263;L'Hôpital-d'Orion;Commune;216402636;64263;HOPITAL-D'ORION L;Dépenses d'équipement;100481.69;0.0;0.0;100481.69;0.10048169;134;749.8633582089552;1;;;;;;;;2;;;2024;134
2024;Non;75;Nouvelle-Aquitaine;64;Pyrénées-Atlantiques;200067106;Communauté d'agglomération du Pays Basque;0;Oui;Oui;Non;1;Non;64264;L'Hôpital-Saint-Blaise;Commune;216402644;64264;HOPITAL-SAINT-BLAISE  - L';Dépenses d'équipement;81042.79;0.0;0.0;81042.79;0.08104278999999999;59;1373.6066101694914;1;;;;;;;;2;;;2024;59
2024;Non;75;Nouvelle-Aquitaine;64;Pyrénées-Atlantiques;200067106;Communauté d'agglomération du Pays Basque;0;Oui;Oui;Non;0;Non;64265;Hosta;Commune;216402651;64265;HOSTA;Dépenses d'équipement;97248.83;0.0;0.0;97248.83;0.09724883000000001;99;982.3114141414142;1;;;;;;;;2;;;2024;99
2024;Non;75;Nouvelle-Aquitaine;64;Pyrénées-Atlantiques;200067296;Communauté de communes du Nord Est Béarn;2;Oui;Non;Non;1;Non;64266;Hours;Commune;216402669;64266;HOURS;Dépenses d'équipement;31565.21;0.0;0.0;31565.21;0.031565209999999996;239;132.07200836820084;1;;;;;;;;2;;;2024;239
2024;Non;75;Nouvelle-Aquitaine;64;Pyrénées-Atlantiques;200067106;Communauté d'agglomération du Pays Basque;0;Oui;Oui;Non;1;Non;64267;Ibarrolle;Commune;216402677;64267;IBARROLLE;Dépenses d'équipement;4389.72;0.0;0.0;4389.72;0.004389720000000001;73;60.13315068493151;1;;;;;;;;2;;;2024;73
2024;Non;75;Nouvelle-Aquitaine;64;Pyrénées-Atlantiques;200067106;Communauté d'agglomération du Pays Basque;2;Oui;Oui;Non;1;Non;64268;Idaux-Mendy;Commune;216402685;64268;IDAUX-MENDY;Dépenses d'équipement;160408.15;0.0;0.0;160408.15;0.16040815;280;572.88625;1;;;;;;;;2;;;2024;280
2024;Non;75;Nouvelle-Aquitaine;64;Pyrénées-Atlantiques;200067254;Communauté d'agglomération Pau Béarn Pyrénées;6;Non;Non;Non;4;Non;64269;Idron;Commune;216402693;64269;IDRON;Dépenses d'équipement;787807.79;0.0;0.0;787807.79;0.78780779;5078;155.1413528948405;1;;;;;;;;2;;;2024;5078
2024;Non;75;Nouvelle-Aquitaine;64;Pyrénées-Atlantiques;246401756;Communauté de communes Pays de Nay;3;Non;Non;Non;2;Non;64270;Igon;Commune;216402701;64270;IGON;Dépenses d'équipement;393297.46;0.0;0.0;393297.46;0.39329746000000004;1042;377.44477927063343;1;;;;;;;;2;;;2024;1042
2024;Non;75;Nouvelle-Aquitaine;64;Pyrénées-Atlantiques;200067106;Communauté d'agglomération du Pays Basque;3;Oui;Oui;Non;1;Non;64271;Iholdy;Commune;216402719;64271;IHOLDY;Dépenses d'équipement;148165.79;97300.0;0.0;245465.79;0.24546579000000002;557;440.69262118491923;1;;;;;;;;2;;;2024;557
2024;Non;75;Nouvelle-Aquitaine;64;Pyrénées-Atlantiques;200067106;Communauté d'agglomération du Pays Basque;1;Oui;Non;Non;1;Non;64272;Ilharre;Commune;216402727;64272;ILHARRE;Dépenses d'équipement;61773.01;0.0;0.0;61773.01;0.06177301;149;414.58395973154364;1;;;;;;;;2;;;2024;149
2024;Non;75;Nouvelle-Aquitaine;64;Pyrénées-Atlantiques;200067106;Communauté d'agglomération du Pays Basque;3;Oui;Oui;Non;1;Non;64273;Irissarry;Commune;216402735;64273;IRISSARRY;Dépenses d'équipement;601807.91;3100.0;0.0;604907.91;0.60490791;943;641.471802757158;1;;;;;;;;2;;;2024;943
2024;Non;75;Nouvelle-Aquitaine;64;Pyrénées-Atlantiques;200067106;Communauté d'agglomération du Pays Basque;2;Oui;Oui;Non;3;Non;64274;Irouléguy;Commune;216402743;64274;IROULEGUY;Dépenses d'équipement;134985.0;0.0;0.0;134985.0;0.134985;371;363.8409703504043;1;;;;;;;;2;;;2024;371
2024;Non;75;Nouvelle-Aquitaine;64;Pyrénées-Atlantiques;200067106;Communauté d'agglomération du Pays Basque;3;Non;Oui;Non;1;Non;64275;Ispoure;Commune;216402750;64275;ISPOURE;Dépenses d'équipement;118448.69;0.0;0.0;118448.69;0.11844869000000001;688;172.16379360465118;1;;;;;;;;2;;;2024;688
2024;Non;75;Nouvelle-Aquitaine;64;Pyrénées-Atlantiques;200067262;Communauté de communes du Haut Béarn;2;Oui;Oui;Non;1;Non;64276;Issor;Commune;216402768;64276;ISSOR;Dépenses d'équipement;21439.05;38670.96;0.0;60110.01;0.060110010000000005;243;247.3662962962963;1;;;;;;;;2;;;2024;243
2024;Non;75;Nouvelle-Aquitaine;64;Pyrénées-Atlantiques;200067106;Communauté d'agglomération du Pays Basque;3;Oui;Oui;Non;1;Non;64277;Isturits;Commune;216402776;64277;ISTURITS;Dépenses d'équipement;240824.77;0.0;0.0;240824.77;0.24082477;550;437.8632181818182;1;;;;;;;;2;;;2024;550
2024;Non;75;Nouvelle-Aquitaine;64;Pyrénées-Atlantiques;200067106;Communauté d'agglomération du Pays Basque;4;Oui;Oui;Non;2;Non;64279;Itxassou;Commune;216402792;64279;ITXASSOU;Dépenses d'équipement;1782594.28;0.0;0.0;1782594.28;1.78259428;2225;801.1659685393258;1;;;;;;;;2;;;2024;2225
2024;Non;75;Nouvelle-Aquitaine;64;Pyrénées-Atlantiques;246400337;Communauté de communes de la Vallée d'Ossau;2;Non;Oui;Non;1;Non;64280;Izeste;Commune;216402800;64280;IZESTE;Dépenses d'équipement;103558.84;0.0;0.0;103558.84;0.10355884;440;235.361;1;;;;;;;;2;;;2024;440
2024;Non;75;Nouvelle-Aquitaine;64;Pyrénées-Atlantiques;200067288;Communauté de communes du Béarn des Gaves;1;Non;Non;Non;1;Non;64281;Jasses;Commune;216402818;64281;JASSES;Dépenses d'équipement;10683.86;0.0;0.0;10683.86;0.01068386;151;70.75403973509934;1;;;;;;;;2;;;2024;151
2024;Non;75;Nouvelle-Aquitaine;64;Pyrénées-Atlantiques;200067106;Communauté d'agglomération du Pays Basque;3;Non;Non;Non;2;Non;64282;Jatxou;Commune;216402826;64282;JATXOU;Dépenses d'équipement;97965.14;0.0;0.0;97965.14;0.09796514;1280;76.535265625;1;;;;;;;;2;;;2024;1280
2024;Non;75;Nouvelle-Aquitaine;64;Pyrénées-Atlantiques;200067106;Communauté d'agglomération du Pays Basque;2;Oui;Oui;Non;1;Non;64283;Jaxu;Commune;216402834;64283;JAXU;Dépenses d'équipement;252489.01;0.0;0.0;252489.01;0.25248901;207;1219.7536714975845;1;;;;;;;;2;;;2024;207
2024;Non;75;Nouvelle-Aquitaine;64;Pyrénées-Atlantiques;200067254;Communauté d'agglomération Pau Béarn Pyrénées;6;Non;Non;Non;2;Non;64284;Jurançon;Commune;216402842;64284;JURANCON;Dépenses d'équipement;2881018.08;0.0;0.0;2881018.08;2.88101808;7301;394.60595534858237;1;;;;;;;;2;;;2024;7301
2024;Non;75;Nouvelle-Aquitaine;64;Pyrénées-Atlantiques;200067106;Communauté d'agglomération du Pays Basque;2;Oui;Oui;Non;1;Non;64285;Juxue;Commune;216402859;64285;JUXUE;Dépenses d'équipement;91251.18;0.0;0.0;91251.18;0.09125117999999999;209;436.60851674641145;1;;;;;;;;2;;;2024;209
2024;Non;75;Nouvelle-Aquitaine;64;Pyrénées-Atlantiques;200039204;Communauté de communes de Lacq-Orthez;2;Oui;Non;Non;2;Non;64286;Laà-Mondrans;Commune;216402867;64286;LAA-MONDRANS;Dépenses d'équipement;174125.29;0.0;0.0;174125.29;0.17412529000000002;452;385.2329424778761;1;;;;;;;;2;;;2024;452
2024;Non;75;Nouvelle-Aquitaine;64;Pyrénées-Atlantiques;200067288;Communauté de communes du Béarn des Gaves;1;Oui;Non;Non;1;Non;64287;Laàs;Commune;216402875;64287;LAAS;Dépenses d'équipement;191304.29;0.0;0.0;191304.29;0.19130429000000002;141;1356.7680141843973;1;;;;;;;;2;;;2024;141
2024;Non;75;Nouvelle-Aquitaine;64;Pyrénées-Atlantiques;200039204;Communauté de communes de Lacq-Orthez;3;Oui;Non;Non;2;Non;64288;Labastide-Cézéracq;Commune;216402883;64288;LABASTIDE-CEZERACQ;Dépenses d'équipement;11101.29;0.0;0.0;11101.29;0.011101290000000002;591;18.783908629441626;1;;;;;;;;2;;;2024;591
2024;Non;75;Nouvelle-Aquitaine;64;Pyrénées-Atlantiques;200067106;Communauté d'agglomération du Pays Basque;3;Oui;Oui;Oui;1;Non;64289;La Bastide-Clairence;Commune;216402891;64289;BASTIDE-CLAIRENCE LA;Dépenses d'équipement;604773.08;0.0;0.0;604773.08;0.60477308;999;605.3784584584585;1;;;;;;;;2;;;2024;999
2024;Non;75;Nouvelle-Aquitaine;64;Pyrénées-Atlantiques;200039204;Communauté de communes de Lacq-Orthez;3;Oui;Non;Non;2;Non;64290;Labastide-Monréjeau;Commune;216402909;64290;LABASTIDE-MONREJEAU;Dépenses d'équipement;17657.36;0.0;0.0;17657.36;0.01765736;612;28.851895424836602;1;;;;;;;;2;;;2024;612
2024;Non;75;Nouvelle-Aquitaine;64;Pyrénées-Atlantiques;200067288;Communauté de communes du Béarn des Gaves;2;Oui;Non;Non;1;Non;64291;Labastide-Villefranche;Commune;216402917;64291;LABASTIDE-VILLEFRANCHE;Dépenses d'équipement;14438.58;12603.82;0.0;27042.4;0.0270424;327;82.69847094801224;1;;;;;;;;2;;;2024;327
2024;Non;75;Nouvelle-Aquitaine;64;Pyrénées-Atlantiques;246401756;Communauté de communes Pays de Nay;2;Non;Non;Non;1;Non;64292;Labatmale;Commune;216402925;64292;LABATMALE;Dépenses d'équipement;19946.19;0.0;0.0;19946.19;0.01994619;262;76.1304961832061;1;;;;;;;;2;;;2024;262
2024;Non;75;Nouvelle-Aquitaine;64;Pyrénées-Atlantiques;200072106;Communauté de communes Adour Madiran;1;Oui;Non;Non;2;Non;64293;Labatut-Figuières;Commune;216402933;64293;LABATUT;Dépenses d'équipement;1631.0;0.0;0.0;1631.0;0.001631;171;9.538011695906432;1;;;;;;;;2;;;2024;171
2024;Non;75;Nouvelle-Aquitaine;64;Pyrénées-Atlantiques;200067106;Communauté d'agglomération du Pays Basque;1;Oui;Non;Non;0;Non;64294;Labets-Biscay;Commune;216402941;64294;LABETS-BISCAY;Dépenses d'équipement;70183.84;0.0;0.0;70183.84;0.07018384;151;464.79364238410596;1;;;;;;;;2;;;2024;151
2024;Non;75;Nouvelle-Aquitaine;64;Pyrénées-Atlantiques;200039204;Communauté de communes de Lacq-Orthez;1;Oui;Non;Non;1;Non;64295;Labeyrie;Commune;216402958;64295;LABEYRIE;Dépenses d'équipement;8320.69;0.0;0.0;8320.69;0.00832069;112;74.291875;1;;;;;;;;2;;;2024;112
2024;Non;75;Nouvelle-Aquitaine;64;Pyrénées-Atlantiques;200039204;Communauté de communes de Lacq-Orthez;1;Oui;Non;Non;1;Non;64296;Lacadée;Commune;216402966;64296;LACADEE;Dépenses d'équipement;1422.0;0.0;0.0;1422.0;0.001422;151;9.417218543046358;1;;;;;;;;2;;;2024;151
2024;Non;75;Nouvelle-Aquitaine;64;Pyrénées-Atlantiques;200067106;Communauté d'agglomération du Pays Basque;1;Oui;Oui;Non;0;Non;64297;Lacarre;Commune;216402974;64297;LACARRE;Dépenses d'équipement;81868.16;0.0;0.0;81868.16;0.08186816000000001;182;449.82505494505494;1;;;;;;;;2;;;2024;182
2024;Non;75;Nouvelle-Aquitaine;64;Pyrénées-Atlantiques;200067106;Communauté d'agglomération du Pays Basque;1;Oui;Oui;Non;1;Non;64298;Lacarry-Arhan-Charritte-de-Haut;Commune;216402982;64298;LACARRY-ARHAN-CHARRITTE-DE-HAUT;Dépenses d'équipement;70587.55;0.0;0.0;70587.55;0.07058755;126;560.2186507936508;1;;;;;;;;2;;;2024;126
2024;Non;75;Nouvelle-Aquitaine;64;Pyrénées-Atlantiques;200039204;Communauté de communes de Lacq-Orthez;1;Oui;Non;Non;2;Non;64299;Lacommande;Commune;216402990;64299;LACOMMANDE;Dépenses d'équipement;13702.4;0.0;0.0;13702.4;0.0137024;185;74.06702702702702;1;;;;;;;;2;;;2024;185
2024;Non;75;Nouvelle-Aquitaine;64;Pyrénées-Atlantiques;200039204;Communauté de communes de Lacq-Orthez;3;Non;Non;Non;2;Non;64301;Lagor;Commune;216403014;64301;LAGOR;Dépenses d'équipement;213771.7;2124.73;0.0;215896.43;0.21589643;1162;185.79727194492253;1;;;;;;;;2;;;2024;1162
2024;Non;75;Nouvelle-Aquitaine;64;Pyrénées-Atlantiques;246401756;Communauté de communes Pays de Nay;2;Non;Non;Non;2;Non;64302;Lagos;Commune;216403022;64302;LAGOS;Dépenses d'équipement;45764.15;0.0;0.0;45764.15;0.04576415;473;96.75295983086681;1;;;;;;;;2;;;2024;473
2024;Non;75;Nouvelle-Aquitaine;64;Pyrénées-Atlantiques;200067106;Communauté d'agglomération du Pays Basque;1;Oui;Oui;Non;1;Non;64303;Laguinge-Restoue;Commune;216403030;64303;LAGUINGE-RESTOUE;Dépenses d'équipement;15451.96;0.0;0.0;15451.96;0.015451959999999999;160;96.57475;1;;;;;;;;2;;;2024;160
2024;Non;75;Nouvelle-Aquitaine;64;Pyrénées-Atlantiques;200067106;Communauté d'agglomération du Pays Basque;4;Non;Non;Non;2;Non;64304;Lahonce;Commune;216403048;64304;LAHONCE;Dépenses d'équipement;539742.61;2004.0;0.0;541746.61;0.54174661;2740;197.7177408759124;1;;;;;;;;2;;;2024;2740
2024;Non;75;Nouvelle-Aquitaine;64;Pyrénées-Atlantiques;200067288;Communauté de communes du Béarn des Gaves;3;Oui;Non;Non;1;Non;64305;Lahontan;Commune;216403055;64305;LAHONTAN;Dépenses d'équipement;212343.82;51333.8;0.0;263677.62;0.26367762;537;491.01977653631286;1;;;;;;;;2;;;2024;537
2024;Non;75;Nouvelle-Aquitaine;64;Pyrénées-Atlantiques;200039204;Communauté de communes de Lacq-Orthez;3;Oui;Non;Non;2;Non;64306;Lahourcade;Commune;216403063;64306;LAHOURCADE;Dépenses d'équipement;142240.82;0.0;0.0;142240.82;0.14224082000000002;721;197.28269070735092;1;;;;;;;;2;;;2024;721
2024;Non;75;Nouvelle-Aquitaine;64;Pyrénées-Atlantiques;200067296;Communauté de communes du Nord Est Béarn;2;Oui;Non;Non;1;Non;64307;Lalongue;Commune;216403071;64307;LALONGUE;Dépenses d'équipement;1837.23;0.0;0.0;1837.23;0.00183723;205;8.962097560975609;1;;;;;;;;2;;;2024;205
2024;Non;75;Nouvelle-Aquitaine;64;Pyrénées-Atlantiques;200067239;Communauté de communes des Luys en Béarn;2;Oui;Non;Non;2;Non;64308;Lalonquette;Commune;216403089;64308;LALONQUETTE;Dépenses d'équipement;12135.59;0.0;0.0;12135.59;0.01213559;262;46.31904580152672;1;;;;;;;;2;;;2024;262
2024;Non;75;Nouvelle-Aquitaine;64;Pyrénées-Atlantiques;200072106;Communauté de communes Adour Madiran;2;Oui;Non;Non;2;Non;64309;Lamayou;Commune;216403097;64309;LAMAYOU;Dépenses d'équipement;33778.0;0.0;0.0;33778.0;0.033778;213;158.58215962441315;1;;;;;;;;2;;;2024;213
2024;Non;75;Nouvelle-Aquitaine;64;Pyrénées-Atlantiques;200067262;Communauté de communes du Haut Béarn;2;Oui;Oui;Non;1;Non;64310;Lanne-en-Barétous;Commune;216403105;64310;LANNE-EN-BARETOUS;Dépenses d'équipement;31887.35;157031.99;0.0;188919.34;0.18891934;495;381.6552323232323;1;;;;;;;;2;;;2024;495
2024;Non;75;Nouvelle-Aquitaine;64;Pyrénées-Atlantiques;200039204;Communauté de communes de Lacq-Orthez;2;Oui;Non;Non;2;Non;64312;Lanneplaà;Commune;216403121;64312;LANNEPLAA;Dépenses d'équipement;38875.76;0.0;0.0;38875.76;0.03887576;313;124.20370607028755;1;;;;;;;;2;;;2024;313
2024;Non;75;Nouvelle-Aquitaine;64;Pyrénées-Atlantiques;200067106;Communauté d'agglomération du Pays Basque;2;Oui;Oui;Non;1;Non;64313;Lantabat;Commune;216403139;64313;LANTABAT;Dépenses d'équipement;97963.4;0.0;0.0;97963.4;0.09796339999999999;283;346.16042402826855;1;;;;;;;;2;;;2024;283
2024;Non;75;Nouvelle-Aquitaine;64;Pyrénées-Atlantiques;200067106;Communauté d'agglomération du Pays Basque;2;Oui;Oui;Non;1;Non;64314;Larceveau-Arros-Cibits;Commune;216403147;64314;LARCEVEAU-ARROS-CIBITS;Dépenses d'équipement;79354.03;0.0;0.0;79354.03;0.07935402999999999;448;177.12953124999999;1;;;;;;;;2;;;2024;448
2024;Non;75;Nouvelle-Aquitaine;64;Pyrénées-Atlantiques;200067254;Communauté d'agglomération Pau Béarn Pyrénées;3;Non;Non;Non;2;Non;64315;Laroin;Commune;216403154;64315;LAROIN;Dépenses d'équipement;255822.62;168986.61;0.0;424809.23;0.42480923;1089;390.09112029384755;1;;;;;;;;2;;;2024;1089
2024;Non;75;Nouvelle-Aquitaine;64;Pyrénées-Atlantiques;200067106;Communauté d'agglomération du Pays Basque;1;Oui;Oui;Non;0;Non;64316;Larrau;Commune;216403162;64316;LARRAU;Dépenses d'équipement;80604.2;0.0;0.0;80604.2;0.0806042;194;415.48556701030924;1;;;;;;;;2;;;2024;194
2024;Non;75;Nouvelle-Aquitaine;64;Pyrénées-Atlantiques;200067262;Communauté de communes du Haut Béarn;3;Oui;Oui;Non;2;Non;64225;Ance Féas;Commune;200064350;64225;ANCE FEAS;Impôts et taxes;241171.93;0.0;0.0;241171.93;0.24117193;628;384.0317356687898;1;;;;2;;;;;;;2024;628
2024;Non;75;Nouvelle-Aquitaine;64;Pyrénées-Atlantiques;200039204;Communauté de communes de Lacq-Orthez;3;Oui;Non;Non;2;Non;64300;Lacq;Commune;200102531;64300;LACQ;Impôts et taxes;1260852.18;0.0;0.0;1260852.18;1.2608521799999999;1055;1195.120549763033;1;;;;2;;;;;;;2024;1055
2024;Non;75;Nouvelle-Aquitaine;64;Pyrénées-Atlantiques;200067296;Communauté de communes du Nord Est Béarn;1;Oui;Non;Non;2;Non;64001;Aast;Commune;216400010;64001;AAST;Impôts et taxes;76624.08;0.0;0.0;76624.08;0.07662408;196;390.9391836734694;1;;;;2;;;;;;;2024;196
2024;Non;75;Nouvelle-Aquitaine;64;Pyrénées-Atlantiques;200067296;Communauté de communes du Nord Est Béarn;1;Oui;Non;Non;1;Non;64002;Abère;Commune;216400028;64002;ABERE;Impôts et taxes;62048.09;0.0;0.0;62048.09;0.06204808999999999;163;380.6631288343558;1;;;;2;;;;;;;2024;163
2024;Non;75;Nouvelle-Aquitaine;64;Pyrénées-Atlantiques;200039204;Communauté de communes de Lacq-Orthez;2;Oui;Non;Non;2;Non;64003;Abidos;Commune;216400036;64003;ABIDOS;Impôts et taxes;107110.96;0.0;0.0;107110.96;0.10711096;217;493.5988940092166;1;;;;2;;;;;;;2024;217
2024;Non;75;Nouvelle-Aquitaine;64;Pyrénées-Atlantiques;200067288;Communauté de communes du Béarn des Gaves;1;Oui;Non;Non;2;Non;64004;Abitain;Commune;216400044;64004;ABITAIN;Impôts et taxes;67699.87;0.0;0.0;67699.87;0.06769987;110;615.4533636363636;1;;;;2;;;;;;;2024;110
2024;Non;75;Nouvelle-Aquitaine;64;Pyrénées-Atlantiques;200039204;Communauté de communes de Lacq-Orthez;3;Oui;Non;Non;2;Non;64005;Abos;Commune;216400051;64005;ABOS;Impôts et taxes;453649.66;0.0;0.0;453649.66;0.45364965999999995;536;846.3613059701493;1;;;;2;;;;;;;2024;536
2024;Non;75;Nouvelle-Aquitaine;64;Pyrénées-Atlantiques;200067262;Communauté de communes du Haut Béarn;2;Oui;Oui;Non;1;Non;64006;Accous;Commune;216400069;64006;ACCOUS;Impôts et taxes;545325.15;0.0;0.0;545325.15;0.54532515;469;1162.7401918976545;1;;;;2;;;;;;;2024;469
2024;Non;75;Nouvelle-Aquitaine;64;Pyrénées-Atlantiques;200067106;Communauté d'agglomération du Pays Basque;2;Oui;Oui;Non;1;Non;64008;Ahaxe-Alciette-Bascassan;Commune;216400085;64008;AHAXE-ALCIETTE-BASCASSAN;Impôts et taxes;125974.25;0.0;0.0;125974.25;0.12597425;272;463.140625;1;;;;2;;;;;;;2024;272
2024;Non;75;Nouvelle-Aquitaine;64;Pyrénées-Atlantiques;200067106;Communauté d'agglomération du Pays Basque;4;Non;Non;Non;3;Non;64009;Ahetze;Commune;216400093;64009;AHETZE;Impôts et taxes;1183426.54;0.0;0.0;1183426.54;1.1834265400000001;2081;568.6816626621817;1;;;;2;;;;;;;2024;2081
2024;Non;75;Nouvelle-Aquitaine;64;Pyrénées-Atlantiques;200067106;Communauté d'agglomération du Pays Basque;3;Non;Non;Non;1;Non;64010;Aïcirits-Camou-Suhast;Commune;216400101;64010;AICIRITS-CAMOU-SUHAST;Impôts et taxes;601971.77;0.0;0.0;601971.77;0.60197177;710;847.8475633802817;1;;;;2;;;;;;;2024;710
2024;Non;75;Nouvelle-Aquitaine;64;Pyrénées-Atlantiques;200067106;Communauté d'agglomération du Pays Basque;1;Oui;Oui;Non;1;Non;64011;Aincille;Commune;216400119;64011;AINCILLE;Impôts et taxes;84558.78;0.0;0.0;84558.78;0.08455878;120;704.6564999999999;1;;;;2;;;;;;;2024;120
2024;Non;75;Nouvelle-Aquitaine;64;Pyrénées-Atlantiques;200067106;Communauté d'agglomération du Pays Basque;1;Oui;Oui;Non;1;Non;64012;Ainharp;Commune;216400127;64012;AINHARP;Impôts et taxes;67728.93;0.0;0.0;67728.93;0.06772892999999999;135;501.6957777777777;1;;;;2;;;;;;;2024;135
2024;Non;75;Nouvelle-Aquitaine;64;Pyrénées-Atlantiques;200067106;Communauté d'agglomération du Pays Basque;1;Oui;Oui;Non;1;Non;64013;Ainhice-Mongelos;Commune;216400135;64013;AINHICE-MONGELOS;Impôts et taxes;119332.03;0.0;0.0;119332.03;0.11933203;174;685.8162643678161;1;;;;2;;;;;;;2024;174
2024;Non;75;Nouvelle-Aquitaine;64;Pyrénées-Atlantiques;200067106;Communauté d'agglomération du Pays Basque;3;Oui;Oui;Oui;1;Non;64014;Ainhoa;Commune;216400143;64014;AINHOA;Impôts et taxes;384964.91;0.0;0.0;384964.91;0.38496491;675;570.3183851851851;1;;;;2;;;;;;;2024;675
2024;Non;75;Nouvelle-Aquitaine;64;Pyrénées-Atlantiques;200067106;Communauté d'agglomération du Pays Basque;2;Oui;Oui;Non;1;Non;64015;Alçay-Alçabéhéty-Sunharette;Commune;216400150;64015;ALCAY-ALCABEHETY-SUNHARETTE;Impôts et taxes;130032.25;0.0;0.0;130032.25;0.13003225;210;619.2011904761905;1;;;;2;;;;;;;2024;210
2024;Non;75;Nouvelle-Aquitaine;64;Pyrénées-Atlantiques;200067106;Communauté d'agglomération du Pays Basque;2;Oui;Oui;Non;1;Non;64016;Aldudes;Commune;216400168;64016;ALDUDES LES;Impôts et taxes;254204.39;0.0;0.0;254204.39;0.25420439;328;775.0133841463415;1;;;;2;;;;;;;2024;328
2024;Non;75;Nouvelle-Aquitaine;64;Pyrénées-Atlantiques;200067106;Communauté d'agglomération du Pays Basque;2;Oui;Oui;Non;1;Non;64017;Alos-Sibas-Abense;Commune;216400176;64017;ALOS-SIBAS-ABENSE-DE-HAUT;Impôts et taxes;178577.29;0.0;0.0;178577.29;0.17857729;327;546.1079204892967;1;;;;2;;;;;;;2024;327
2024;Non;75;Nouvelle-Aquitaine;64;Pyrénées-Atlantiques;200067106;Communauté d'agglomération du Pays Basque;2;Non;Non;Non;3;Non;64018;Amendeuix-Oneix;Commune;216400184;64018;AMENDEUIX-ONEIX;Impôts et taxes;255867.65;0.0;0.0;255867.65;0.25586765;468;546.7257478632479;1;;;;2;;;;;;;2024;468
2024;Non;75;Nouvelle-Aquitaine;64;Pyrénées-Atlantiques;200067106;Communauté d'agglomération du Pays Basque;2;Oui;Oui;Non;1;Non;64019;Amorots-Succos;Commune;216400192;64019;AMOROTS-SUCCOS;Impôts et taxes;87394.26;0.0;0.0;87394.26;0.08739426;231;378.33012987012984;1;;;;2;;;;;;;2024;231
2024;Non;75;Nouvelle-Aquitaine;64;Pyrénées-Atlantiques;200067296;Communauté de communes du Nord Est Béarn;3;Non;Non;Non;2;Non;64021;Andoins;Commune;216400218;64021;ANDOINS;Impôts et taxes;527463.1;0.0;0.0;527463.1;0.5274631;728;724.5372252747252;1;;;;2;;;;;;;2024;728
2024;Non;75;Nouvelle-Aquitaine;64;Pyrénées-Atlantiques;200067288;Communauté de communes du Béarn des Gaves;1;Oui;Non;Non;1;Non;64022;Andrein;Commune;216400226;64022;ANDREIN;Impôts et taxes;68710.97;0.0;0.0;68710.97;0.06871097;143;480.4962937062937;1;;;;2;;;;;;;2024;143
2024;Non;75;Nouvelle-Aquitaine;64;Pyrénées-Atlantiques;246401756;Communauté de communes Pays de Nay;3;Non;Non;Non;2;Non;64023;Angaïs;Commune;216400234;64023;ANGAIS;Impôts et taxes;372191.52;0.0;0.0;372191.52;0.37219152;929;400.63672766415505;1;;;;2;;;;;;;2024;929
2024;Non;75;Nouvelle-Aquitaine;64;Pyrénées-Atlantiques;200067106;Communauté d'agglomération du Pays Basque;8;Non;Non;Oui;3;Non;64024;Anglet;Commune;216400242;64024;ANGLET;Impôts et taxes;52717544.47;0.0;0.0;52717544.47;52.71754447;42228;1248.4025876195888;1;;;;2;;;;;;;2024;42228
2024;Non;75;Nouvelle-Aquitaine;64;Pyrénées-Atlantiques;200067288;Communauté de communes du Béarn des Gaves;1;Oui;Non;Non;1;Non;64025;Angous;Commune;216400259;64025;ANGOUS;Impôts et taxes;55558.05;0.0;0.0;55558.05;0.055558050000000005;100;555.5805;1;;;;2;;;;;;;2024;100
2024;Non;75;Nouvelle-Aquitaine;64;Pyrénées-Atlantiques;200067106;Communauté d'agglomération du Pays Basque;2;Oui;Oui;Non;2;Non;64026;Anhaux;Commune;216400267;64026;ANHAUX;Impôts et taxes;196647.86;0.0;0.0;196647.86;0.19664785999999998;389;505.52149100257066;1;;;;2;;;;;;;2024;389
2024;Non;75;Nouvelle-Aquitaine;64;Pyrénées-Atlantiques;200067296;Communauté de communes du Nord Est Béarn;1;Oui;Non;Non;2;Non;64027;Anos;Commune;216400275;64027;ANOS;Impôts et taxes;43182.92;0.0;0.0;43182.92;0.04318292;190;227.27852631578946;1;;;;2;;;;;;;2024;190
2024;Non;75;Nouvelle-Aquitaine;64;Pyrénées-Atlantiques;200067296;Communauté de communes du Nord Est Béarn;1;Oui;Non;Non;2;Non;64028;Anoye;Commune;216400283;64028;ANOYE;Impôts et taxes;56458.88;0.0;0.0;56458.88;0.056458879999999996;130;434.2990769230769;1;;;;2;;;;;;;2024;130
2024;Non;75;Nouvelle-Aquitaine;64;Pyrénées-Atlantiques;200067262;Communauté de communes du Haut Béarn;3;Oui;Oui;Non;1;Non;64029;Aramits;Commune;216400291;64029;ARAMITS;Impôts et taxes;458272.97;0.0;0.0;458272.97;0.45827296999999995;674;679.9302225519288;1;;;;2;;;;;;;2024;674
2024;Non;75;Nouvelle-Aquitaine;64;Pyrénées-Atlantiques;200067288;Communauté de communes du Béarn des Gaves;1;Oui;Non;Non;2;Non;64032;Araujuzon;Commune;216400325;64032;ARAUJUZON;Impôts et taxes;107450.19;0.0;0.0;107450.19;0.10745019;186;577.6891935483872;1;;;;2;;;;;;;2024;186
2024;Non;75;Nouvelle-Aquitaine;64;Pyrénées-Atlantiques;200067288;Communauté de communes du Béarn des Gaves;1;Oui;Non;Non;1;Non;64033;Araux;Commune;216400333;64033;ARAUX;Impôts et taxes;65297.35;0.0;0.0;65297.35;0.06529735;132;494.67689393939395;1;;;;2;;;;;;;2024;132
2024;Non;75;Nouvelle-Aquitaine;64;Pyrénées-Atlantiques;200067106;Communauté d'agglomération du Pays Basque;2;Oui;Non;Non;2;Non;64034;Arbérats-Sillègue;Commune;216400341;64034;ARBERATS-SILLEGUE;Impôts et taxes;167594.73;0.0;0.0;167594.73;0.16759473;327;512.5221100917431;1;;;;2;;;;;;;2024;327
2024;Non;75;Nouvelle-Aquitaine;64;Pyrénées-Atlantiques;200067106;Communauté d'agglomération du Pays Basque;4;Non;Non;Non;3;Non;64035;Arbonne;Commune;216400358;64035;ARBONNE;Impôts et taxes;1232338.67;0.0;0.0;1232338.67;1.2323386699999999;2410;511.34384647302903;1;;;;2;;;;;;;2024;2410
2024;Non;75;Nouvelle-Aquitaine;64;Pyrénées-Atlantiques;200067106;Communauté d'agglomération du Pays Basque;2;Oui;Non;Non;2;Non;64036;Arbouet-Sussaute;Commune;216400366;64036;ARBOUET-SUSSAUTE;Impôts et taxes;135176.82;0.0;0.0;135176.82;0.13517682;318;425.08433962264155;1;;;;2;;;;;;;2024;318
2024;Non;75;Nouvelle-Aquitaine;64;Pyrénées-Atlantiques;200067254;Communauté d'agglomération Pau Béarn Pyrénées;3;Non;Non;Non;2;Non;64037;Arbus;Commune;216400374;64037;ARBUS;Impôts et taxes;599682.66;0.0;0.0;599682.66;0.59968266;1275;470.3393411764706;1;;;;2;;;;;;;2024;1275
2024;Non;75;Nouvelle-Aquitaine;64;Pyrénées-Atlantiques;200067106;Communauté d'agglomération du Pays Basque;5;Non;Non;Non;4;Non;64038;Arcangues;Commune;216400382;64038;ARCANGUES;Impôts et taxes;1660521.18;835.72;0.0;1661356.9;1.6613569;3526;471.17325581395346;1;;;;2;;;;;;;2024;3526
2024;Non;75;Nouvelle-Aquitaine;64;Pyrénées-Atlantiques;200067262;Communauté de communes du Haut Béarn;2;Oui;Non;Non;1;Non;64039;Aren;Commune;216400390;64039;AREN;Impôts et taxes;68178.73;0.0;0.0;68178.73;0.06817872999999999;255;267.36756862745096;1;;;;2;;;;;;;2024;255
2024;Non;75;Nouvelle-Aquitaine;64;Pyrénées-Atlantiques;200067262;Communauté de communes du Haut Béarn;3;Oui;Oui;Oui;1;Non;64040;Arette;Commune;216400408;64040;ARETTE;Impôts et taxes;779973.49;0.0;0.0;779973.49;0.7799734899999999;1104;706.4977264492753;1;;;;2;;;;;;;2024;1104
2024;Non;75;Nouvelle-Aquitaine;64;Pyrénées-Atlantiques;200067254;Communauté d'agglomération Pau Béarn Pyrénées;3;Non;Non;Non;2;Non;64041;Aressy;Commune;216400416;64041;ARESSY;Impôts et taxes;616341.9;0.0;0.0;616341.9;0.6163419;835;738.134011976048;1;;;;2;;;;;;;2024;835
2024;Non;75;Nouvelle-Aquitaine;64;Pyrénées-Atlantiques;200039204;Communauté de communes de Lacq-Orthez;3;Non;Non;Non;2;Non;64042;Argagnon;Commune;216400424;64042;ARGAGNON;Impôts et taxes;388219.33;0.0;0.0;388219.33;0.38821933000000003;709;547.5589985895627;1;;;;2;;;;;;;2024;709
2024;Non;75;Nouvelle-Aquitaine;64;Pyrénées-Atlantiques;200067239;Communauté de communes des Luys en Béarn;2;Oui;Non;Non;1;Non;64043;Argelos;Commune;216400432;64043;ARGELOS;Impôts et taxes;113149.58;0.0;0.0;113149.58;0.11314958;296;382.2620945945946;1;;;;2;;;;;;;2024;296
2024;Non;75;Nouvelle-Aquitaine;64;Pyrénées-Atlantiques;200067239;Communauté de communes des Luys en Béarn;0;Oui;Non;Non;1;Non;64044;Arget;Commune;216400440;64044;ARGET;Impôts et taxes;30186.23;0.0;0.0;30186.23;0.030186229999999998;80;377.327875;1;;;;2;;;;;;;2024;80
2024;Non;75;Nouvelle-Aquitaine;64;Pyrénées-Atlantiques;200067106;Communauté d'agglomération du Pays Basque;0;Oui;Oui;Non;0;Non;64045;Arhansus;Commune;216400457;64045;ARHANSUS;Impôts et taxes;62638.47;0.0;0.0;62638.47;0.06263847;70;894.8352857142858;1;;;;2;;;;;;;2024;70
2024;Non;75;Nouvelle-Aquitaine;64;Pyrénées-Atlantiques;200067106;Communauté d'agglomération du Pays Basque;2;Oui;Oui;Non;1;Non;64046;Armendarits;Commune;216400465;64046;ARMENDARITS;Impôts et taxes;184141.1;0.0;0.0;184141.1;0.1841411;393;468.552417302799;1;;;;2;;;;;;;2024;393
2024;Non;75;Nouvelle-Aquitaine;64;Pyrénées-Atlantiques;200067106;Communauté d'agglomération du Pays Basque;2;Oui;Oui;Non;1;Non;64047;Arnéguy;Commune;216400473;64047;ARNEGUY;Impôts et taxes;96190.83;0.0;0.0;96190.83;0.09619083;239;402.4720920502092;1;;;;2;;;;;;;2024;239
2024;Non;75;Nouvelle-Aquitaine;64;Pyrénées-Atlantiques;200039204;Communauté de communes de Lacq-Orthez;1;Oui;Non;Non;1;Non;64048;Arnos;Commune;216400481;64048;ARNOS;Impôts et taxes;63537.63;0.0;0.0;63537.63;0.06353763;137;463.7783211678832;1;;;;2;;;;;;;2024;137
2024;Non;75;Nouvelle-Aquitaine;64;Pyrénées-Atlantiques;200067106;Communauté d'agglomération du Pays Basque;2;Oui;Oui;Non;1;Non;64049;Aroue-Ithorots-Olhaïby;Commune;216400499;64049;AROUE-ITHOROTS-OLHAIBY;Impôts et taxes;97944.88;0.0;0.0;97944.88;0.09794488;239;409.81121338912135;1;;;;2;;;;;;;2024;239
2024;Non;75;Nouvelle-Aquitaine;64;Pyrénées-Atlantiques;200067106;Communauté d'agglomération du Pays Basque;0;Oui;Oui;Non;1;Non;64050;Arrast-Larrebieu;Commune;216400507;64050;ARRAST-LARREBIEU;Impôts et taxes;47420.55;0.0;0.0;47420.55;0.047420550000000006;96;493.9640625;1;;;;2;;;;;;;2024;96
2024;Non;75;Nouvelle-Aquitaine;64;Pyrénées-Atlantiques;200067106;Communauté d'agglomération du Pays Basque;2;Oui;Oui;Non;1;Non;64051;Arraute-Charritte;Commune;216400515;64051;ARRAUTE-CHARRITTE;Impôts et taxes;157683.47;0.0;0.0;157683.47;0.15768347;430;366.7057441860465;1;;;;2;;;;;;;2024;430
2024;Non;75;Nouvelle-Aquitaine;64;Pyrénées-Atlantiques;200067296;Communauté de communes du Nord Est Béarn;1;Oui;Non;Non;1;Non;64052;Arricau-Bordes;Commune;216400523;64052;ARRICAU-BORDES;Impôts et taxes;51911.94;0.0;0.0;51911.94;0.051911940000000004;110;471.9267272727273;1;;;;2;;;;;;;2024;110
2024;Non;75;Nouvelle-Aquitaine;64;Pyrénées-Atlantiques;200067296;Communauté de communes du Nord Est Béarn;2;Oui;Non;Non;2;Non;64053;Arrien;Commune;216400531;64053;ARRIEN;Impôts et taxes;70109.53;0.0;0.0;70109.53;0.07010953;202;347.0768811881188;1;;;;2;;;;;;;2024;202
2024;Non;75;Nouvelle-Aquitaine;64;Pyrénées-Atlantiques;246401756;Communauté de communes Pays de Nay;3;Non;Non;Non;2;Non;64054;Arros-de-Nay;Commune;216400549;64054;ARROS-DE-NAY;Impôts et taxes;317094.86;0.0;0.0;317094.86;0.31709486;819;387.1732112332112;1;;;;2;;;;;;;2024;819
2024;Non;75;Nouvelle-Aquitaine;64;Pyrénées-Atlantiques;200067296;Communauté de communes du Nord Est Béarn;1;Oui;Non;Non;1;Non;64056;Arrosès;Commune;216400564;64056;ARROSES;Impôts et taxes;65511.14;0.0;0.0;65511.14;0.06551114;146;448.70643835616437;1;;;;2;;;;;;;2024;146
2024;Non;75;Nouvelle-Aquitaine;64;Pyrénées-Atlantiques;200039204;Communauté de communes de Lacq-Orthez;3;Oui;Non;Non;2;Non;64057;Arthez-de-Béarn;Commune;216400572;64057;ARTHEZ-DE-BEARN;Impôts et taxes;1402601.19;0.0;0.0;1402601.19;1.40260119;1870;750.0541122994653;1;;;;2;;;;;;;2024;1870
2024;Non;75;Nouvelle-Aquitaine;64;Pyrénées-Atlantiques;246401756;Communauté de communes Pays de Nay;2;Oui;Oui;Non;1;Non;64058;Arthez-d'Asson;Commune;216400580;64058;ARTHEZ-D'ASSON;Impôts et taxes;139290.37;0.0;0.0;139290.37;0.13929037;470;296.3624893617021;1;;;;2;;;;;;;2024;470
2024;Non;75;Nouvelle-Aquitaine;64;Pyrénées-Atlantiques;200067254;Communauté d'agglomération Pau Béarn Pyrénées;3;Oui;Non;Non;2;Non;64059;Artigueloutan;Commune;216400598;64059;ARTIGUELOUTAN;Impôts et taxes;460090.57;0.0;0.0;460090.57;0.46009057000000003;1121;410.4286975914362;1;;;;2;;;;;;;2024;1121
2024;Non;75;Nouvelle-Aquitaine;64;Pyrénées-Atlantiques;200067254;Communauté d'agglomération Pau Béarn Pyrénées;4;Non;Non;Non;2;Non;64060;Artiguelouve;Commune;216400606;64060;ARTIGUELOUVE;Impôts et taxes;1030958.97;0.0;0.0;1030958.97;1.03095897;2047;503.64385442110404;1;;;;2;;;;;;;2024;2047
2024;Non;75;Nouvelle-Aquitaine;64;Pyrénées-Atlantiques;200039204;Communauté de communes de Lacq-Orthez;5;Non;Non;Non;2;Non;64061;Artix;Commune;216400614;64061;ARTIX;Impôts et taxes;3236152.44;0.0;0.0;3236152.44;3.23615244;3506;923.0326411865374;1;;;;2;;;;;;;2024;3506
2024;Non;75;Nouvelle-Aquitaine;64;Pyrénées-Atlantiques;246400337;Communauté de communes de la Vallée d'Ossau;4;Non;Oui;Non;1;Non;64062;Arudy;Commune;216400622;64062;ARUDY;Impôts et taxes;2128761.13;0.0;0.0;2128761.13;2.12876113;2294;927.9691063644289;1;;;;2;;;;;;;2024;2294
2024;Non;75;Nouvelle-Aquitaine;64;Pyrénées-Atlantiques;200067239;Communauté de communes des Luys en Béarn;3;Oui;Non;Non;1;Non;64063;Arzacq-Arraziguet;Commune;216400630;64063;ARZACQ-ARRAZIGUET;Impôts et taxes;614352.43;0.0;0.0;614352.43;0.6143524300000001;1070;574.1611495327103;1;;;;2;;;;;;;2024;1070
2024;Non;75;Nouvelle-Aquitaine;64;Pyrénées-Atlantiques;200067262;Communauté de communes du Haut Béarn;2;Oui;Oui;Non;2;Non;64064;Asasp-Arros;Commune;216400648;64064;ASASP-ARROS;Impôts et taxes;215423.89;0.0;0.0;215423.89;0.21542389;474;454.4807805907173;1;;;;2;;;;;;;2024;474
2024;Non;75;Nouvelle-Aquitaine;64;Pyrénées-Atlantiques;200067106;Communauté d'agglomération du Pays Basque;5;Non;Oui;Oui;3;Non;64065;Ascain;Commune;216400655;64065;ASCAIN;Impôts et taxes;3594174.31;0.0;0.0;3594174.31;3.59417431;4551;789.7548472863107;1;;;;2;;;;;;;2024;4551
2024;Non;75;Nouvelle-Aquitaine;64;Pyrénées-Atlantiques;200067106;Communauté d'agglomération du Pays Basque;2;Non;Oui;Non;2;Non;64066;Ascarat;Commune;216400663;64066;ASCARAT;Impôts et taxes;171991.29;0.0;0.0;171991.29;0.17199129000000002;348;494.22784482758624;1;;;;2;;;;;;;2024;348
2024;Non;75;Nouvelle-Aquitaine;64;Pyrénées-Atlantiques;246401756;Communauté de communes Pays de Nay;4;Non;Non;Non;2;Non;64067;Assat;Commune;216400671;64067;ASSAT;Impôts et taxes;1213495.27;0.0;0.0;1213495.27;1.2134952700000001;2092;580.0646606118547;1;;;;2;;;;;;;2024;2092
2024;Non;75;Nouvelle-Aquitaine;64;Pyrénées-Atlantiques;246401756;Communauté de communes Pays de Nay;4;Oui;Oui;Non;2;Non;64068;Asson;Commune;216400689;64068;ASSON;Impôts et taxes;691570.2;0.0;0.0;691570.2;0.6915701999999999;2046;338.0108504398827;1;;;;2;;;;;;;2024;2046
2024;Non;75;Nouvelle-Aquitaine;64;Pyrénées-Atlantiques;246400337;Communauté de communes de la Vallée d'Ossau;2;Oui;Oui;Non;1;Non;64069;Aste-Béon;Commune;216400697;64069;ASTE-BEON;Impôts et taxes;122889.94;0.0;0.0;122889.94;0.12288994;235;522.935914893617;1;;;;2;;;;;;;2024;235
2024;Non;75;Nouvelle-Aquitaine;64;Pyrénées-Atlantiques;200067239;Communauté de communes des Luys en Béarn;2;Oui;Non;Non;2;Non;64070;Astis;Commune;216400705;64070;ASTIS;Impôts et taxes;182500.98;0.0;0.0;182500.98;0.18250098;338;539.9437278106509;1;;;;2;;;;;;;2024;338
2024;Non;75;Nouvelle-Aquitaine;64;Pyrénées-Atlantiques;200067288;Communauté de communes du Béarn des Gaves;2;Oui;Non;Non;2;Non;64071;Athos-Aspis;Commune;216400713;64071;ATHOS-ASPIS;Impôts et taxes;88950.89;0.0;0.0;88950.89;0.08895089;214;415.6583644859813;1;;;;2;;;;;;;2024;214
2024;Non;75;Nouvelle-Aquitaine;64;Pyrénées-Atlantiques;200067254;Communauté d'agglomération Pau Béarn Pyrénées;3;Oui;Oui;Non;3;Non;64072;Aubertin;Commune;216400721;64072;AUBERTIN;Impôts et taxes;336887.98;0.0;0.0;336887.98;0.33688798;666;505.8378078078078;1;;;;2;;;;;;;2024;666
2024;Non;75;Nouvelle-Aquitaine;64;Pyrénées-Atlantiques;200067239;Communauté de communes des Luys en Béarn;2;Oui;Non;Non;1;Non;64073;Aubin;Commune;216400739;64073;AUBIN;Impôts et taxes;123223.27;0.0;0.0;123223.27;0.12322327000000001;270;456.3824814814815;1;;;;2;;;;;;;2024;270
2024;Non;75;Nouvelle-Aquitaine;64;Pyrénées-Atlantiques;200067239;Communauté de communes des Luys en Béarn;0;Oui;Non;Non;1;Non;64074;Aubous;Commune;216400747;64074;AUBOUS;Impôts et taxes;40149.05;0.0;0.0;40149.05;0.040149050000000006;45;892.2011111111112;1;;;;2;;;;;;;2024;45
2024;Non;75;Nouvelle-Aquitaine;64;Pyrénées-Atlantiques;200067288;Communauté de communes du Béarn des Gaves;1;Oui;Non;Non;1;Non;64075;Audaux;Commune;216400754;64075;AUDAUX;Impôts et taxes;113758.59;0.0;0.0;113758.59;0.11375858999999999;166;685.2927108433735;1;;;;2;;;;;;;2024;166
2024;Non;75;Nouvelle-Aquitaine;64;Pyrénées-Atlantiques;200067239;Communauté de communes des Luys en Béarn;1;Oui;Non;Non;2;Non;64077;Auga;Commune;216400770;64077;AUGA;Impôts et taxes;58605.91;0.0;0.0;58605.91;0.058605910000000004;182;322.01049450549453;1;;;;2;;;;;;;2024;182
2024;Non;75;Nouvelle-Aquitaine;64;Pyrénées-Atlantiques;200067239;Communauté de communes des Luys en Béarn;2;Oui;Non;Non;2;Non;64078;Auriac;Commune;216400788;64078;AURIAC;Impôts et taxes;152316.29;0.0;0.0;152316.29;0.15231629000000002;227;670.9968722466961;1;;;;2;;;;;;;2024;227
2024;Non;75;Nouvelle-Aquitaine;64;Pyrénées-Atlantiques;200067296;Communauté de communes du Nord Est Béarn;1;Oui;Non;Non;1;Non;64079;Aurions-Idernes;Commune;216400796;64079;AURIONS-IDERNES;Impôts et taxes;80567.1;0.0;0.0;80567.1;0.0805671;108;745.9916666666667;1;;;;2;;;;;;;2024;108
2024;Non;75;Nouvelle-Aquitaine;64;Pyrénées-Atlantiques;200067254;Communauté d'agglomération Pau Béarn Pyrénées;3;Non;Non;Non;2;Non;64080;Aussevielle;Commune;216400804;64080;AUSSEVIELLE;Impôts et taxes;420547.36;0.0;0.0;420547.36;0.42054736;838;501.846491646778;1;;;;2;;;;;;;2024;838
2024;Non;75;Nouvelle-Aquitaine;64;Pyrénées-Atlantiques;200067106;Communauté d'agglomération du Pays Basque;2;Oui;Oui;Non;1;Non;64081;Aussurucq;Commune;216400812;64081;AUSSURUCQ;Impôts et taxes;79040.39;0.0;0.0;79040.39;0.07904039;239;330.7129288702929;1;;;;2;;;;;;;2024;239
2024;Non;75;Nouvelle-Aquitaine;64;Pyrénées-Atlantiques;200067288;Communauté de communes du Béarn des Gaves;1;Oui;Non;Non;2;Non;64082;Auterrive;Commune;216400820;64082;AUTERRIVE;Impôts et taxes;107069.13;0.0;0.0;107069.13;0.10706913;145;738.4077931034483;1;;;;2;;;;;;;2024;145
2024;Non;75;Nouvelle-Aquitaine;64;Pyrénées-Atlantiques;200067288;Communauté de communes du Béarn des Gaves;2;Oui;Non;Non;1;Non;64083;Autevielle-Saint-Martin-Bideren;Commune;216400838;64083;AUTEVIELLE-SAINT-MARTIN-BIDEREN;Impôts et taxes;88216.07;0.0;0.0;88216.07;0.08821607000000001;208;424.1157211538462;1;;;;2;;;;;;;2024;208
2024;Non;75;Nouvelle-Aquitaine;64;Pyrénées-Atlantiques;200067239;Communauté de communes des Luys en Béarn;1;Oui;Non;Non;1;Non;64084;Aydie;Commune;216400846;64084;AYDIE;Impôts et taxes;109426.91;0.0;0.0;109426.91;0.10942691;141;776.0773758865248;1;;;;2;;;;;;;2024;141
2024;Non;75;Nouvelle-Aquitaine;64;Pyrénées-Atlantiques;200067262;Communauté de communes du Haut Béarn;1;Oui;Oui;Non;2;Non;64085;Aydius;Commune;216400853;64085;AYDIUS;Impôts et taxes;102198.64;0.0;0.0;102198.64;0.10219864;105;973.3203809523809;1;;;;2;;;;;;;2024;105
2024;Non;75;Nouvelle-Aquitaine;64;Pyrénées-Atlantiques;200067106;Communauté d'agglomération du Pays Basque;3;Oui;Oui;Non;1;Non;64086;Ayherre;Commune;216400861;64086;AYHERRE;Impôts et taxes;507745.23;0.0;0.0;507745.23;0.5077452299999999;1166;435.4590308747856;1;;;;2;;;;;;;2024;1166
2024;Non;75;Nouvelle-Aquitaine;64;Pyrénées-Atlantiques;200039204;Communauté de communes de Lacq-Orthez;3;Oui;Non;Non;1;Non;64087;Baigts-de-Béarn;Commune;216400879;64087;BAIGTS-DE-BEARN;Impôts et taxes;392879.28;0.0;0.0;392879.28;0.39287928000000005;891;440.94195286195287;1;;;;2;;;;;;;2024;891
2024;Non;75;Nouvelle-Aquitaine;64;Pyrénées-Atlantiques;200039204;Communauté de communes de Lacq-Orthez;2;Oui;Non;Non;1;Non;64088;Balansun;Commune;216400887;64088;BALANSUN;Impôts et taxes;147084.31;0.0;0.0;147084.31;0.14708431;317;463.9883596214511;1;;;;2;;;;;;;2024;317
2024;Non;75;Nouvelle-Aquitaine;64;Pyrénées-Atlantiques;200067296;Communauté de communes du Nord Est Béarn;1;Oui;Non;Non;2;Non;64089;Baleix;Commune;216400895;64089;BALEIX;Impôts et taxes;107318.61;0.0;0.0;107318.61;0.10731861;139;772.0763309352518;1;;;;2;;;;;;;2024;139
2024;Non;75;Nouvelle-Aquitaine;64;Pyrénées-Atlantiques;200067239;Communauté de communes des Luys en Béarn;1;Oui;Non;Non;1;Non;64090;Baliracq-Maumusson;Commune;216400903;64090;BALIRACQ-MAUMUSSON;Impôts et taxes;58037.32;0.0;0.0;58037.32;0.058037319999999996;121;479.6472727272727;1;;;;2;;;;;;;2024;121
2024;Non;75;Nouvelle-Aquitaine;64;Pyrénées-Atlantiques;246401756;Communauté de communes Pays de Nay;3;Non;Non;Non;2;Non;64091;Baliros;Commune;216400911;64091;BALIROS;Impôts et taxes;219303.28;0.0;0.0;219303.28;0.21930328;511;429.1649315068493;1;;;;2;;;;;;;2024;511
2024;Non;75;Nouvelle-Aquitaine;64;Pyrénées-Atlantiques;200067106;Communauté d'agglomération du Pays Basque;2;Oui;Oui;Non;0;Non;64092;Banca;Commune;216400929;64092;BANCA;Impôts et taxes;137726.58;0.0;0.0;137726.58;0.13772658;352;391.26869318181815;1;;;;2;;;;;;;2024;352
2024;Non;75;Nouvelle-Aquitaine;64;Pyrénées-Atlantiques;200067106;Communauté d'agglomération du Pays Basque;3;Oui;Oui;Non;1;Non;64093;Barcus;Commune;216400937;64093;BARCUS;Impôts et taxes;277409.62;0.0;0.0;277409.62;0.27740961999999997;640;433.45253125;1;;;;2;;;;;;;2024;640
2024;Non;75;Nouvelle-Aquitaine;64;Pyrénées-Atlantiques;200067106;Communauté d'agglomération du Pays Basque;3;Oui;Oui;Non;2;Non;64094;Bardos;Commune;216400945;64094;BARDOS;Impôts et taxes;1039968.32;0.0;0.0;1039968.32;1.03996832;1910;544.4860314136125;1;;;;2;;;;;;;2024;1910
2024;Non;75;Nouvelle-Aquitaine;64;Pyrénées-Atlantiques;200067296;Communauté de communes du Nord Est Béarn;3;Oui;Non;Non;2;Non;64095;Barinque;Commune;216400952;64095;BARINQUE;Impôts et taxes;209916.42;0.0;0.0;209916.42;0.20991642000000002;601;349.27856905158075;1;;;;2;;;;;;;2024;601
2024;Non;75;Nouvelle-Aquitaine;64;Pyrénées-Atlantiques;200067288;Communauté de communes du Béarn des Gaves;1;Oui;Non;Non;1;Non;64096;Barraute-Camu;Commune;216400960;64096;BARRAUTE-CAMU;Impôts et taxes;77077.95;0.0;0.0;77077.95;0.07707794999999999;185;416.63756756756754;1;;;;2;;;;;;;2024;185
2024;Non;75;Nouvelle-Aquitaine;64;Pyrénées-Atlantiques;200067296;Communauté de communes du Nord Est Béarn;3;Non;Non;Non;2;Non;64097;Barzun;Commune;216400978;64097;BARZUN;Impôts et taxes;207214.68;0.0;0.0;207214.68;0.20721467999999998;635;326.3223307086614;1;;;;2;;;;;;;2024;635
2024;Non;75;Nouvelle-Aquitaine;64;Pyrénées-Atlantiques;200067296;Communauté de communes du Nord Est Béarn;0;Oui;Non;Non;2;Non;64098;Bassillon-Vauzé;Commune;216400986;64098;BASSILLON-VAUZE;Impôts et taxes;43646.21;0.0;0.0;43646.21;0.04364621;68;641.8560294117647;1;;;;2;;;;;;;2024;68
2024;Non;75;Nouvelle-Aquitaine;64;Pyrénées-Atlantiques;200067288;Communauté de communes du Béarn des Gaves;1;Oui;Non;Non;1;Non;64099;Bastanès;Commune;216400994;64099;BASTANES;Impôts et taxes;70847.11;0.0;0.0;70847.11;0.07084711;101;701.4565346534654;1;;;;2;;;;;;;2024;101
2024;Non;75;Nouvelle-Aquitaine;64;Pyrénées-Atlantiques;200067106;Communauté d'agglomération du Pays Basque;4;Non;Non;Non;4;Non;64100;Bassussarry;Commune;216401000;64100;BASSUSSARRY;Impôts et taxes;1775520.14;0.0;0.0;1775520.14;1.7755201399999998;3399;522.3654427772874;1;;;;2;;;;;;;2024;3399
2024;Non;75;Nouvelle-Aquitaine;64;Pyrénées-Atlantiques;246401756;Communauté de communes Pays de Nay;3;Non;Non;Oui;1;Non;64101;Baudreix;Commune;216401018;64101;BAUDREIX;Impôts et taxes;384373.07;0.0;0.0;384373.07;0.38437307;690;557.062420289855;1;;;;2;;;;;;;2024;690
2024;Non;75;Nouvelle-Aquitaine;64;Pyrénées-Atlantiques;200067106;Communauté d'agglomération du Pays Basque;9;Non;Non;Oui;2;Oui;64102;Bayonne;Commune;216401026;64102;BAYONNE;Impôts et taxes;63972691.34;0.0;0.0;63972691.34;63.972691340000004;54029;1184.0435939958172;1;;;;2;;;;;;;2024;54029
2024;Non;75;Nouvelle-Aquitaine;64;Pyrénées-Atlantiques;200067296;Communauté de communes du Nord Est Béarn;2;Oui;Non;Non;1;Non;64103;Bédeille;Commune;216401034;64103;BEDEILLE;Impôts et taxes;80689.39;0.0;0.0;80689.39;0.08068939;210;384.2351904761905;1;;;;2;;;;;;;2024;210
2024;Non;75;Nouvelle-Aquitaine;64;Pyrénées-Atlantiques;200067262;Communauté de communes du Haut Béarn;3;Oui;Oui;Non;1;Non;64104;Bedous;Commune;216401042;64104;BEDOUS;Impôts et taxes;393648.96;0.0;0.0;393648.96;0.39364896000000005;597;659.3784924623116;1;;;;2;;;;;;;2024;597
2024;Non;75;Nouvelle-Aquitaine;64;Pyrénées-Atlantiques;200067106;Communauté d'agglomération du Pays Basque;2;Oui;Oui;Non;1;Non;64105;Béguios;Commune;216401059;64105;BEGUIOS;Impôts et taxes;110221.85;0.0;0.0;110221.85;0.11022185000000001;278;396.4814748201439;1;;;;2;;;;;;;2024;278
2024;Non;75;Nouvelle-Aquitaine;64;Pyrénées-Atlantiques;200067106;Communauté d'agglomération du Pays Basque;3;Oui;Non;Non;2;Non;64106;Béhasque-Lapiste;Commune;216401067;64106;BEHASQUE-LAPISTE;Impôts et taxes;154566.15;0.0;0.0;154566.15;0.15456614999999999;518;298.39025096525097;1;;;;2;;;;;;;2024;518
2024;Non;75;Nouvelle-Aquitaine;64;Pyrénées-Atlantiques;200067106;Communauté d'agglomération du Pays Basque;0;Oui;Oui;Non;1;Non;64107;Béhorléguy;Commune;216401075;64107;BEHORLEGUY;Impôts et taxes;45254.03;0.0;0.0;45254.03;0.04525403;75;603.3870666666667;1;;;;2;;;;;;;2024;75
2024;Non;75;Nouvelle-Aquitaine;64;Pyrénées-Atlantiques;246401756;Communauté de communes Pays de Nay;4;Non;Non;Non;2;Non;64109;Bénéjacq;Commune;216401091;64109;BENEJACQ;Impôts et taxes;969623.18;0.0;0.0;969623.18;0.96962318;2003;484.0854618072891;1;;;;2;;;;;;;2024;2003
2024;Non;75;Nouvelle-Aquitaine;64;Pyrénées-Atlantiques;246400337;Communauté de communes de la Vallée d'Ossau;2;Oui;Oui;Non;2;Non;64110;Béost;Commune;216401109;64110;BEOST;Impôts et taxes;156657.7;0.0;0.0;156657.7;0.1566577;228;687.0951754385966;1;;;;2;;;;;;;2024;228
2024;Non;75;Nouvelle-Aquitaine;64;Pyrénées-Atlantiques;200072106;Communauté de communes Adour Madiran;1;Oui;Non;Non;1;Non;64111;Bentayou-Sérée;Commune;216401117;64111;BENTAYOU-SEREE;Impôts et taxes;58756.5;0.0;0.0;58756.5;0.0587565;111;529.3378378378378;1;;;;2;;;;;;;2024;111
2024;Non;75;Nouvelle-Aquitaine;64;Pyrénées-Atlantiques;200067288;Communauté de communes du Béarn des Gaves;2;Oui;Non;Non;2;Non;64112;Bérenx;Commune;216401125;64112;BERENX;Impôts et taxes;218813.19;0.0;0.0;218813.19;0.21881319;423;517.288865248227;1;;;;2;;;;;;;2024;423
2024;Non;75;Nouvelle-Aquitaine;64;Pyrénées-Atlantiques;200067106;Communauté d'agglomération du Pays Basque;1;Oui;Non;Non;1;Non;64113;Bergouey-Viellenave;Commune;216401133;64113;BERGOUEY-VIELLENAVE;Impôts et taxes;105085.83;0.0;0.0;105085.83;0.10508583;124;847.4663709677419;1;;;;2;;;;;;;2024;124
2024;Non;75;Nouvelle-Aquitaine;64;Pyrénées-Atlantiques;200067296;Communauté de communes du Nord Est Béarn;3;Oui;Non;Non;2;Non;64114;Bernadets;Commune;216401141;64114;BERNADETS;Impôts et taxes;239814.02;0.0;0.0;239814.02;0.23981402;589;407.1545331069609;1;;;;2;;;;;;;2024;589
2024;Non;75;Nouvelle-Aquitaine;64;Pyrénées-Atlantiques;200067106;Communauté d'agglomération du Pays Basque;2;Non;Oui;Non;0;Non;64115;Berrogain-Laruns;Commune;216401158;64115;BERROGAIN-LARUNS;Impôts et taxes;44600.24;0.0;0.0;44600.24;0.04460024;227;196.4768281938326;1;;;;2;;;;;;;2024;227
2024;Non;75;Nouvelle-Aquitaine;64;Pyrénées-Atlantiques;246400337;Communauté de communes de la Vallée d'Ossau;2;Oui;Oui;Non;2;Non;64116;Bescat;Commune;216401166;64116;BESCAT;Impôts et taxes;140790.27;0.0;0.0;140790.27;0.14079027;252;558.6915476190476;1;;;;2;;;;;;;2024;252
2024;Non;75;Nouvelle-Aquitaine;64;Pyrénées-Atlantiques;200039204;Communauté de communes de Lacq-Orthez;1;Non;Non;Non;1;Non;64117;Bésingrand;Commune;216401174;64117;BESINGRAND;Impôts et taxes;173285.2;0.0;0.0;173285.2;0.1732852;148;1170.845945945946;1;;;;2;;;;;;;2024;148
2024;Non;75;Nouvelle-Aquitaine;64;Pyrénées-Atlantiques;200067296;Communauté de communes du Nord Est Béarn;0;Oui;Non;Non;1;Non;64118;Bétracq;Commune;216401182;64118;BETRACQ;Impôts et taxes;44480.21;0.0;0.0;44480.21;0.04448021;49;907.759387755102;1;;;;2;;;;;;;2024;49
2024;Non;75;Nouvelle-Aquitaine;64;Pyrénées-Atlantiques;246401756;Communauté de communes Pays de Nay;3;Oui;Non;Non;2;Non;64119;Beuste;Commune;216401190;64119;BEUSTE;Impôts et taxes;320610.37;0.0;0.0;320610.37;0.32061037;685;468.04433576642333;1;;;;2;;;;;;;2024;685
2024;Non;75;Nouvelle-Aquitaine;64;Pyrénées-Atlantiques;200067106;Communauté d'agglomération du Pays Basque;3;Oui;Oui;Non;1;Non;64120;Beyrie-sur-Joyeuse;Commune;216401208;64120;BEYRIE-SUR-JOYEUSE;Impôts et taxes;168173.26;0.0;0.0;168173.26;0.16817326000000002;548;306.8855109489051;1;;;;2;;;;;;;2024;548
2024;Non;75;Nouvelle-Aquitaine;64;Pyrénées-Atlantiques;200067254;Communauté d'agglomération Pau Béarn Pyrénées;1;Oui;Non;Non;3;Non;64121;Beyrie-en-Béarn;Commune;216401216;64121;BEYRIE-EN-BEARN;Impôts et taxes;80266.48;0.0;0.0;80266.48;0.08026648;197;407.4440609137056;1;;;;2;;;;;;;2024;197
2024;Non;75;Nouvelle-Aquitaine;64;Pyrénées-Atlantiques;200067106;Communauté d'agglomération du Pays Basque;8;Non;Non;Oui;4;Non;64122;Biarritz;Commune;216401224;64122;BIARRITZ;Impôts et taxes;45681094.34;0.0;0.0;45681094.34;45.68109434;26435;1728.0535025534332;1;;;;2;;;;;;;2024;26435
2024;Non;75;Nouvelle-Aquitaine;64;Pyrénées-Atlantiques;200067106;Communauté d'agglomération du Pays Basque;3;Oui;Non;Non;2;Non;64123;Bidache;Commune;216401232;64123;BIDACHE;Impôts et taxes;654956.17;0.0;0.0;654956.17;0.6549561700000001;1369;478.4194083272462;1;;;;2;;;;;;;2024;1369
2024;Non;75;Nouvelle-Aquitaine;64;Pyrénées-Atlantiques;200067106;Communauté d'agglomération du Pays Basque;3;Oui;Oui;Non;1;Non;64124;Bidarray;Commune;216401240;64124;BIDARRAY;Impôts et taxes;252736.2;0.0;0.0;252736.2;0.2527362;676;373.87011834319526;1;;;;2;;;;;;;2024;676
2024;Non;75;Nouvelle-Aquitaine;64;Pyrénées-Atlantiques;200067106;Communauté d'agglomération du Pays Basque;6;Non;Non;Oui;3;Non;64125;Bidart;Commune;216401257;64125;BIDART;Impôts et taxes;9784779.3;0.0;0.0;9784779.3;9.7847793;7585;1290.0170468029005;1;;;;2;;;;;;;2024;7585
2024;Non;75;Nouvelle-Aquitaine;64;Pyrénées-Atlantiques;200067262;Communauté de communes du Haut Béarn;3;Non;Non;Non;2;Non;64126;Bidos;Commune;216401265;64126;BIDOS;Impôts et taxes;605811.87;0.0;0.0;605811.87;0.60581187;1141;530.9481770376863;1;;;;2;;;;;;;2024;1141
2024;Non;75;Nouvelle-Aquitaine;64;Pyrénées-Atlantiques;246400337;Communauté de communes de la Vallée d'Ossau;2;Oui;Oui;Non;2;Non;64127;Bielle;Commune;216401273;64127;BIELLE;Impôts et taxes;296328.41;0.0;0.0;296328.41;0.29632841;397;746.419168765743;1;;;;2;;;;;;;2024;397
2024;Non;75;Nouvelle-Aquitaine;64;Pyrénées-Atlantiques;246400337;Communauté de communes de la Vallée d'Ossau;1;Oui;Oui;Non;2;Non;64128;Bilhères;Commune;216401281;64128;BILHERES;Impôts et taxes;96752.15;0.0;0.0;96752.15;0.09675215;162;597.2354938271604;1;;;;2;;;;;;;2024;162
2024;Non;75;Nouvelle-Aquitaine;64;Pyrénées-Atlantiques;200067254;Communauté d'agglomération Pau Béarn Pyrénées;7;Non;Non;Non;2;Non;64129;Billère;Commune;216401299;64129;BILLERE;Impôts et taxes;14090944.41;0.0;0.0;14090944.41;14.09094441;14080;1000.777301846591;1;;;;2;;;;;;;2024;14080
2024;Non;75;Nouvelle-Aquitaine;64;Pyrénées-Atlantiques;200067106;Communauté d'agglomération du Pays Basque;3;Non;Oui;Non;2;Non;64130;Biriatou;Commune;216401307;64130;BIRIATOU;Impôts et taxes;682210.01;0.0;0.0;682210.01;0.68221001;1237;551.5036459175425;1;;;;2;;;;;;;2024;1237
2024;Non;75;Nouvelle-Aquitaine;64;Pyrénées-Atlantiques;200039204;Communauté de communes de Lacq-Orthez;3;Non;Non;Non;2;Non;64131;Biron;Commune;216401315;64131;BIRON;Impôts et taxes;314648.25;0.0;0.0;314648.25;0.31464825;632;497.86115506329116;1;;;;2;;;;;;;2024;632
2024;Non;75;Nouvelle-Aquitaine;64;Pyrénées-Atlantiques;200067254;Communauté d'agglomération Pau Béarn Pyrénées;5;Non;Non;Non;3;Non;64132;Bizanos;Commune;216401323;64132;BIZANOS;Impôts et taxes;4942128.44;0.0;0.0;4942128.44;4.94212844;4649;1063.0519337491935;1;;;;2;;;;;;;2024;4649
2024;Non;75;Nouvelle-Aquitaine;64;Pyrénées-Atlantiques;246401756;Communauté de communes Pays de Nay;3;Non;Non;Non;2;Non;64133;Boeil-Bezing;Commune;216401331;64133;BOEIL-BEZING;Impôts et taxes;631235.67;0.0;0.0;631235.67;0.63123567;1360;464.14387500000004;1;;;;2;;;;;;;2024;1360
2024;Non;75;Nouvelle-Aquitaine;64;Pyrénées-Atlantiques;200067106;Communauté d'agglomération du Pays Basque;2;Oui;Non;Non;1;Non;64134;Bonloc;Commune;216401349;64134;BONLOC;Impôts et taxes;330894.58;0.0;0.0;330894.58;0.33089458;374;884.7448663101604;1;;;;2;;;;;;;2024;374
2024;Non;75;Nouvelle-Aquitaine;64;Pyrénées-Atlantiques;200039204;Communauté de communes de Lacq-Orthez;3;Oui;Non;Non;1;Non;64135;Bonnut;Commune;216401356;64135;BONNUT;Impôts et taxes;290595.05;0.0;0.0;290595.05;0.29059504999999997;842;345.1247624703088;1;;;;2;;;;;;;2024;842
2024;Non;75;Nouvelle-Aquitaine;64;Pyrénées-Atlantiques;200067262;Communauté de communes du Haut Béarn;1;Oui;Oui;Non;0;Non;64136;Borce;Commune;216401364;64136;BORCE;Impôts et taxes;250840.13;0.0;0.0;250840.13;0.25084013;123;2039.3506504065042;1;;;;2;;;;;;;2024;123
2024;Non;75;Nouvelle-Aquitaine;64;Pyrénées-Atlantiques;246401756;Communauté de communes Pays de Nay;3;Non;Non;Non;2;Non;64137;Bordères;Commune;216401372;64137;BORDERES;Impôts et taxes;292831.96;0.0;0.0;292831.96;0.29283196;692;423.1675722543353;1;;;;2;;;;;;;2024;692
2024;Non;75;Nouvelle-Aquitaine;64;Pyrénées-Atlantiques;246401756;Communauté de communes Pays de Nay;4;Non;Non;Non;2;Non;64138;Bordes;Commune;216401380;64138;BORDES;Impôts et taxes;1520231.62;0.0;0.0;1520231.62;1.5202316200000001;2938;517.4375833900613;1;;;;2;;;;;;;2024;2938
2024;Non;75;Nouvelle-Aquitaine;64;Pyrénées-Atlantiques;200067254;Communauté d'agglomération Pau Béarn Pyrénées;3;Non;Oui;Non;2;Non;64139;Bosdarros;Commune;216401398;64139;BOSDARROS;Impôts et taxes;519166.28;0.0;0.0;519166.28;0.51916628;995;521.7751557788945;1;;;;2;;;;;;;2024;995
2024;Non;75;Nouvelle-Aquitaine;64;Pyrénées-Atlantiques;200067106;Communauté d'agglomération du Pays Basque;6;Non;Non;Non;2;Non;64140;Boucau;Commune;216401406;64140;BOUCAU;Impôts et taxes;7842277.19;0.0;0.0;7842277.19;7.842277190000001;8969;874.375871334597;1;;;;2;;;;;;;2024;8969
2024;Non;75;Nouvelle-Aquitaine;64;Pyrénées-Atlantiques;200067239;Communauté de communes des Luys en Béarn;2;Oui;Non;Non;1;Non;64141;Boueilh-Boueilho-Lasque;Commune;216401414;64141;BOUEILH-BOUEILHO-LASQUE;Impôts et taxes;159608.02;0.0;0.0;159608.02;0.15960802;396;403.05055555555555;1;;;;2;;;;;;;2024;396
2024;Non;75;Nouvelle-Aquitaine;64;Pyrénées-Atlantiques;200067254;Communauté d'agglomération Pau Béarn Pyrénées;3;Oui;Non;Non;3;Non;64142;Bougarber;Commune;216401422;64142;BOUGARBER;Impôts et taxes;402575.12;0.0;0.0;402575.12;0.40257512;861;467.56692218350753;1;;;;2;;;;;;;2024;861
2024;Non;75;Nouvelle-Aquitaine;64;Pyrénées-Atlantiques;200067239;Communauté de communes des Luys en Béarn;1;Oui;Non;Non;1;Non;64143;Bouillon;Commune;216401430;64143;BOUILLON;Impôts et taxes;46737.38;0.0;0.0;46737.38;0.046737379999999995;158;295.80620253164557;1;;;;2;;;;;;;2024;158
2024;Non;75;Nouvelle-Aquitaine;64;Pyrénées-Atlantiques;200039204;Communauté de communes de Lacq-Orthez;1;Oui;Non;Non;1;Non;64144;Boumourt;Commune;216401448;64144;BOUMOURT;Impôts et taxes;89574.91;0.0;0.0;89574.91;0.08957491000000001;166;539.607891566265;1;;;;2;;;;;;;2024;166
2024;Non;75;Nouvelle-Aquitaine;64;Pyrénées-Atlantiques;246401756;Communauté de communes Pays de Nay;3;Non;Non;Non;1;Non;64145;Bourdettes;Commune;216401455;64145;BOURDETTES;Impôts et taxes;194811.65;0.0;0.0;194811.65;0.19481165;520;374.63778846153843;1;;;;2;;;;;;;2024;520
2024;Non;75;Nouvelle-Aquitaine;64;Pyrénées-Atlantiques;200067239;Communauté de communes des Luys en Béarn;2;Oui;Non;Non;2;Non;64146;Bournos;Commune;216401463;64146;BOURNOS;Impôts et taxes;172305.49;0.0;0.0;172305.49;0.17230548999999998;340;506.7808529411764;1;;;;2;;;;;;;2024;340
2024;Non;75;Nouvelle-Aquitaine;64;Pyrénées-Atlantiques;200067106;Communauté d'agglomération du Pays Basque;4;Oui;Non;Non;2;Non;64147;Briscous;Commune;216401471;64147;BRISCOUS;Impôts et taxes;1638382.53;0.0;0.0;1638382.53;1.6383825300000001;2925;560.1307794871796;1;;;;2;;;;;;;2024;2925
2024;Non;75;Nouvelle-Aquitaine;64;Pyrénées-Atlantiques;246401756;Communauté de communes Pays de Nay;3;Oui;Oui;Non;2;Non;64148;Bruges-Capbis-Mifaget;Commune;216401489;64148;BRUGES-CAPBIS-MIFAGET;Impôts et taxes;355779.46;0.0;0.0;355779.46;0.35577946000000005;878;405.2157858769932;1;;;;2;;;;;;;2024;878
2024;Non;75;Nouvelle-Aquitaine;64;Pyrénées-Atlantiques;200067288;Communauté de communes du Béarn des Gaves;2;Oui;Non;Non;1;Non;64149;Bugnein;Commune;216401497;64149;BUGNEIN;Impôts et taxes;133105.52;0.0;0.0;133105.52;0.13310551999999998;241;552.3050622406638;1;;;;2;;;;;;;2024;241
2024;Non;75;Nouvelle-Aquitaine;64;Pyrénées-Atlantiques;200067106;Communauté d'agglomération du Pays Basque;1;Oui;Oui;Non;1;Non;64150;Bunus;Commune;216401505;64150;BUNUS;Impôts et taxes;76307.74;0.0;0.0;76307.74;0.07630774;134;569.4607462686567;1;;;;2;;;;;;;2024;134
2024;Non;75;Nouvelle-Aquitaine;64;Pyrénées-Atlantiques;200067288;Communauté de communes du Béarn des Gaves;1;Oui;Non;Non;2;Non;64151;Burgaronne;Commune;216401513;64151;BURGARONNE;Impôts et taxes;58918.27;0.0;0.0;58918.27;0.058918269999999995;103;572.0220388349514;1;;;;2;;;;;;;2024;103
2024;Non;75;Nouvelle-Aquitaine;64;Pyrénées-Atlantiques;200067296;Communauté de communes du Nord Est Béarn;4;Non;Non;Non;3;Non;64152;Buros;Commune;216401521;64152;BUROS;Impôts et taxes;1159213.01;0.0;0.0;1159213.01;1.15921301;2021;573.5838743196438;1;;;;2;;;;;;;2024;2021
2024;Non;75;Nouvelle-Aquitaine;64;Pyrénées-Atlantiques;200067239;Communauté de communes des Luys en Béarn;0;Oui;Non;Non;1;Non;64153;Burosse-Mendousse;Commune;216401539;64153;BUROSSE-MENDOUSSE;Impôts et taxes;68468.19;0.0;0.0;68468.19;0.06846819;77;889.1972727272728;1;;;;2;;;;;;;2024;77
2024;Non;75;Nouvelle-Aquitaine;64;Pyrénées-Atlantiques;200067106;Communauté d'agglomération du Pays Basque;2;Oui;Oui;Non;1;Non;64154;Bussunarits-Sarrasquette;Commune;216401547;64154;BUSSUNARITS-SARRASQUETTE;Impôts et taxes;111320.14;0.0;0.0;111320.14;0.11132014;211;527.5836018957345;1;;;;2;;;;;;;2024;211
2024;Non;75;Nouvelle-Aquitaine;64;Pyrénées-Atlantiques;200067106;Communauté d'agglomération du Pays Basque;1;Oui;Oui;Non;1;Non;64155;Bustince-Iriberry;Commune;216401554;64155;BUSTINCE-IRIBERRY;Impôts et taxes;67142.63;0.0;0.0;67142.63;0.06714263000000001;107;627.5012149532711;1;;;;2;;;;;;;2024;107
2024;Non;75;Nouvelle-Aquitaine;64;Pyrénées-Atlantiques;200067262;Communauté de communes du Haut Béarn;2;Oui;Non;Non;2;Non;64156;Buziet;Commune;216401562;64156;BUZIET;Impôts et taxes;93820.99;0.0;0.0;93820.99;0.09382099;490;191.47140816326532;1;;;;2;;;;;;;2024;490
2024;Non;75;Nouvelle-Aquitaine;64;Pyrénées-Atlantiques;246400337;Communauté de communes de la Vallée d'Ossau;3;Oui;Non;Non;1;Non;64157;Buzy;Commune;216401570;64157;BUZY;Impôts et taxes;453354.4;0.0;0.0;453354.4;0.45335440000000005;1018;445.3383104125737;1;;;;2;;;;;;;2024;1018
2024;Non;75;Nouvelle-Aquitaine;64;Pyrénées-Atlantiques;200067239;Communauté de communes des Luys en Béarn;1;Oui;Non;Non;1;Non;64158;Cabidos;Commune;216401588;64158;CABIDOS;Impôts et taxes;39659.92;0.0;0.0;39659.92;0.03965992;177;224.06734463276834;1;;;;2;;;;;;;2024;177
2024;Non;75;Nouvelle-Aquitaine;64;Pyrénées-Atlantiques;200067296;Communauté de communes du Nord Est Béarn;1;Oui;Non;Non;1;Non;64159;Cadillon;Commune;216401596;64159;CADILLON;Impôts et taxes;69330.04;0.0;0.0;69330.04;0.06933004;114;608.1582456140351;1;;;;2;;;;;;;2024;114
2024;Non;75;Nouvelle-Aquitaine;64;Pyrénées-Atlantiques;200067106;Communauté d'agglomération du Pays Basque;6;Non;Oui;Oui;2;Non;64160;Cambo-les-Bains;Commune;216401604;64160;CAMBO-LES-BAINS;Impôts et taxes;4458832.11;0.0;0.0;4458832.11;4.45883211;6772;658.4217528056705;1;;;;2;;;;;;;2024;6772
2024;Non;75;Nouvelle-Aquitaine;64;Pyrénées-Atlantiques;200067106;Communauté d'agglomération du Pays Basque;3;Oui;Non;Non;1;Non;64161;Came;Commune;216401612;64161;CAME;Impôts et taxes;467055.21;0.0;0.0;467055.21;0.46705521;1040;449.0915480769231;1;;;;2;;;;;;;2024;1040
2024;Non;75;Nouvelle-Aquitaine;64;Pyrénées-Atlantiques;200067106;Communauté d'agglomération du Pays Basque;1;Oui;Oui;Non;0;Non;64162;Camou-Cihigue;Commune;216401620;64162;CAMOU-CIHIGUE;Impôts et taxes;68414.04;0.0;0.0;68414.04;0.06841404;105;651.5622857142856;1;;;;2;;;;;;;2024;105
2024;Non;75;Nouvelle-Aquitaine;64;Pyrénées-Atlantiques;200039204;Communauté de communes de Lacq-Orthez;2;Oui;Oui;Non;1;Non;64165;Cardesse;Commune;216401653;64165;CARDESSE;Impôts et taxes;98812.74;0.0;0.0;98812.74;0.09881274000000001;307;321.8656026058632;1;;;;2;;;;;;;2024;307
2024;Non;75;Nouvelle-Aquitaine;64;Pyrénées-Atlantiques;200067106;Communauté d'agglomération du Pays Basque;1;Non;Oui;Non;2;Non;64166;Caro;Commune;216401661;64166;CARO;Impôts et taxes;102204.32;0.0;0.0;102204.32;0.10220432;190;537.9174736842106;1;;;;2;;;;;;;2024;190
2024;Non;75;Nouvelle-Aquitaine;64;Pyrénées-Atlantiques;200067239;Communauté de communes des Luys en Béarn;2;Oui;Non;Non;1;Non;64167;Carrère;Commune;216401679;64167;CARRERE;Impôts et taxes;78286.47;0.0;0.0;78286.47;0.07828647;219;357.4724657534247;1;;;;2;;;;;;;2024;219
2024;Non;75;Nouvelle-Aquitaine;64;Pyrénées-Atlantiques;200067288;Communauté de communes du Béarn des Gaves;3;Oui;Non;Non;1;Non;64168;Carresse-Cassaber;Commune;216401687;64168;CARRESSE-CASSABER;Impôts et taxes;405241.92;0.0;0.0;405241.92;0.40524192;674;601.2491394658754;1;;;;2;;;;;;;2024;674
2024;Non;75;Nouvelle-Aquitaine;64;Pyrénées-Atlantiques;200067288;Communauté de communes du Béarn des Gaves;2;Oui;Non;Non;2;Non;64170;Castagnède;Commune;216401703;64170;CASTAGNEDE;Impôts et taxes;113864.24;0.0;0.0;113864.24;0.11386424;202;563.6843564356436;1;;;;2;;;;;;;2024;202
2024;Non;75;Nouvelle-Aquitaine;64;Pyrénées-Atlantiques;200039204;Communauté de communes de Lacq-Orthez;2;Oui;Non;Non;1;Non;64171;Casteide-Cami;Commune;216401711;64171;CASTEIDE-CAMI;Impôts et taxes;157716.06;0.0;0.0;157716.06;0.15771606;270;584.1335555555555;1;;;;2;;;;;;;2024;270
2024;Non;75;Nouvelle-Aquitaine;64;Pyrénées-Atlantiques;200039204;Communauté de communes de Lacq-Orthez;2;Oui;Non;Non;1;Non;64172;Casteide-Candau;Commune;216401729;64172;CASTEIDE-CANDAU;Impôts et taxes;141358.53;0.0;0.0;141358.53;0.14135853;308;458.95626623376626;1;;;;2;;;;;;;2024;308
2024;Non;75;Nouvelle-Aquitaine;64;Pyrénées-Atlantiques;200072106;Communauté de communes Adour Madiran;1;Oui;Non;Non;1;Non;64173;Casteide-Doat;Commune;216401737;64173;CASTEIDE-DOAT;Impôts et taxes;53864.15;0.0;0.0;53864.15;0.05386415;164;328.43993902439024;1;;;;2;;;;;;;2024;164
2024;Non;75;Nouvelle-Aquitaine;64;Pyrénées-Atlantiques;200072106;Communauté de communes Adour Madiran;0;Oui;Non;Non;1;Non;64174;Castéra-Loubix;Commune;216401745;64174;CASTERA-LOUBIX;Impôts et taxes;61186.41;0.0;0.0;61186.41;0.061186410000000004;51;1199.7335294117647;1;;;;2;;;;;;;2024;51
2024;Non;75;Nouvelle-Aquitaine;64;Pyrénées-Atlantiques;246400337;Communauté de communes de la Vallée d'Ossau;1;Oui;Oui;Non;1;Non;64175;Castet;Commune;216401752;64175;CASTET;Impôts et taxes;80303.16;0.0;0.0;80303.16;0.08030316;148;542.5889189189189;1;;;;2;;;;;;;2024;148
2024;Non;75;Nouvelle-Aquitaine;64;Pyrénées-Atlantiques;200067288;Communauté de communes du Béarn des Gaves;1;Oui;Non;Non;1;Non;64176;Castetbon;Commune;216401760;64176;CASTETBON;Impôts et taxes;85230.82;0.0;0.0;85230.82;0.08523082000000001;159;536.042893081761;1;;;;2;;;;;;;2024;159
2024;Non;75;Nouvelle-Aquitaine;64;Pyrénées-Atlantiques;200039204;Communauté de communes de Lacq-Orthez;3;Non;Non;Non;2;Non;64177;Castétis;Commune;216401778;64177;CASTETIS;Impôts et taxes;291982.46;0.0;0.0;291982.46;0.29198246;668;437.0994910179641;1;;;;2;;;;;;;2024;668
2024;Non;75;Nouvelle-Aquitaine;64;Pyrénées-Atlantiques;200067288;Communauté de communes du Béarn des Gaves;2;Non;Non;Non;1;Non;64178;Castetnau-Camblong;Commune;216401786;64178;CASTETNAU-CAMBLONG;Impôts et taxes;260266.58;0.0;0.0;260266.58;0.26026657999999997;473;550.2464693446088;1;;;;2;;;;;;;2024;473
2024;Non;75;Nouvelle-Aquitaine;64;Pyrénées-Atlantiques;200067239;Communauté de communes des Luys en Béarn;2;Oui;Non;Non;1;Non;64180;Castetpugon;Commune;216401802;64180;CASTETPUGON;Impôts et taxes;102726.61;0.0;0.0;102726.61;0.10272661;215;477.7981860465116;1;;;;2;;;;;;;2024;215
2024;Non;75;Nouvelle-Aquitaine;64;Pyrénées-Atlantiques;200039204;Communauté de communes de Lacq-Orthez;2;Oui;Non;Non;3;Non;64181;Castillon (Canton d'Arthez-de-Béarn);Commune;216401810;64181;CASTILLON CANTON ARTHEZ-DE-BEARN;Impôts et taxes;180527.57;0.0;0.0;180527.57;0.18052757;343;526.3194460641399;1;;;;2;;;;;;;2024;343
2024;Non;75;Nouvelle-Aquitaine;64;Pyrénées-Atlantiques;200067296;Communauté de communes du Nord Est Béarn;0;Oui;Non;Non;1;Non;64182;Castillon (Canton de Lembeye);Commune;216401828;64182;CASTILLON CANTON DE LEMBEYE;Impôts et taxes;41170.22;0.0;0.0;41170.22;0.04117022;76;541.7134210526316;1;;;;2;;;;;;;2024;76
2024;Non;75;Nouvelle-Aquitaine;64;Pyrénées-Atlantiques;200067239;Communauté de communes des Luys en Béarn;3;Oui;Non;Non;2;Non;64183;Caubios-Loos;Commune;216401836;64183;CAUBIOS-LOOS;Impôts et taxes;340375.26;0.0;0.0;340375.26;0.34037526;685;496.8981897810219;1;;;;2;;;;;;;2024;685
2024;Non;75;Nouvelle-Aquitaine;64;Pyrénées-Atlantiques;200039204;Communauté de communes de Lacq-Orthez;3;Oui;Non;Non;2;Non;64184;Cescau;Commune;216401844;64184;CESCAU;Impôts et taxes;260757.87;0.0;0.0;260757.87;0.26075787;653;399.32292496171516;1;;;;2;;;;;;;2024;653
2024;Non;75;Nouvelle-Aquitaine;64;Pyrénées-Atlantiques;200067262;Communauté de communes du Haut Béarn;0;Oui;Oui;Non;2;Non;64185;Cette-Eygun;Commune;216401851;64185;CETTE-EYGUN;Impôts et taxes;98106.31;0.0;0.0;98106.31;0.09810631;60;1635.1051666666667;1;;;;2;;;;;;;2024;60
2024;Non;75;Nouvelle-Aquitaine;64;Pyrénées-Atlantiques;200067288;Communauté de communes du Béarn des Gaves;2;Oui;Non;Non;1;Non;64186;Charre;Commune;216401869;64186;CHARRE;Impôts et taxes;117679.63;0.0;0.0;117679.63;0.11767963000000001;224;525.3554910714286;1;;;;2;;;;;;;2024;224
2024;Non;75;Nouvelle-Aquitaine;64;Pyrénées-Atlantiques;200067106;Communauté d'agglomération du Pays Basque;2;Non;Non;Non;1;Non;64187;Charritte-de-Bas;Commune;216401877;64187;CHARRITTE-DE-BAS;Impôts et taxes;91156.37;0.0;0.0;91156.37;0.09115637;255;357.4759607843137;1;;;;2;;;;;;;2024;255
2024;Non;75;Nouvelle-Aquitaine;64;Pyrénées-Atlantiques;200067106;Communauté d'agglomération du Pays Basque;3;Non;Oui;Non;1;Non;64188;Chéraute;Commune;216401885;64188;CHERAUTE;Impôts et taxes;519021.46;0.0;0.0;519021.46;0.51902146;1206;430.3660530679934;1;;;;2;;;;;;;2024;1206
2024;Non;75;Nouvelle-Aquitaine;64;Pyrénées-Atlantiques;200067106;Communauté d'agglomération du Pays Basque;6;Non;Non;Oui;3;Non;64189;Ciboure;Commune;216401893;64189;CIBOURE;Impôts et taxes;7756560.02;0.0;0.0;7756560.02;7.756560019999999;6162;1258.773128854268;1;;;;2;;;;;;;2024;6162
2024;Non;75;Nouvelle-Aquitaine;64;Pyrénées-Atlantiques;200067239;Communauté de communes des Luys en Béarn;2;Oui;Non;Non;1;Non;64190;Claracq;Commune;216401901;64190;CLARACQ;Impôts et taxes;161040.41;0.0;0.0;161040.41;0.16104041;249;646.7486345381526;1;;;;2;;;;;;;2024;249
2024;Non;75;Nouvelle-Aquitaine;64;Pyrénées-Atlantiques;246401756;Communauté de communes Pays de Nay;4;Non;Non;Non;1;Non;64191;Coarraze;Commune;216401919;64191;COARRAZE;Impôts et taxes;1154690.32;0.0;0.0;1154690.32;1.15469032;2334;494.7259297343616;1;;;;2;;;;;;;2024;2334
2024;Non;75;Nouvelle-Aquitaine;64;Pyrénées-Atlantiques;200067239;Communauté de communes des Luys en Béarn;1;Oui;Non;Non;1;Non;64192;Conchez-de-Béarn;Commune;216401927;64192;CONCHEZ-DE-BEARN;Impôts et taxes;83719.46;0.0;0.0;83719.46;0.08371946000000001;111;754.2293693693695;1;;;;2;;;;;;;2024;111
2024;Non;75;Nouvelle-Aquitaine;64;Pyrénées-Atlantiques;200067296;Communauté de communes du Nord Est Béarn;0;Oui;Non;Non;2;Non;64193;Corbère-Abères;Commune;216401935;64193;CORBERE-ABERES;Impôts et taxes;52015.97;0.0;0.0;52015.97;0.05201597;98;530.7752040816326;1;;;;2;;;;;;;2024;98
2024;Non;75;Nouvelle-Aquitaine;64;Pyrénées-Atlantiques;200067296;Communauté de communes du Nord Est Béarn;2;Oui;Non;Non;1;Non;64194;Coslédaà-Lube-Boast;Commune;216401943;64194;COSLEDAA-LUBE-BOAST;Impôts et taxes;129419.67;0.0;0.0;129419.67;0.12941967;389;332.6983804627249;1;;;;2;;;;;;;2024;389
2024;Non;75;Nouvelle-Aquitaine;64;Pyrénées-Atlantiques;200067239;Communauté de communes des Luys en Béarn;0;Oui;Non;Non;2;Non;64195;Coublucq;Commune;216401950;64195;COUBLUCQ;Impôts et taxes;34339.97;0.0;0.0;34339.97;0.034339970000000004;93;369.24698924731183;1;;;;2;;;;;;;2024;93
2024;Non;75;Nouvelle-Aquitaine;64;Pyrénées-Atlantiques;200067296;Communauté de communes du Nord Est Béarn;1;Oui;Non;Non;1;Non;64196;Crouseilles;Commune;216401968;64196;CROUSEILLES;Impôts et taxes;75325.0;0.0;0.0;75325.0;0.075325;123;612.3983739837398;1;;;;2;;;;;;;2024;123
2024;Non;75;Nouvelle-Aquitaine;64;Pyrénées-Atlantiques;200039204;Communauté de communes de Lacq-Orthez;1;Non;Oui;Non;2;Non;64197;Cuqueron;Commune;216401976;64197;CUQUERON;Impôts et taxes;60531.52;0.0;0.0;60531.52;0.06053152;196;308.83428571428567;1;;;;2;;;;;;;2024;196
2024;Non;75;Nouvelle-Aquitaine;64;Pyrénées-Atlantiques;200067254;Communauté d'agglomération Pau Béarn Pyrénées;3;Non;Non;Non;2;Non;64198;Denguin;Commune;216401984;64198;DENGUIN;Impôts et taxes;1096508.29;0.0;0.0;1096508.29;1.09650829;1820;602.4770824175824;1;;;;2;;;;;;;2024;1820
2024;Non;75;Nouvelle-Aquitaine;64;Pyrénées-Atlantiques;200067239;Communauté de communes des Luys en Béarn;1;Oui;Non;Non;1;Non;64199;Diusse;Commune;216401992;64199;DIUSSE;Impôts et taxes;126714.23;0.0;0.0;126714.23;0.12671422999999998;145;873.8912413793104;1;;;;2;;;;;;;2024;145
2024;Non;75;Nouvelle-Aquitaine;64;Pyrénées-Atlantiques;200039204;Communauté de communes de Lacq-Orthez;1;Oui;Non;Non;2;Non;64200;Doazon;Commune;216402008;64200;DOAZON;Impôts et taxes;123640.76;0.0;0.0;123640.76;0.12364075999999999;185;668.3284324324324;1;;;;2;;;;;;;2024;185
2024;Non;75;Nouvelle-Aquitaine;64;Pyrénées-Atlantiques;200067288;Communauté de communes du Béarn des Gaves;2;Oui;Non;Non;1;Non;64201;Dognen;Commune;216402016;64201;DOGNEN;Impôts et taxes;113222.74;0.0;0.0;113222.74;0.11322274;237;477.7330801687764;1;;;;2;;;;;;;2024;237
2024;Non;75;Nouvelle-Aquitaine;64;Pyrénées-Atlantiques;200067106;Communauté d'agglomération du Pays Basque;2;Oui;Non;Non;1;Non;64202;Domezain-Berraute;Commune;216402024;64202;DOMEZAIN-BERRAUTE;Impôts et taxes;174395.45;0.0;0.0;174395.45;0.17439545;481;362.56850311850314;1;;;;2;;;;;;;2024;481
2024;Non;75;Nouvelle-Aquitaine;64;Pyrénées-Atlantiques;200067239;Communauté de communes des Luys en Béarn;2;Oui;Non;Non;2;Non;64203;Doumy;Commune;216402032;64203;DOUMY;Impôts et taxes;141210.01;0.0;0.0;141210.01;0.14121001;331;426.61634441087614;1;;;;2;;;;;;;2024;331
2024;Non;75;Nouvelle-Aquitaine;64;Pyrénées-Atlantiques;246400337;Communauté de communes de la Vallée d'Ossau;1;Oui;Oui;Oui;2;Non;64204;Eaux-Bonnes;Commune;216402040;64204;EAUX-BONNES;Impôts et taxes;1921359.03;0.0;0.0;1921359.03;1.92135903;193;9955.228134715026;1;;;;2;;;;;;;2024;193
2024;Non;75;Nouvelle-Aquitaine;64;Pyrénées-Atlantiques;200067288;Communauté de communes du Béarn des Gaves;2;Oui;Non;Non;1;Non;64205;Escos;Commune;216402057;64205;ESCOS;Impôts et taxes;118877.49;0.0;0.0;118877.49;0.11887749;239;497.3953556485356;1;;;;2;;;;;;;2024;239
2024;Non;75;Nouvelle-Aquitaine;64;Pyrénées-Atlantiques;200067262;Communauté de communes du Haut Béarn;1;Oui;Oui;Non;1;Non;64206;Escot;Commune;216402065;64206;ESCOT;Impôts et taxes;64432.75;0.0;0.0;64432.75;0.06443275;122;528.1372950819672;1;;;;2;;;;;;;2024;122
2024;Non;75;Nouvelle-Aquitaine;64;Pyrénées-Atlantiques;200067262;Communauté de communes du Haut Béarn;2;Oui;Non;Non;1;Non;64207;Escou;Commune;216402073;64207;ESCOU;Impôts et taxes;109733.5;0.0;0.0;109733.5;0.1097335;441;248.82879818594105;1;;;;2;;;;;;;2024;441
2024;Non;75;Nouvelle-Aquitaine;64;Pyrénées-Atlantiques;200067296;Communauté de communes du Nord Est Béarn;2;Oui;Non;Non;1;Non;64208;Escoubès;Commune;216402081;64208;ESCOUBES;Impôts et taxes;270543.9;0.0;0.0;270543.9;0.2705439;441;613.4782312925171;1;;;;2;;;;;;;2024;441
2024;Non;75;Nouvelle-Aquitaine;64;Pyrénées-Atlantiques;200067262;Communauté de communes du Haut Béarn;2;Oui;Non;Non;2;Non;64209;Escout;Commune;216402099;64209;ESCOUT;Impôts et taxes;176822.27;0.0;0.0;176822.27;0.17682226999999998;439;402.7842141230068;1;;;;2;;;;;;;2024;439
2024;Non;75;Nouvelle-Aquitaine;64;Pyrénées-Atlantiques;200067296;Communauté de communes du Nord Est Béarn;1;Oui;Non;Non;2;Non;64210;Escurès;Commune;216402107;64210;ESCURES;Impôts et taxes;49820.21;0.0;0.0;49820.21;0.04982021;147;338.9129931972789;1;;;;2;;;;;;;2024;147
2024;Non;75;Nouvelle-Aquitaine;64;Pyrénées-Atlantiques;200067296;Communauté de communes du Nord Est Béarn;2;Oui;Non;Non;1;Non;64211;Eslourenties-Daban;Commune;216402115;64211;ESLOURENTIES-DABAN;Impôts et taxes;126244.18;0.0;0.0;126244.18;0.12624417999999998;376;335.7557978723404;1;;;;2;;;;;;;2024;376
2024;Non;75;Nouvelle-Aquitaine;64;Pyrénées-Atlantiques;200067296;Communauté de communes du Nord Est Béarn;1;Oui;Non;Non;2;Non;64212;Espéchède;Commune;216402123;64212;ESPECHEDE;Impôts et taxes;71942.07;0.0;0.0;71942.07;0.07194207000000001;152;473.3030921052632;1;;;;2;;;;;;;2024;152
2024;Non;75;Nouvelle-Aquitaine;64;Pyrénées-Atlantiques;200067106;Communauté d'agglomération du Pays Basque;4;Non;Oui;Oui;2;Non;64213;Espelette;Commune;216402131;64213;ESPELETTE;Impôts et taxes;793162.01;0.0;0.0;793162.01;0.79316201;2090;379.50335406698565;1;;;;2;;;;;;;2024;2090
2024;Non;75;Nouvelle-Aquitaine;64;Pyrénées-Atlantiques;200067106;Communauté d'agglomération du Pays Basque;3;Non;Non;Non;2;Non;64214;Espès-Undurein;Commune;216402149;64214;ESPES-UNDUREIN;Impôts et taxes;154942.71;0.0;0.0;154942.71;0.15494270999999998;504;307.4260119047619;1;;;;2;;;;;;;2024;504
2024;Non;75;Nouvelle-Aquitaine;64;Pyrénées-Atlantiques;200067288;Communauté de communes du Béarn des Gaves;1;Oui;Non;Non;1;Non;64215;Espiute;Commune;216402156;64215;ESPIUTE;Impôts et taxes;36896.69;0.0;0.0;36896.69;0.03689669;108;341.63601851851854;1;;;;2;;;;;;;2024;108
2024;Non;75;Nouvelle-Aquitaine;64;Pyrénées-Atlantiques;200067296;Communauté de communes du Nord Est Béarn;3;Non;Non;Non;3;Non;64216;Espoey;Commune;216402164;64216;ESPOEY;Impôts et taxes;528447.28;0.0;0.0;528447.28;0.5284472800000001;1241;425.8237550362611;1;;;;2;;;;;;;2024;1241
2024;Non;75;Nouvelle-Aquitaine;64;Pyrénées-Atlantiques;200067262;Communauté de communes du Haut Béarn;3;Oui;Oui;Non;2;Non;64217;Esquiule;Commune;216402172;64217;ESQUIULE;Impôts et taxes;155858.18;0.0;0.0;155858.18;0.15585817999999999;547;284.9326873857404;1;;;;2;;;;;;;2024;547
2024;Non;75;Nouvelle-Aquitaine;64;Pyrénées-Atlantiques;200067106;Communauté d'agglomération du Pays Basque;2;Oui;Oui;Non;1;Non;64218;Estérençuby;Commune;216402180;64218;ESTERENCUBY;Impôts et taxes;175266.38;0.0;0.0;175266.38;0.17526638;315;556.4012063492064;1;;;;2;;;;;;;2024;315
2024;Non;75;Nouvelle-Aquitaine;64;Pyrénées-Atlantiques;200067262;Communauté de communes du Haut Béarn;2;Oui;Non;Non;2;Non;64219;Estialescq;Commune;216402198;64219;ESTIALESCQ;Impôts et taxes;74875.86;0.0;0.0;74875.86;0.07487586;266;281.48819548872183;1;;;;2;;;;;;;2024;266
2024;Non;75;Nouvelle-Aquitaine;64;Pyrénées-Atlantiques;200067262;Communauté de communes du Haut Béarn;3;Non;Non;Non;3;Non;64220;Estos;Commune;216402206;64220;ESTOS;Impôts et taxes;218678.58;0.0;0.0;218678.58;0.21867857999999998;503;434.7486679920477;1;;;;2;;;;;;;2024;503
2024;Non;75;Nouvelle-Aquitaine;64;Pyrénées-Atlantiques;200067106;Communauté d'agglomération du Pays Basque;1;Oui;Non;Non;1;Non;64221;Etcharry;Commune;216402214;64221;ETCHARRY;Impôts et taxes;72381.95;0.0;0.0;72381.95;0.07238195;186;389.1502688172043;1;;;;2;;;;;;;2024;186
2024;Non;75;Nouvelle-Aquitaine;64;Pyrénées-Atlantiques;200067106;Communauté d'agglomération du Pays Basque;0;Oui;Oui;Non;1;Non;64222;Etchebar;Commune;216402222;64222;ETCHEBAR;Impôts et taxes;42610.3;0.0;0.0;42610.3;0.042610300000000004;74;575.814864864865;1;;;;2;;;;;;;2024;74
2024;Non;75;Nouvelle-Aquitaine;64;Pyrénées-Atlantiques;200067262;Communauté de communes du Haut Béarn;0;Oui;Oui;Non;2;Non;64223;Etsaut;Commune;216402230;64223;ETSAUT;Impôts et taxes;138331.85;0.0;0.0;138331.85;0.13833185;54;2561.700925925926;1;;;;2;;;;;;;2024;54
2024;Non;75;Nouvelle-Aquitaine;64;Pyrénées-Atlantiques;200067262;Communauté de communes du Haut Béarn;3;Non;Non;Non;2;Non;64224;Eysus;Commune;216402248;64224;EYSUS;Impôts et taxes;221552.67;0.0;0.0;221552.67;0.22155267;644;344.02588509316774;1;;;;2;;;;;;;2024;644
2024;Non;75;Nouvelle-Aquitaine;64;Pyrénées-Atlantiques;200067239;Communauté de communes des Luys en Béarn;1;Oui;Non;Non;1;Non;64226;Fichous-Riumayou;Commune;216402263;64226;FICHOUS-RIUMAYOU;Impôts et taxes;57434.64;0.0;0.0;57434.64;0.05743464;196;293.0338775510204;1;;;;2;;;;;;;2024;196
2024;Non;75;Nouvelle-Aquitaine;64;Pyrénées-Atlantiques;200067296;Communauté de communes du Nord Est Béarn;3;Non;Non;Non;2;Non;64227;Gabaston;Commune;216402271;64227;GABASTON;Impôts et taxes;226442.24;0.0;0.0;226442.24;0.22644224;682;332.02674486803517;1;;;;2;;;;;;;2024;682
2024;Non;75;Nouvelle-Aquitaine;64;Pyrénées-Atlantiques;200067106;Communauté d'agglomération du Pays Basque;2;Oui;Non;Non;2;Non;64228;Gabat;Commune;216402289;64228;GABAT;Impôts et taxes;112426.72;0.0;0.0;112426.72;0.11242672000000001;282;398.6763120567376;1;;;;2;;;;;;;2024;282
2024;Non;75;Nouvelle-Aquitaine;64;Pyrénées-Atlantiques;200067106;Communauté d'agglomération du Pays Basque;1;Oui;Oui;Non;1;Non;64229;Gamarthe;Commune;216402297;64229;GAMARTHE;Impôts et taxes;113638.03;0.0;0.0;113638.03;0.11363803;132;860.8941666666667;1;;;;2;;;;;;;2024;132
2024;Non;75;Nouvelle-Aquitaine;64;Pyrénées-Atlantiques;200067254;Communauté d'agglomération Pau Béarn Pyrénées;6;Non;Oui;Non;2;Non;64230;Gan;Commune;216402305;64230;GAN;Impôts et taxes;3701811.93;0.0;0.0;3701811.93;3.7018119300000003;5744;644.4658652506964;1;;;;2;;;;;;;2024;5744
2024;Non;75;Nouvelle-Aquitaine;64;Pyrénées-Atlantiques;200067106;Communauté d'agglomération du Pays Basque;2;Non;Oui;Non;2;Non;64231;Garindein;Commune;216402313;64231;GARINDEIN;Impôts et taxes;85541.58;0.0;0.0;85541.58;0.08554158;481;177.84112266112265;1;;;;2;;;;;;;2024;481
2024;Non;75;Nouvelle-Aquitaine;64;Pyrénées-Atlantiques;200067239;Communauté de communes des Luys en Béarn;2;Oui;Non;Non;1;Non;64232;Garlède-Mondebat;Commune;216402321;64232;GARLEDE-MONDEBAT;Impôts et taxes;81301.21;0.0;0.0;81301.21;0.08130121000000001;221;367.87877828054303;1;;;;2;;;;;;;2024;221
2024;Non;75;Nouvelle-Aquitaine;64;Pyrénées-Atlantiques;200067239;Communauté de communes des Luys en Béarn;3;Oui;Non;Non;1;Non;64233;Garlin;Commune;216402339;64233;GARLIN;Impôts et taxes;817050.03;0.0;0.0;817050.03;0.81705003;1365;598.5714505494506;1;;;;2;;;;;;;2024;1365
2024;Non;75;Nouvelle-Aquitaine;64;Pyrénées-Atlantiques;200067239;Communauté de communes des Luys en Béarn;2;Oui;Non;Non;1;Non;64234;Garos;Commune;216402347;64234;GAROS;Impôts et taxes;77060.74;0.0;0.0;77060.74;0.07706074;269;286.4711524163569;1;;;;2;;;;;;;2024;269
2024;Non;75;Nouvelle-Aquitaine;64;Pyrénées-Atlantiques;200067106;Communauté d'agglomération du Pays Basque;2;Oui;Non;Non;4;Non;64235;Garris;Commune;216402354;64235;GARRIS;Impôts et taxes;146355.91;0.0;0.0;146355.91;0.14635591;314;466.10162420382164;1;;;;2;;;;;;;2024;314
2024;Non;75;Nouvelle-Aquitaine;64;Pyrénées-Atlantiques;200067296;Communauté de communes du Nord Est Béarn;0;Oui;Non;Non;2;Non;64236;Gayon;Commune;216402362;64236;GAYON;Impôts et taxes;47391.67;0.0;0.0;47391.67;0.04739167;55;861.6667272727273;1;;;;2;;;;;;;2024;55
2024;Non;75;Nouvelle-Aquitaine;64;Pyrénées-Atlantiques;200067254;Communauté d'agglomération Pau Béarn Pyrénées;5;Non;Non;Non;2;Non;64237;Gelos;Commune;216402370;64237;GELOS;Impôts et taxes;2393194.74;0.0;0.0;2393194.74;2.39319474;3737;640.4053358308804;1;;;;2;;;;;;;2024;3737
2024;Non;75;Nouvelle-Aquitaine;64;Pyrénées-Atlantiques;200067296;Communauté de communes du Nord Est Béarn;4;Oui;Non;Non;2;Non;64238;Ger;Commune;216402388;64238;GER;Impôts et taxes;1106994.24;0.0;0.0;1106994.24;1.10699424;2118;522.6601699716714;1;;;;2;;;;;;;2024;2118
2024;Non;75;Nouvelle-Aquitaine;64;Pyrénées-Atlantiques;200067296;Communauté de communes du Nord Est Béarn;1;Oui;Non;Non;1;Non;64239;Gerderest;Commune;216402396;64239;GERDEREST;Impôts et taxes;49609.91;0.0;0.0;49609.91;0.04960991;146;339.79390410958905;1;;;;2;;;;;;;2024;146
2024;Non;75;Nouvelle-Aquitaine;64;Pyrénées-Atlantiques;246400337;Communauté de communes de la Vallée d'Ossau;1;Oui;Oui;Non;2;Non;64240;Gère-Bélesten;Commune;216402404;64240;GERE-BELESTEN;Impôts et taxes;138756.56;0.0;0.0;138756.56;0.13875656;187;742.0136898395722;1;;;;2;;;;;;;2024;187
2024;Non;75;Nouvelle-Aquitaine;64;Pyrénées-Atlantiques;200067262;Communauté de communes du Haut Béarn;2;Oui;Non;Non;1;Non;64241;Géronce;Commune;216402412;64241;GERONCE;Impôts et taxes;126882.87;0.0;0.0;126882.87;0.12688287;494;256.8479149797571;1;;;;2;;;;;;;2024;494
2024;Non;75;Nouvelle-Aquitaine;64;Pyrénées-Atlantiques;200067288;Communauté de communes du Béarn des Gaves;0;Oui;Non;Non;1;Non;64242;Gestas;Commune;216402420;64242;GESTAS;Impôts et taxes;59713.99;0.0;0.0;59713.99;0.059713989999999995;76;785.7103947368421;1;;;;2;;;;;;;2024;76
2024;Non;75;Nouvelle-Aquitaine;64;Pyrénées-Atlantiques;200067239;Communauté de communes des Luys en Béarn;2;Oui;Non;Non;1;Non;64243;Géus-d'Arzacq;Commune;216402438;64243;GEUS-D'ARZACQ;Impôts et taxes;81922.28;0.0;0.0;81922.28;0.08192228;206;397.6809708737864;1;;;;2;;;;;;;2024;206
2024;Non;75;Nouvelle-Aquitaine;64;Pyrénées-Atlantiques;200067262;Communauté de communes du Haut Béarn;2;Oui;Non;Non;1;Non;64244;Geüs-d'Oloron;Commune;216402446;64244;GEUS-D'OLORON;Impôts et taxes;80276.13;0.0;0.0;80276.13;0.08027613;273;294.05175824175825;1;;;;2;;;;;;;2024;273
2024;Non;75;Nouvelle-Aquitaine;64;Pyrénées-Atlantiques;200067262;Communauté de communes du Haut Béarn;3;Non;Non;Non;2;Non;64245;Goès;Commune;216402453;64245;GOES;Impôts et taxes;205653.59;0.0;0.0;205653.59;0.20565359;559;367.8955098389982;1;;;;2;;;;;;;2024;559
2024;Non;75;Nouvelle-Aquitaine;64;Pyrénées-Atlantiques;200067296;Communauté de communes du Nord Est Béarn;2;Oui;Non;Non;2;Non;64246;Gomer;Commune;216402461;64246;GOMER;Impôts et taxes;103709.22;0.0;0.0;103709.22;0.10370922;308;336.7182467532468;1;;;;2;;;;;;;2024;308
2024;Non;75;Nouvelle-Aquitaine;64;Pyrénées-Atlantiques;200067106;Communauté d'agglomération du Pays Basque;2;Oui;Oui;Non;1;Non;64247;Gotein-Libarrenx;Commune;216402479;64247;GOTEIN-LIBARRENX;Impôts et taxes;214855.47;0.0;0.0;214855.47;0.21485547;485;443.00096907216493;1;;;;2;;;;;;;2024;485
2024;Non;75;Nouvelle-Aquitaine;64;Pyrénées-Atlantiques;200067106;Communauté d'agglomération du Pays Basque;3;Non;Non;Oui;4;Non;64249;Guéthary;Commune;216402495;64249;GUETHARY;Impôts et taxes;1483598.42;0.0;0.0;1483598.42;1.4835984199999999;1360;1090.8811911764706;1;;;;2;;;;;;;2024;1360
2024;Non;75;Nouvelle-Aquitaine;64;Pyrénées-Atlantiques;200067106;Communauté d'agglomération du Pays Basque;3;Oui;Non;Non;1;Non;64250;Guiche;Commune;216402503;64250;GUICHE;Impôts et taxes;603314.42;0.0;0.0;603314.42;0.60331442;1060;569.1645471698114;1;;;;2;;;;;;;2024;1060
2024;Non;75;Nouvelle-Aquitaine;64;Pyrénées-Atlantiques;200067288;Communauté de communes du Béarn des Gaves;2;Oui;Non;Non;2;Non;64251;Guinarthe-Parenties;Commune;216402511;64251;GUINARTHE-PARENTIES;Impôts et taxes;144744.02;0.0;0.0;144744.02;0.14474402;234;618.564188034188;1;;;;2;;;;;;;2024;234
2024;Non;75;Nouvelle-Aquitaine;64;Pyrénées-Atlantiques;200067288;Communauté de communes du Béarn des Gaves;2;Oui;Non;Non;1;Non;64253;Gurs;Commune;216402537;64253;GURS;Impôts et taxes;167122.57;0.0;0.0;167122.57;0.16712257;425;393.22957647058826;1;;;;2;;;;;;;2024;425
2024;Non;75;Nouvelle-Aquitaine;64;Pyrénées-Atlantiques;200039204;Communauté de communes de Lacq-Orthez;3;Oui;Non;Non;1;Non;64254;Hagetaubin;Commune;216402545;64254;HAGETAUBIN;Impôts et taxes;260057.09;0.0;0.0;260057.09;0.26005709;590;440.7747288135593;1;;;;2;;;;;;;2024;590
2024;Non;75;Nouvelle-Aquitaine;64;Pyrénées-Atlantiques;200067106;Communauté d'agglomération du Pays Basque;3;Non;Non;Non;4;Non;64255;Halsou;Commune;216402552;64255;HALSOU;Impôts et taxes;265356.92;0.0;0.0;265356.92;0.26535692;637;416.5728728414442;1;;;;2;;;;;;;2024;637
2024;Non;75;Nouvelle-Aquitaine;64;Pyrénées-Atlantiques;200067106;Communauté d'agglomération du Pays Basque;6;Non;Oui;Non;2;Non;64256;Hasparren;Commune;216402560;64256;HASPARREN;Impôts et taxes;4498335.92;0.0;0.0;4498335.92;4.49833592;7835;574.133493299298;1;;;;2;;;;;;;2024;7835
2024;Non;75;Nouvelle-Aquitaine;64;Pyrénées-Atlantiques;246401756;Communauté de communes Pays de Nay;2;Oui;Oui;Non;1;Non;64257;Haut-de-Bosdarros;Commune;216402578;64257;HAUT-DE-BOSDARROS;Impôts et taxes;134446.86;0.0;0.0;134446.86;0.13444685999999997;336;400.13946428571427;1;;;;2;;;;;;;2024;336
2024;Non;75;Nouvelle-Aquitaine;64;Pyrénées-Atlantiques;200067106;Communauté d'agglomération du Pays Basque;0;Oui;Oui;Non;1;Non;64258;Haux;Commune;216402586;64258;HAUX;Impôts et taxes;62525.67;0.0;0.0;62525.67;0.06252566999999999;85;735.5961176470588;1;;;;2;;;;;;;2024;85
2024;Non;75;Nouvelle-Aquitaine;64;Pyrénées-Atlantiques;200067106;Communauté d'agglomération du Pays Basque;3;Oui;Oui;Non;1;Non;64259;Hélette;Commune;216402594;64259;HELETTE;Impôts et taxes;365913.28;0.0;0.0;365913.28;0.36591328;765;478.31801307189545;1;;;;2;;;;;;;2024;765
2024;Non;75;Nouvelle-Aquitaine;64;Pyrénées-Atlantiques;200067106;Communauté d'agglomération du Pays Basque;7;Non;Non;Oui;2;Non;64260;Hendaye;Commune;216402602;64260;HENDAYE;Impôts et taxes;18417281.59;0.0;0.0;18417281.59;18.417281589999998;18254;1008.9449758956941;1;;;;2;;;;;;;2024;18254
2024;Non;75;Nouvelle-Aquitaine;64;Pyrénées-Atlantiques;200067262;Communauté de communes du Haut Béarn;2;Oui;Non;Non;2;Non;64261;Herrère;Commune;216402610;64261;HERRERE;Impôts et taxes;136744.51;0.0;0.0;136744.51;0.13674451;395;346.1886329113924;1;;;;2;;;;;;;2024;395
2024;Non;75;Nouvelle-Aquitaine;64;Pyrénées-Atlantiques;200067296;Communauté de communes du Nord Est Béarn;2;Oui;Non;Non;2;Non;64262;Higuères-Souye;Commune;216402628;64262;HIGUERES-SOUYE;Impôts et taxes;148195.24;0.0;0.0;148195.24;0.14819523999999998;281;527.3851957295374;1;;;;2;;;;;;;2024;281
2024;Non;75;Nouvelle-Aquitaine;64;Pyrénées-Atlantiques;200067288;Communauté de communes du Béarn des Gaves;1;Oui;Non;Non;2;Non;64263;L'Hôpital-d'Orion;Commune;216402636;64263;HOPITAL-D'ORION L;Impôts et taxes;59771.96;0.0;0.0;59771.96;0.05977196;134;446.0594029850746;1;;;;2;;;;;;;2024;134
2024;Non;75;Nouvelle-Aquitaine;64;Pyrénées-Atlantiques;200067106;Communauté d'agglomération du Pays Basque;0;Oui;Oui;Non;1;Non;64264;L'Hôpital-Saint-Blaise;Commune;216402644;64264;HOPITAL-SAINT-BLAISE  - L';Impôts et taxes;55953.99;0.0;0.0;55953.99;0.055953989999999995;59;948.3727118644067;1;;;;2;;;;;;;2024;59
2024;Non;75;Nouvelle-Aquitaine;64;Pyrénées-Atlantiques;200067106;Communauté d'agglomération du Pays Basque;0;Oui;Oui;Non;0;Non;64265;Hosta;Commune;216402651;64265;HOSTA;Impôts et taxes;58008.32;0.0;0.0;58008.32;0.05800832;99;585.9426262626263;1;;;;2;;;;;;;2024;99
2024;Non;75;Nouvelle-Aquitaine;64;Pyrénées-Atlantiques;200067296;Communauté de communes du Nord Est Béarn;2;Oui;Non;Non;1;Non;64266;Hours;Commune;216402669;64266;HOURS;Impôts et taxes;99817.6;0.0;0.0;99817.6;0.0998176;239;417.6468619246862;1;;;;2;;;;;;;2024;239
2024;Non;75;Nouvelle-Aquitaine;64;Pyrénées-Atlantiques;200067106;Communauté d'agglomération du Pays Basque;0;Oui;Oui;Non;1;Non;64267;Ibarrolle;Commune;216402677;64267;IBARROLLE;Impôts et taxes;58883.77;0.0;0.0;58883.77;0.058883769999999995;73;806.6269863013698;1;;;;2;;;;;;;2024;73
2024;Non;75;Nouvelle-Aquitaine;64;Pyrénées-Atlantiques;200067106;Communauté d'agglomération du Pays Basque;2;Oui;Oui;Non;1;Non;64268;Idaux-Mendy;Commune;216402685;64268;IDAUX-MENDY;Impôts et taxes;110590.16;0.0;0.0;110590.16;0.11059016;280;394.96485714285717;1;;;;2;;;;;;;2024;280
2024;Non;75;Nouvelle-Aquitaine;64;Pyrénées-Atlantiques;200067254;Communauté d'agglomération Pau Béarn Pyrénées;6;Non;Non;Non;4;Non;64269;Idron;Commune;216402693;64269;IDRON;Impôts et taxes;3057096.59;0.0;0.0;3057096.59;3.05709659;5078;602.0276860968885;1;;;;2;;;;;;;2024;5078
2024;Non;75;Nouvelle-Aquitaine;64;Pyrénées-Atlantiques;246401756;Communauté de communes Pays de Nay;3;Non;Non;Non;2;Non;64270;Igon;Commune;216402701;64270;IGON;Impôts et taxes;498954.94;0.0;0.0;498954.94;0.49895494;1042;478.8435124760077;1;;;;2;;;;;;;2024;1042
2024;Non;75;Nouvelle-Aquitaine;64;Pyrénées-Atlantiques;200067106;Communauté d'agglomération du Pays Basque;3;Oui;Oui;Non;1;Non;64271;Iholdy;Commune;216402719;64271;IHOLDY;Impôts et taxes;284904.96;0.0;0.0;284904.96;0.28490496000000004;557;511.49903052064633;1;;;;2;;;;;;;2024;557
2024;Non;75;Nouvelle-Aquitaine;64;Pyrénées-Atlantiques;200067106;Communauté d'agglomération du Pays Basque;1;Oui;Non;Non;1;Non;64272;Ilharre;Commune;216402727;64272;ILHARRE;Impôts et taxes;96583.48;0.0;0.0;96583.48;0.09658348;149;648.2112751677852;1;;;;2;;;;;;;2024;149
2024;Non;75;Nouvelle-Aquitaine;64;Pyrénées-Atlantiques;200067106;Communauté d'agglomération du Pays Basque;3;Oui;Oui;Non;1;Non;64273;Irissarry;Commune;216402735;64273;IRISSARRY;Impôts et taxes;452485.08;0.0;0.0;452485.08;0.45248508000000004;943;479.8357158006363;1;;;;2;;;;;;;2024;943
2024;Non;75;Nouvelle-Aquitaine;64;Pyrénées-Atlantiques;200067106;Communauté d'agglomération du Pays Basque;2;Oui;Oui;Non;3;Non;64274;Irouléguy;Commune;216402743;64274;IROULEGUY;Impôts et taxes;192823.87;0.0;0.0;192823.87;0.19282387;371;519.7408894878706;1;;;;2;;;;;;;2024;371
2024;Non;75;Nouvelle-Aquitaine;64;Pyrénées-Atlantiques;200067106;Communauté d'agglomération du Pays Basque;3;Non;Oui;Non;1;Non;64275;Ispoure;Commune;216402750;64275;ISPOURE;Impôts et taxes;312255.05;0.0;0.0;312255.05;0.31225505;688;453.8590843023256;1;;;;2;;;;;;;2024;688
2024;Non;75;Nouvelle-Aquitaine;64;Pyrénées-Atlantiques;200067262;Communauté de communes du Haut Béarn;2;Oui;Oui;Non;1;Non;64276;Issor;Commune;216402768;64276;ISSOR;Impôts et taxes;202419.77;0.0;0.0;202419.77;0.20241977;243;833.0031687242798;1;;;;2;;;;;;;2024;243
2024;Non;75;Nouvelle-Aquitaine;64;Pyrénées-Atlantiques;200067106;Communauté d'agglomération du Pays Basque;3;Oui;Oui;Non;1;Non;64277;Isturits;Commune;216402776;64277;ISTURITS;Impôts et taxes;221497.1;0.0;0.0;221497.1;0.2214971;550;402.72200000000004;1;;;;2;;;;;;;2024;550
2024;Non;75;Nouvelle-Aquitaine;64;Pyrénées-Atlantiques;200067106;Communauté d'agglomération du Pays Basque;4;Oui;Oui;Non;2;Non;64279;Itxassou;Commune;216402792;64279;ITXASSOU;Impôts et taxes;1273006.56;0.0;0.0;1273006.56;1.27300656;2225;572.1377797752809;1;;;;2;;;;;;;2024;2225
2024;Non;75;Nouvelle-Aquitaine;64;Pyrénées-Atlantiques;246400337;Communauté de communes de la Vallée d'Ossau;2;Non;Oui;Non;1;Non;64280;Izeste;Commune;216402800;64280;IZESTE;Impôts et taxes;217302.24;0.0;0.0;217302.24;0.21730223999999998;440;493.86872727272726;1;;;;2;;;;;;;2024;440
2024;Non;75;Nouvelle-Aquitaine;64;Pyrénées-Atlantiques;200067288;Communauté de communes du Béarn des Gaves;1;Non;Non;Non;1;Non;64281;Jasses;Commune;216402818;64281;JASSES;Impôts et taxes;65054.61;0.0;0.0;65054.61;0.06505461;151;430.82523178807946;1;;;;2;;;;;;;2024;151
2024;Non;75;Nouvelle-Aquitaine;64;Pyrénées-Atlantiques;200067106;Communauté d'agglomération du Pays Basque;3;Non;Non;Non;2;Non;64282;Jatxou;Commune;216402826;64282;JATXOU;Impôts et taxes;382510.41;0.0;0.0;382510.41;0.38251040999999997;1280;298.8362578125;1;;;;2;;;;;;;2024;1280
2024;Non;75;Nouvelle-Aquitaine;64;Pyrénées-Atlantiques;200067106;Communauté d'agglomération du Pays Basque;2;Oui;Oui;Non;1;Non;64283;Jaxu;Commune;216402834;64283;JAXU;Impôts et taxes;85674.64;0.0;0.0;85674.64;0.08567464;207;413.8871497584541;1;;;;2;;;;;;;2024;207
2024;Non;75;Nouvelle-Aquitaine;64;Pyrénées-Atlantiques;200067254;Communauté d'agglomération Pau Béarn Pyrénées;6;Non;Non;Non;2;Non;64284;Jurançon;Commune;216402842;64284;JURANCON;Impôts et taxes;6031666.19;0.0;0.0;6031666.19;6.03166619;7301;826.1424722640735;1;;;;2;;;;;;;2024;7301
2024;Non;75;Nouvelle-Aquitaine;64;Pyrénées-Atlantiques;200067106;Communauté d'agglomération du Pays Basque;2;Oui;Oui;Non;1;Non;64285;Juxue;Commune;216402859;64285;JUXUE;Impôts et taxes;79234.45;0.0;0.0;79234.45;0.07923445;209;379.1122009569378;1;;;;2;;;;;;;2024;209
2024;Non;75;Nouvelle-Aquitaine;64;Pyrénées-Atlantiques;200039204;Communauté de communes de Lacq-Orthez;2;Oui;Non;Non;2;Non;64286;Laà-Mondrans;Commune;216402867;64286;LAA-MONDRANS;Impôts et taxes;232092.03;0.0;0.0;232092.03;0.23209203;452;513.4779424778761;1;;;;2;;;;;;;2024;452
2024;Non;75;Nouvelle-Aquitaine;64;Pyrénées-Atlantiques;200067288;Communauté de communes du Béarn des Gaves;1;Oui;Non;Non;1;Non;64287;Laàs;Commune;216402875;64287;LAAS;Impôts et taxes;100191.78;0.0;0.0;100191.78;0.10019178;141;710.58;1;;;;2;;;;;;;2024;141
2024;Non;75;Nouvelle-Aquitaine;64;Pyrénées-Atlantiques;200039204;Communauté de communes de Lacq-Orthez;3;Oui;Non;Non;2;Non;64288;Labastide-Cézéracq;Commune;216402883;64288;LABASTIDE-CEZERACQ;Impôts et taxes;346556.57;0.0;0.0;346556.57;0.34655657;591;586.3901353637903;1;;;;2;;;;;;;2024;591
2024;Non;75;Nouvelle-Aquitaine;64;Pyrénées-Atlantiques;200067106;Communauté d'agglomération du Pays Basque;3;Oui;Oui;Oui;1;Non;64289;La Bastide-Clairence;Commune;216402891;64289;BASTIDE-CLAIRENCE LA;Impôts et taxes;550693.05;0.0;0.0;550693.05;0.55069305;999;551.2442942942944;1;;;;2;;;;;;;2024;999
2024;Non;75;Nouvelle-Aquitaine;64;Pyrénées-Atlantiques;200039204;Communauté de communes de Lacq-Orthez;3;Oui;Non;Non;2;Non;64290;Labastide-Monréjeau;Commune;216402909;64290;LABASTIDE-MONREJEAU;Impôts et taxes;309131.97;0.0;0.0;309131.97;0.30913197;612;505.11759803921564;1;;;;2;;;;;;;2024;612
2024;Non;75;Nouvelle-Aquitaine;64;Pyrénées-Atlantiques;200067288;Communauté de communes du Béarn des Gaves;2;Oui;Non;Non;1;Non;64291;Labastide-Villefranche;Commune;216402917;64291;LABASTIDE-VILLEFRANCHE;Impôts et taxes;197575.92;0.0;0.0;197575.92;0.19757592000000002;327;604.2077064220184;1;;;;2;;;;;;;2024;327
2024;Non;75;Nouvelle-Aquitaine;64;Pyrénées-Atlantiques;246401756;Communauté de communes Pays de Nay;2;Non;Non;Non;1;Non;64292;Labatmale;Commune;216402925;64292;LABATMALE;Impôts et taxes;91708.69;0.0;0.0;91708.69;0.09170869;262;350.0331679389313;1;;;;2;;;;;;;2024;262
2024;Non;75;Nouvelle-Aquitaine;64;Pyrénées-Atlantiques;200072106;Communauté de communes Adour Madiran;1;Oui;Non;Non;2;Non;64293;Labatut-Figuières;Commune;216402933;64293;LABATUT;Impôts et taxes;56058.45;0.0;0.0;56058.45;0.056058449999999996;171;327.8271929824561;1;;;;2;;;;;;;2024;171
2024;Non;75;Nouvelle-Aquitaine;64;Pyrénées-Atlantiques;200067106;Communauté d'agglomération du Pays Basque;1;Oui;Non;Non;0;Non;64294;Labets-Biscay;Commune;216402941;64294;LABETS-BISCAY;Impôts et taxes;71701.22;0.0;0.0;71701.22;0.07170122;151;474.8425165562914;1;;;;2;;;;;;;2024;151
2024;Non;75;Nouvelle-Aquitaine;64;Pyrénées-Atlantiques;200039204;Communauté de communes de Lacq-Orthez;1;Oui;Non;Non;1;Non;64295;Labeyrie;Commune;216402958;64295;LABEYRIE;Impôts et taxes;76514.06;0.0;0.0;76514.06;0.07651406;112;683.16125;1;;;;2;;;;;;;2024;112
2024;Non;75;Nouvelle-Aquitaine;64;Pyrénées-Atlantiques;200039204;Communauté de communes de Lacq-Orthez;1;Oui;Non;Non;1;Non;64296;Lacadée;Commune;216402966;64296;LACADEE;Impôts et taxes;89710.06;0.0;0.0;89710.06;0.08971006;151;594.106357615894;1;;;;2;;;;;;;2024;151
2024;Non;75;Nouvelle-Aquitaine;64;Pyrénées-Atlantiques;200067106;Communauté d'agglomération du Pays Basque;1;Oui;Oui;Non;0;Non;64297;Lacarre;Commune;216402974;64297;LACARRE;Impôts et taxes;92634.72;0.0;0.0;92634.72;0.09263472;182;508.981978021978;1;;;;2;;;;;;;2024;182
2024;Non;75;Nouvelle-Aquitaine;64;Pyrénées-Atlantiques;200067106;Communauté d'agglomération du Pays Basque;1;Oui;Oui;Non;1;Non;64298;Lacarry-Arhan-Charritte-de-Haut;Commune;216402982;64298;LACARRY-ARHAN-CHARRITTE-DE-HAUT;Impôts et taxes;116023.67;0.0;0.0;116023.67;0.11602367;126;920.8227777777778;1;;;;2;;;;;;;2024;126
2024;Non;75;Nouvelle-Aquitaine;64;Pyrénées-Atlantiques;200039204;Communauté de communes de Lacq-Orthez;1;Oui;Non;Non;2;Non;64299;Lacommande;Commune;216402990;64299;LACOMMANDE;Impôts et taxes;72130.86;0.0;0.0;72130.86;0.07213086;185;389.89654054054057;1;;;;2;;;;;;;2024;185
2024;Non;75;Nouvelle-Aquitaine;64;Pyrénées-Atlantiques;200039204;Communauté de communes de Lacq-Orthez;3;Non;Non;Non;2;Non;64301;Lagor;Commune;216403014;64301;LAGOR;Impôts et taxes;567608.21;0.0;0.0;567608.21;0.56760821;1162;488.4752237521514;1;;;;2;;;;;;;2024;1162
2024;Non;75;Nouvelle-Aquitaine;64;Pyrénées-Atlantiques;246401756;Communauté de communes Pays de Nay;2;Non;Non;Non;2;Non;64302;Lagos;Commune;216403022;64302;LAGOS;Impôts et taxes;225901.09;0.0;0.0;225901.09;0.22590109;473;477.59215644820296;1;;;;2;;;;;;;2024;473
2024;Non;75;Nouvelle-Aquitaine;64;Pyrénées-Atlantiques;200067106;Communauté d'agglomération du Pays Basque;1;Oui;Oui;Non;1;Non;64303;Laguinge-Restoue;Commune;216403030;64303;LAGUINGE-RESTOUE;Impôts et taxes;90943.79;0.0;0.0;90943.79;0.09094379;160;568.3986874999999;1;;;;2;;;;;;;2024;160
2024;Non;75;Nouvelle-Aquitaine;64;Pyrénées-Atlantiques;200067106;Communauté d'agglomération du Pays Basque;4;Non;Non;Non;2;Non;64304;Lahonce;Commune;216403048;64304;LAHONCE;Impôts et taxes;1642881.21;0.0;0.0;1642881.21;1.6428812099999999;2740;599.5916824817518;1;;;;2;;;;;;;2024;2740
2024;Non;75;Nouvelle-Aquitaine;64;Pyrénées-Atlantiques;200067288;Communauté de communes du Béarn des Gaves;3;Oui;Non;Non;1;Non;64305;Lahontan;Commune;216403055;64305;LAHONTAN;Impôts et taxes;404341.75;0.0;0.0;404341.75;0.40434175;537;752.9641527001862;1;;;;2;;;;;;;2024;537
2024;Non;75;Nouvelle-Aquitaine;64;Pyrénées-Atlantiques;200039204;Communauté de communes de Lacq-Orthez;3;Oui;Non;Non;2;Non;64306;Lahourcade;Commune;216403063;64306;LAHOURCADE;Impôts et taxes;353736.71;0.0;0.0;353736.71;0.35373671;721;490.6195700416089;1;;;;2;;;;;;;2024;721
2024;Non;75;Nouvelle-Aquitaine;64;Pyrénées-Atlantiques;200067296;Communauté de communes du Nord Est Béarn;2;Oui;Non;Non;1;Non;64307;Lalongue;Commune;216403071;64307;LALONGUE;Impôts et taxes;69388.78;0.0;0.0;69388.78;0.06938878;205;338.4818536585366;1;;;;2;;;;;;;2024;205
2024;Non;75;Nouvelle-Aquitaine;64;Pyrénées-Atlantiques;200067239;Communauté de communes des Luys en Béarn;2;Oui;Non;Non;2;Non;64308;Lalonquette;Commune;216403089;64308;LALONQUETTE;Impôts et taxes;101544.55;0.0;0.0;101544.55;0.10154455;262;387.5746183206107;1;;;;2;;;;;;;2024;262
2024;Non;75;Nouvelle-Aquitaine;64;Pyrénées-Atlantiques;200072106;Communauté de communes Adour Madiran;2;Oui;Non;Non;2;Non;64309;Lamayou;Commune;216403097;64309;LAMAYOU;Impôts et taxes;73108.55;0.0;0.0;73108.55;0.07310855000000001;213;343.2326291079812;1;;;;2;;;;;;;2024;213
2024;Non;75;Nouvelle-Aquitaine;64;Pyrénées-Atlantiques;200067262;Communauté de communes du Haut Béarn;2;Oui;Oui;Non;1;Non;64310;Lanne-en-Barétous;Commune;216403105;64310;LANNE-EN-BARETOUS;Impôts et taxes;252576.3;0.0;0.0;252576.3;0.2525763;495;510.2551515151515;1;;;;2;;;;;;;2024;495
2024;Non;75;Nouvelle-Aquitaine;64;Pyrénées-Atlantiques;200039204;Communauté de communes de Lacq-Orthez;2;Oui;Non;Non;2;Non;64312;Lanneplaà;Commune;216403121;64312;LANNEPLAA;Impôts et taxes;118265.73;0.0;0.0;118265.73;0.11826573;313;377.84578274760383;1;;;;2;;;;;;;2024;313
2024;Non;75;Nouvelle-Aquitaine;64;Pyrénées-Atlantiques;200067106;Communauté d'agglomération du Pays Basque;2;Oui;Oui;Non;1;Non;64313;Lantabat;Commune;216403139;64313;LANTABAT;Impôts et taxes;107917.21;0.0;0.0;107917.21;0.10791721;283;381.33289752650177;1;;;;2;;;;;;;2024;283
2024;Non;75;Nouvelle-Aquitaine;64;Pyrénées-Atlantiques;200067106;Communauté d'agglomération du Pays Basque;2;Oui;Oui;Non;1;Non;64314;Larceveau-Arros-Cibits;Commune;216403147;64314;LARCEVEAU-ARROS-CIBITS;Impôts et taxes;376537.82;0.0;0.0;376537.82;0.37653782;448;840.4862053571429;1;;;;2;;;;;;;2024;448
2024;Non;75;Nouvelle-Aquitaine;64;Pyrénées-Atlantiques;200067254;Communauté d'agglomération Pau Béarn Pyrénées;3;Non;Non;Non;2;Non;64315;Laroin;Commune;216403154;64315;LAROIN;Impôts et taxes;624933.2;0.0;0.0;624933.2;0.6249332;1089;573.8596877869604;1;;;;2;;;;;;;2024;1089
2024;Non;75;Nouvelle-Aquitaine;64;Pyrénées-Atlantiques;200067106;Communauté d'agglomération du Pays Basque;1;Oui;Oui;Non;0;Non;64316;Larrau;Commune;216403162;64316;LARRAU;Impôts et taxes;309623.14;0.0;0.0;309623.14;0.30962314;194;1595.9955670103093;1;;;;2;;;;;;;2024;194
2024;Non;75;Nouvelle-Aquitaine;64;Pyrénées-Atlantiques;200067106;Communauté d'agglomération du Pays Basque;4;Non;Non;Non;2;Non;64317;Larressore;Commune;216403170;64317;LARRESSORE;Impôts et taxes;793240.19;0.0;0.0;793240.19;0.7932401899999999;2177;364.3730776297657;1;;;;2;;;;;;;2024;2177
2024;Non;75;Nouvelle-Aquitaine;64;Pyrénées-Atlantiques;200067239;Communauté de communes des Luys en Béarn;1;Oui;Non;Non;1;Non;64318;Larreule;Commune;216403188;64318;LARREULE;Impôts et taxes;72911.73;0.0;0.0;72911.73;0.07291173;191;381.7368062827225;1;;;;2;;;;;;;2024;191
2024;Non;75;Nouvelle-Aquitaine;64;Pyrénées-Atlantiques;200067106;Communauté d'agglomération du Pays Basque;1;Oui;Oui;Non;1;Non;64319;Larribar-Sorhapuru;Commune;216403196;64319;LARRIBAR-SORHAPURU;Impôts et taxes;69423.86;0.0;0.0;69423.86;0.06942386;187;371.2505882352941;1;;;;2;;;;;;;2024;187
2024;Non;75;Nouvelle-Aquitaine;64;Pyrénées-Atlantiques;246400337;Communauté de communes de la Vallée d'Ossau;3;Oui;Oui;Oui;2;Non;64320;Laruns;Commune;216403204;64320;LARUNS;Impôts et taxes;3909308.09;0.0;0.0;3909308.09;3.9093080899999997;1200;3257.7567416666666;1;;;;2;;;;;;;2024;1200
2024;Non;75;Nouvelle-Aquitaine;64;Pyrénées-Atlantiques;200067239;Communauté de communes des Luys en Béarn;2;Oui;Non;Non;1;Non;64321;Lasclaveries;Commune;216403212;64321;LASCLAVERIES;Impôts et taxes;142427.14;0.0;0.0;142427.14;0.14242714;248;574.3029838709678;1;;;;2;;;;;;;2024;248
2024;Non;75;Nouvelle-Aquitaine;64;Pyrénées-Atlantiques;200067106;Communauté d'agglomération du Pays Basque;2;Non;Oui;Non;2;Non;64322;Lasse;Commune;216403220;64322;LASSE;Impôts et taxes;169480.95;0.0;0.0;169480.95;0.16948095000000002;342;495.5583333333334;1;;;;2;;;;;;;2024;342
2024;Non;75;Nouvelle-Aquitaine;64;Pyrénées-Atlantiques;200067296;Communauté de communes du Nord Est Béarn;1;Oui;Non;Non;0;Non;64323;Lasserre;Commune;216403238;64323;LASSERRE;Impôts et taxes;58110.28;0.0;0.0;58110.28;0.05811028;116;500.9506896551724;1;;;;2;;;;;;;2024;116
2024;Non;75;Nouvelle-Aquitaine;64;Pyrénées-Atlantiques;200067262;Communauté de communes du Haut Béarn;3;Oui;Oui;Non;2;Non;64324;Lasseube;Commune;216403246;64324;LASSEUBE;Impôts et taxes;887865.14;0.0;0.0;887865.14;0.88786514;1794;494.908104793757;1;;;;2;;;;;;;2024;1794
2024;Non;75;Nouvelle-Aquitaine;64;Pyrénées-Atlantiques;200067262;Communauté de communes du Haut Béarn;2;Oui;Oui;Non;1;Non;64325;Lasseubetat;Commune;216403253;64325;LASSEUBETAT;Impôts et taxes;81319.04;0.0;0.0;81319.04;0.08131904;212;383.5803773584905;1;;;;2;;;;;;;2024;212
2024;Non;75;Nouvelle-Aquitaine;64;Pyrénées-Atlantiques;200067288;Communauté de communes du Béarn des Gaves;1;Oui;Non;Non;1;Non;64326;Lay-Lamidou;Commune;216403261;64326;LAY-LAMIDOU;Impôts et taxes;67537.36;0.0;0.0;67537.36;0.06753736;124;544.656129032258;1;;;;2;;;;;;;2024;124
2024;Non;75;Nouvelle-Aquitaine;64;Pyrénées-Atlantiques;200067106;Communauté d'agglomération du Pays Basque;1;Oui;Oui;Non;2;Non;64327;Lecumberry;Commune;216403279;64327;LECUMBERRY;Impôts et taxes;74907.8;0.0;0.0;74907.8;0.0749078;178;420.8303370786517;1;;;;2;;;;;;;2024;178
2024;Non;75;Nouvelle-Aquitaine;64;Pyrénées-Atlantiques;200067262;Communauté de communes du Haut Béarn;3;Non;Non;Non;2;Non;64328;Ledeuix;Commune;216403287;64328;LEDEUIX;Impôts et taxes;440867.38;0.0;0.0;440867.38;0.44086738000000003;1058;416.69884688090735;1;;;;2;;;;;;;2024;1058
2024;Non;75;Nouvelle-Aquitaine;64;Pyrénées-Atlantiques;200067262;Communauté de communes du Haut Béarn;2;Oui;Oui;Non;1;Non;64330;Lées-Athas;Commune;216403303;64330;LEES-ATHAS;Impôts et taxes;153307.49;0.0;0.0;153307.49;0.15330749;247;620.6780971659919;1;;;;2;;;;;;;2024;247
2024;Non;75;Nouvelle-Aquitaine;64;Pyrénées-Atlantiques;200067296;Communauté de communes du Nord Est Béarn;3;Oui;Non;Non;1;Non;64331;Lembeye;Commune;216403311;64331;LEMBEYE;Impôts et taxes;467541.65;0.0;0.0;467541.65;0.46754165000000003;787;594.080876747141;1;;;;2;;;;;;;2024;787
2024;Non;75;Nouvelle-Aquitaine;64;Pyrénées-Atlantiques;200067239;Communauté de communes des Luys en Béarn;1;Oui;Non;Non;1;Non;64332;Lème;Commune;216403329;64332;LEME;Impôts et taxes;68153.57;0.0;0.0;68153.57;0.06815357000000001;173;393.9512716763006;1;;;;2;;;;;;;2024;173
2024;Non;75;Nouvelle-Aquitaine;64;Pyrénées-Atlantiques;200067288;Communauté de communes du Béarn des Gaves;2;Oui;Non;Non;2;Non;64334;Léren;Commune;216403345;64334;LEREN;Impôts et taxes;104169.42;0.0;0.0;104169.42;0.10416942;216;482.2658333333333;1;;;;2;;;;;;;2024;216
2024;Non;75;Nouvelle-Aquitaine;64;Pyrénées-Atlantiques;200067254;Communauté d'agglomération Pau Béarn Pyrénées;6;Non;Non;Non;2;Non;64335;Lescar;Commune;216403352;64335;LESCAR;Impôts et taxes;12982464.04;0.0;0.0;12982464.04;12.98246404;9947;1305.1637719915552;1;;;;2;;;;;;;2024;9947
2024;Non;75;Nouvelle-Aquitaine;64;Pyrénées-Atlantiques;200067262;Communauté de communes du Haut Béarn;1;Oui;Oui;Non;1;Non;64336;Lescun;Commune;216403360;64336;LESCUN;Impôts et taxes;318216.02;0.0;0.0;318216.02;0.31821602000000004;172;1850.093139534884;1;;;;2;;;;;;;2024;172
2024;Non;75;Nouvelle-Aquitaine;64;Pyrénées-Atlantiques;200067296;Communauté de communes du Nord Est Béarn;1;Oui;Non;Non;1;Non;64337;Lespielle;Commune;216403378;64337;LESPIELLE;Impôts et taxes;50208.96;0.0;0.0;50208.96;0.05020896;155;323.9287741935484;1;;;;2;;;;;;;2024;155
2024;Non;75;Nouvelle-Aquitaine;64;Pyrénées-Atlantiques;200067296;Communauté de communes du Nord Est Béarn;1;Oui;Non;Non;1;Non;64338;Lespourcy;Commune;216403386;64338;LESPOURCY;Impôts et taxes;63583.34;0.0;0.0;63583.34;0.06358334;195;326.06841025641023;1;;;;2;;;;;;;2024;195
2024;Non;75;Nouvelle-Aquitaine;64;Pyrénées-Atlantiques;246401756;Communauté de communes Pays de Nay;3;Oui;Oui;Oui;1;Non;64339;Lestelle-Bétharram;Commune;216403394;64339;LESTELLE-BETHARRAM;Impôts et taxes;371547.54;0.0;0.0;371547.54;0.37154753999999995;871;426.5758208955224;1;;;;2;;;;;;;2024;871
2024;Non;75;Nouvelle-Aquitaine;64;Pyrénées-Atlantiques;200067106;Communauté d'agglomération du Pays Basque;0;Oui;Oui;Non;1;Non;64340;Lichans-Sunhar;Commune;216403402;64340;LICHANS-SUNHAR;Impôts et taxes;54363.94;0.0;0.0;54363.94;0.05436394;86;632.1388372093023;1;;;;2;;;;;;;2024;86
2024;Non;75;Nouvelle-Aquitaine;64;Pyrénées-Atlantiques;200067106;Communauté d'agglomération du Pays Basque;1;Non;Non;Non;1;Non;64341;Lichos;Commune;216403410;64341;LICHOS;Impôts et taxes;52881.01;0.0;0.0;52881.01;0.05288101;138;383.19572463768117;1;;;;2;;;;;;;2024;138
2024;Non;75;Nouvelle-Aquitaine;64;Pyrénées-Atlantiques;200067106;Communauté d'agglomération du Pays Basque;2;Oui;Oui;Non;2;Non;64342;Licq-Athérey;Commune;216403428;64342;LICQ-ATHEREY;Impôts et taxes;250001.63;0.0;0.0;250001.63;0.25000163000000003;203;1231.5351231527093;1;;;;2;;;;;;;2024;203
2024;Non;75;Nouvelle-Aquitaine;64;Pyrénées-Atlantiques;200067296;Communauté de communes du Nord Est Béarn;3;Non;Non;Non;1;Non;64343;Limendous;Commune;216403436;64343;LIMENDOUS;Impôts et taxes;226193.47;0.0;0.0;226193.47;0.22619347;730;309.8540684931507;1;;;;2;;;;;;;2024;730
2024;Non;75;Nouvelle-Aquitaine;64;Pyrénées-Atlantiques;200067296;Communauté de communes du Nord Est Béarn;2;Non;Non;Non;1;Non;64344;Livron;Commune;216403444;64344;LIVRON;Impôts et taxes;161241.5;0.0;0.0;161241.5;0.1612415;384;419.8997395833333;1;;;;2;;;;;;;2024;384
2024;Non;75;Nouvelle-Aquitaine;64;Pyrénées-Atlantiques;200067106;Communauté d'agglomération du Pays Basque;2;Oui;Oui;Non;1;Non;64345;Lohitzun-Oyhercq;Commune;216403451;64345;LOHITZUN-OYHERCQ;Impôts et taxes;92308.65;0.0;0.0;92308.65;0.09230864999999999;202;456.9735148514851;1;;;;2;;;;;;;2024;202
2024;Non;75;Nouvelle-Aquitaine;64;Pyrénées-Atlantiques;200067296;Communauté de communes du Nord Est Béarn;2;Oui;Non;Non;2;Non;64346;Lombia;Commune;216403469;64346;LOMBIA;Impôts et taxes;102953.11;0.0;0.0;102953.11;0.10295311;209;492.5986124401914;1;;;;2;;;;;;;2024;209
2024;Non;75;Nouvelle-Aquitaine;64;Pyrénées-Atlantiques;200067239;Communauté de communes des Luys en Béarn;2;Oui;Non;Non;1;Non;64347;Lonçon;Commune;216403477;64347;LONCON;Impôts et taxes;52564.4;0.0;0.0;52564.4;0.052564400000000004;221;237.84796380090498;1;;;;2;;;;;;;2024;221
2024;Non;75;Nouvelle-Aquitaine;64;Pyrénées-Atlantiques;200067254;Communauté d'agglomération Pau Béarn Pyrénées;7;Non;Non;Non;2;Non;64348;Lons;Commune;216403485;64348;LONS;Impôts et taxes;15231056.6;0.0;0.0;15231056.6;15.2310566;14188;1073.5168170284746;1;;;;2;;;;;;;2024;14188
2024;Non;75;Nouvelle-Aquitaine;64;Pyrénées-Atlantiques;200067106;Communauté d'agglomération du Pays Basque;3;Oui;Oui;Non;2;Non;64350;Louhossoa;Commune;216403501;64350;LOUHOSSOA;Impôts et taxes;370884.73;0.0;0.0;370884.73;0.37088473;876;423.38439497716894;1;;;;2;;;;;;;2024;876
2024;Non;75;Nouvelle-Aquitaine;64;Pyrénées-Atlantiques;200067262;Communauté de communes du Haut Béarn;1;Oui;Oui;Non;0;Non;64351;Lourdios-Ichère;Commune;216403519;64351;LOURDIOS-ICHERE;Impôts et taxes;71915.02;0.0;0.0;71915.02;0.07191502000000001;138;521.1233333333333;1;;;;2;;;;;;;2024;138
2024;Non;75;Nouvelle-Aquitaine;64;Pyrénées-Atlantiques;200067296;Communauté de communes du Nord Est Béarn;2;Oui;Non;Non;2;Non;64352;Lourenties;Commune;216403527;64352;LOURENTIES;Impôts et taxes;127540.03;0.0;0.0;127540.03;0.12754003;420;303.6667380952381;1;;;;2;;;;;;;2024;420
2024;Non;75;Nouvelle-Aquitaine;64;Pyrénées-Atlantiques;246400337;Communauté de communes de la Vallée d'Ossau;3;Non;Oui;Non;1;Non;64353;Louvie-Juzon;Commune;216403535;64353;LOUVIE-JUZON;Impôts et taxes;577345.5;0.0;0.0;577345.5;0.5773455;1103;523.4320036264733;1;;;;2;;;;;;;2024;1103
2024;Non;75;Nouvelle-Aquitaine;64;Pyrénées-Atlantiques;246400337;Communauté de communes de la Vallée d'Ossau;1;Oui;Oui;Non;1;Non;64354;Louvie-Soubiron;Commune;216403543;64354;LOUVIE-SOUBIRON;Impôts et taxes;217715.85;0.0;0.0;217715.85;0.21771585000000002;131;1661.9530534351145;1;;;;2;;;;;;;2024;131
2024;Non;75;Nouvelle-Aquitaine;64;Pyrénées-Atlantiques;200067239;Communauté de communes des Luys en Béarn;1;Oui;Non;Non;1;Non;64355;Louvigny;Commune;216403550;64355;LOUVIGNY;Impôts et taxes;42424.35;0.0;0.0;42424.35;0.04242435;139;305.2111510791367;1;;;;2;;;;;;;2024;139
2024;Non;75;Nouvelle-Aquitaine;64;Pyrénées-Atlantiques;200067296;Communauté de communes du Nord Est Béarn;1;Oui;Non;Non;1;Non;64356;Luc-Armau;Commune;216403568;64356;LUC-ARMAU;Impôts et taxes;48761.43;0.0;0.0;48761.43;0.04876143;110;443.2857272727273;1;;;;2;;;;;;;2024;110
2024;Non;75;Nouvelle-Aquitaine;64;Pyrénées-Atlantiques;200067296;Communauté de communes du Nord Est Béarn;0;Oui;Non;Non;1;Non;64357;Lucarré;Commune;216403576;64357;LUCARRE;Impôts et taxes;50484.65;0.0;0.0;50484.65;0.05048465;62;814.2685483870968;1;;;;2;;;;;;;2024;62
2024;Non;75;Nouvelle-Aquitaine;64;Pyrénées-Atlantiques;200067296;Communauté de communes du Nord Est Béarn;2;Oui;Non;Non;2;Non;64358;Lucgarier;Commune;216403584;64358;LUCGARIER;Impôts et taxes;124964.77;0.0;0.0;124964.77;0.12496477;260;480.6337307692308;1;;;;2;;;;;;;2024;260
2024;Non;75;Nouvelle-Aquitaine;64;Pyrénées-Atlantiques;200039204;Communauté de communes de Lacq-Orthez;3;Oui;Oui;Non;1;Non;64359;Lucq-de-Béarn;Commune;216403592;64359;LUCQ-DE-BEARN;Impôts et taxes;286511.72;0.0;0.0;286511.72;0.28651171999999997;955;300.01227225130884;1;;;;2;;;;;;;2024;955
2024;Non;75;Nouvelle-Aquitaine;64;Pyrénées-Atlantiques;200067262;Communauté de communes du Haut Béarn;2;Oui;Oui;Non;1;Non;64360;Lurbe-Saint-Christau;Commune;216403600;64360;LURBE-SAINT-CHRISTAU;Impôts et taxes;135717.64;0.0;0.0;135717.64;0.13571764;208;652.488653846154;1;;;;2;;;;;;;2024;208
2024;Non;75;Nouvelle-Aquitaine;64;Pyrénées-Atlantiques;200067296;Communauté de communes du Nord Est Béarn;1;Oui;Non;Non;1;Non;64361;Lussagnet-Lusson;Commune;216403618;64361;LUSSAGNET-LUSSON;Impôts et taxes;71541.74;0.0;0.0;71541.74;0.07154174;189;378.5277248677249;1;;;;2;;;;;;;2024;189
2024;Non;75;Nouvelle-Aquitaine;64;Pyrénées-Atlantiques;200067106;Communauté d'agglomération du Pays Basque;2;Oui;Non;Non;1;Non;64362;Luxe-Sumberraute;Commune;216403626;64362;LUXE-SUMBERRAUTE;Impôts et taxes;75621.9;0.0;0.0;75621.9;0.07562189999999999;438;172.6527397260274;1;;;;2;;;;;;;2024;438
2024;Non;75;Nouvelle-Aquitaine;64;Pyrénées-Atlantiques;246400337;Communauté de communes de la Vallée d'Ossau;2;Oui;Oui;Non;1;Non;64363;Lys;Commune;216403634;64363;LYS;Impôts et taxes;118586.86;0.0;0.0;118586.86;0.11858686;326;363.76337423312884;1;;;;2;;;;;;;2024;326
2024;Non;75;Nouvelle-Aquitaine;64;Pyrénées-Atlantiques;200067106;Communauté d'agglomération du Pays Basque;3;Oui;Oui;Non;1;Non;64364;Macaye;Commune;216403642;64364;MACAYE;Impôts et taxes;377335.09;0.0;0.0;377335.09;0.37733509000000004;608;620.6169243421053;1;;;;2;;;;;;;2024;608
2024;Non;75;Nouvelle-Aquitaine;64;Pyrénées-Atlantiques;200067239;Communauté de communes des Luys en Béarn;2;Oui;Non;Non;1;Non;64365;Malaussanne;Commune;216403659;64365;MALAUSSANNE;Impôts et taxes;147395.35;0.0;0.0;147395.35;0.14739535;440;334.98943181818186;1;;;;2;;;;;;;2024;440
2024;Non;75;Nouvelle-Aquitaine;64;Pyrénées-Atlantiques;200067239;Communauté de communes des Luys en Béarn;1;Oui;Non;Non;1;Non;64366;Mascaraàs-Haron;Commune;216403667;64366;MASCARAAS-HARON;Impôts et taxes;73520.82;0.0;0.0;73520.82;0.07352082;117;628.3830769230769;1;;;;2;;;;;;;2024;117
2024;Non;75;Nouvelle-Aquitaine;64;Pyrénées-Atlantiques;200039204;Communauté de communes de Lacq-Orthez;3;Oui;Non;Non;2;Non;64367;Maslacq;Commune;216403675;64367;MASLACQ;Impôts et taxes;431162.13;0.0;0.0;431162.13;0.43116213000000003;914;471.7309956236324;1;;;;2;;;;;;;2024;914
2024;Non;75;Nouvelle-Aquitaine;64;Pyrénées-Atlantiques;200067106;Communauté d'agglomération du Pays Basque;2;Oui;Non;Non;1;Non;64368;Masparraute;Commune;216403683;64368;MASPARRAUTE;Impôts et taxes;90690.41;0.0;0.0;90690.41;0.09069041;269;337.1390706319703;1;;;;2;;;;;;;2024;269
2024;Non;75;Nouvelle-Aquitaine;64;Pyrénées-Atlantiques;200067296;Communauté de communes du Nord Est Béarn;2;Oui;Non;Non;1;Non;64369;Maspie-Lalonquère-Juillacq;Commune;216403691;64369;MASPIE-LALONQUERE-JUILLACQ;Impôts et taxes;111741.64;0.0;0.0;111741.64;0.11174164;252;443.4192063492063;1;;;;2;;;;;;;2024;252
2024;Non;75;Nouvelle-Aquitaine;64;Pyrénées-Atlantiques;200067296;Communauté de communes du Nord Est Béarn;3;Non;Non;Non;4;Non;64370;Maucor;Commune;216403709;64370;MAUCOR;Impôts et taxes;202381.67;0.0;0.0;202381.67;0.20238167;578;350.1412975778547;1;;;;2;;;;;;;2024;578
2024;Non;75;Nouvelle-Aquitaine;64;Pyrénées-Atlantiques;200067106;Communauté d'agglomération du Pays Basque;4;Non;Oui;Non;1;Non;64371;Mauléon-Licharre;Commune;216403717;64371;MAULEON-LICHARRE;Impôts et taxes;2187876.55;0.0;0.0;2187876.55;2.18787655;3189;686.0697867670116;1;;;;2;;;;;;;2024;3189
2024;Non;75;Nouvelle-Aquitaine;64;Pyrénées-Atlantiques;200072106;Communauté de communes Adour Madiran;0;Oui;Non;Non;2;Non;64372;Maure;Commune;216403725;64372;MAURE;Impôts et taxes;40651.33;0.0;0.0;40651.33;0.04065133;89;456.7565168539326;1;;;;2;;;;;;;2024;89
2024;Non;75;Nouvelle-Aquitaine;64;Pyrénées-Atlantiques;200067254;Communauté d'agglomération Pau Béarn Pyrénées;3;Non;Non;Non;2;Non;64373;Mazères-Lezons;Commune;216403733;64373;MAZERES-LEZONS;Impôts et taxes;1086300.69;0.0;0.0;1086300.69;1.0863006899999998;1861;583.7188017195056;1;;;;2;;;;;;;2024;1861
2024;Non;75;Nouvelle-Aquitaine;64;Pyrénées-Atlantiques;200067239;Communauté de communes des Luys en Béarn;3;Oui;Non;Non;2;Non;64374;Mazerolles;Commune;216403741;64374;MAZEROLLES;Impôts et taxes;463820.1;0.0;0.0;463820.1;0.46382009999999996;1196;387.8094481605351;1;;;;2;;;;;;;2024;1196
2024;Non;75;Nouvelle-Aquitaine;64;Pyrénées-Atlantiques;200067106;Communauté d'agglomération du Pays Basque;2;Oui;Oui;Non;1;Non;64375;Méharin;Commune;216403758;64375;MEHARIN;Impôts et taxes;109696.02;0.0;0.0;109696.02;0.10969602;288;380.88895833333333;1;;;;2;;;;;;;2024;288
2024;Non;75;Nouvelle-Aquitaine;64;Pyrénées-Atlantiques;200067254;Communauté d'agglomération Pau Béarn Pyrénées;3;Non;Non;Non;2;Non;64376;Meillon;Commune;216403766;64376;MEILLON;Impôts et taxes;485645.88;0.0;0.0;485645.88;0.48564588000000003;969;501.1825386996904;1;;;;2;;;;;;;2024;969
2024;Non;75;Nouvelle-Aquitaine;64;Pyrénées-Atlantiques;200067106;Communauté d'agglomération du Pays Basque;3;Oui;Oui;Non;1;Non;64377;Mendionde;Commune;216403774;64377;MENDIONDE;Impôts et taxes;401109.96;0.0;0.0;401109.96;0.40110996000000004;868;462.1082488479263;1;;;;2;;;;;;;2024;868
2024;Non;75;Nouvelle-Aquitaine;64;Pyrénées-Atlantiques;200067106;Communauté d'agglomération du Pays Basque;2;Oui;Oui;Non;0;Non;64378;Menditte;Commune;216403782;64378;MENDITTE;Impôts et taxes;81549.79;0.0;0.0;81549.79;0.08154979;332;245.63189759036143;1;;;;2;;;;;;;2024;332
2024;Non;75;Nouvelle-Aquitaine;64;Pyrénées-Atlantiques;200067106;Communauté d'agglomération du Pays Basque;1;Oui;Oui;Non;1;Non;64379;Mendive;Commune;216403790;64379;MENDIVE;Impôts et taxes;97962.74;0.0;0.0;97962.74;0.09796274;157;623.9664968152866;1;;;;2;;;;;;;2024;157
2024;Non;75;Nouvelle-Aquitaine;64;Pyrénées-Atlantiques;200067239;Communauté de communes des Luys en Béarn;2;Oui;Non;Non;1;Non;64380;Méracq;Commune;216403808;64380;MERACQ;Impôts et taxes;97094.34;0.0;0.0;97094.34;0.09709434;239;406.2524686192468;1;;;;2;;;;;;;2024;239
2024;Non;75;Nouvelle-Aquitaine;64;Pyrénées-Atlantiques;200067288;Communauté de communes du Béarn des Gaves;2;Non;Non;Non;2;Non;64381;Méritein;Commune;216403816;64381;MERITEIN;Impôts et taxes;110074.84;0.0;0.0;110074.84;0.11007484;286;384.87706293706293;1;;;;2;;;;;;;2024;286
2024;Non;75;Nouvelle-Aquitaine;64;Pyrénées-Atlantiques;200039204;Communauté de communes de Lacq-Orthez;2;Oui;Non;Non;2;Non;64382;Mesplède;Commune;216403824;64382;MESPLEDE;Impôts et taxes;200348.66;0.0;0.0;200348.66;0.20034866;340;589.2607647058824;1;;;;2;;;;;;;2024;340
2024;Non;75;Nouvelle-Aquitaine;64;Pyrénées-Atlantiques;200067239;Communauté de communes des Luys en Béarn;1;Oui;Non;Non;1;Non;64383;Mialos;Commune;216403832;64383;MIALOS;Impôts et taxes;29821.37;0.0;0.0;29821.37;0.02982137;141;211.4990780141844;1;;;;2;;;;;;;2024;141
2024;Non;75;Nouvelle-Aquitaine;64;Pyrénées-Atlantiques;200067239;Communauté de communes des Luys en Béarn;2;Oui;Non;Non;2;Non;64385;Miossens-Lanusse;Commune;216403857;64385;MIOSSENS-LANUSSE;Impôts et taxes;115014.55;0.0;0.0;115014.55;0.11501455000000001;287;400.74756097560976;1;;;;2;;;;;;;2024;287
2024;Non;75;Nouvelle-Aquitaine;64;Pyrénées-Atlantiques;246401756;Communauté de communes Pays de Nay;3;Non;Non;Non;2;Non;64386;Mirepeix;Commune;216403865;64386;MIREPEIX;Impôts et taxes;516279.01;0.0;0.0;516279.01;0.51627901;1277;404.2905324980423;1;;;;2;;;;;;;2024;1277
2024;Non;75;Nouvelle-Aquitaine;64;Pyrénées-Atlantiques;200067239;Communauté de communes des Luys en Béarn;3;Oui;Non;Non;1;Non;64387;Momas;Commune;216403873;64387;MOMAS;Impôts et taxes;215380.18;0.0;0.0;215380.18;0.21538018;626;344.05779552715654;1;;;;2;;;;;;;2024;626
2024;Non;75;Nouvelle-Aquitaine;64;Pyrénées-Atlantiques;200067296;Communauté de communes du Nord Est Béarn;1;Oui;Non;Non;2;Non;64388;Momy;Commune;216403881;64388;MOMY;Impôts et taxes;63535.48;0.0;0.0;63535.48;0.06353548;113;562.2608849557522;1;;;;2;;;;;;;2024;113
2024;Non;75;Nouvelle-Aquitaine;64;Pyrénées-Atlantiques;200067296;Communauté de communes du Nord Est Béarn;2;Oui;Non;Non;1;Non;64389;Monassut-Audiracq;Commune;216403899;64389;MONASSUT-AUDIRACQ;Impôts et taxes;192499.1;0.0;0.0;192499.1;0.1924991;372;517.4706989247312;1;;;;2;;;;;;;2024;372
2024;Non;75;Nouvelle-Aquitaine;64;Pyrénées-Atlantiques;200067296;Communauté de communes du Nord Est Béarn;1;Oui;Non;Non;2;Non;64390;Moncaup;Commune;216403907;64390;MONCAUP;Impôts et taxes;93776.69;0.0;0.0;93776.69;0.09377669;170;551.6275882352942;1;;;;2;;;;;;;2024;170
2024;Non;75;Nouvelle-Aquitaine;64;Pyrénées-Atlantiques;200067106;Communauté d'agglomération du Pays Basque;2;Oui;Oui;Non;1;Non;64391;Moncayolle-Larrory-Mendibieu;Commune;216403915;64391;MONCAYOLLE-LARRORY-MENDIBIEU;Impôts et taxes;102003.52;0.0;0.0;102003.52;0.10200352;304;335.53789473684213;1;;;;2;;;;;;;2024;304
2024;Non;75;Nouvelle-Aquitaine;64;Pyrénées-Atlantiques;200067239;Communauté de communes des Luys en Béarn;0;Oui;Non;Non;2;Non;64392;Moncla;Commune;216403923;64392;MONCLA;Impôts et taxes;53207.14;0.0;0.0;53207.14;0.05320714;82;648.8675609756098;1;;;;2;;;;;;;2024;82
2024;Non;75;Nouvelle-Aquitaine;64;Pyrénées-Atlantiques;200039204;Communauté de communes de Lacq-Orthez;5;Non;Oui;Non;2;Non;64393;Monein;Commune;216403931;64393;MONEIN;Impôts et taxes;2750725.26;0.0;0.0;2750725.26;2.75072526;4536;606.4209126984126;1;;;;2;;;;;;;2024;4536
2024;Non;75;Nouvelle-Aquitaine;64;Pyrénées-Atlantiques;200067296;Communauté de communes du Nord Est Béarn;0;Oui;Non;Non;1;Non;64394;Monpezat;Commune;216403949;64394;MONPEZAT;Impôts et taxes;49787.38;0.0;0.0;49787.38;0.04978738;85;585.7338823529411;1;;;;2;;;;;;;2024;85
2024;Non;75;Nouvelle-Aquitaine;64;Pyrénées-Atlantiques;200072106;Communauté de communes Adour Madiran;1;Oui;Non;Non;2;Non;64395;Monségur;Commune;216403956;64395;MONSEGUR;Impôts et taxes;42503.84;0.0;0.0;42503.84;0.042503839999999994;132;321.9987878787879;1;;;;2;;;;;;;2024;132
2024;Non;75;Nouvelle-Aquitaine;64;Pyrénées-Atlantiques;200039204;Communauté de communes de Lacq-Orthez;3;Oui;Non;Non;1;Non;64396;Mont;Commune;216403964;64396;MONT;Impôts et taxes;1031128.56;0.0;0.0;1031128.56;1.03112856;1218;846.5751724137931;1;;;;2;;;;;;;2024;1218
2024;Non;75;Nouvelle-Aquitaine;64;Pyrénées-Atlantiques;200067239;Communauté de communes des Luys en Béarn;1;Oui;Non;Non;1;Non;64397;Montagut;Commune;216403972;64397;MONTAGUT;Impôts et taxes;34540.46;0.0;0.0;34540.46;0.03454046;124;278.55209677419356;1;;;;2;;;;;;;2024;124
2024;Non;75;Nouvelle-Aquitaine;64;Pyrénées-Atlantiques;200072106;Communauté de communes Adour Madiran;2;Oui;Non;Non;2;Non;64398;Montaner;Commune;216403980;64398;MONTANER;Impôts et taxes;213940.26;0.0;0.0;213940.26;0.21394026000000002;432;495.2320833333334;1;;;;2;;;;;;;2024;432
2024;Non;75;Nouvelle-Aquitaine;64;Pyrénées-Atlantiques;200067239;Communauté de communes des Luys en Béarn;4;Non;Non;Non;2;Non;64399;Montardon;Commune;216403998;64399;MONTARDON;Impôts et taxes;1684026.98;0.0;0.0;1684026.98;1.68402698;2698;624.1760489251297;1;;;;2;;;;;;;2024;2698
2024;Non;75;Nouvelle-Aquitaine;64;Pyrénées-Atlantiques;246401756;Communauté de communes Pays de Nay;3;Oui;Oui;Non;2;Non;64400;Montaut;Commune;216404004;64400;MONTAUT;Impôts et taxes;524659.11;0.0;0.0;524659.11;0.52465911;1158;453.0734974093264;1;;;;2;;;;;;;2024;1158
2024;Non;75;Nouvelle-Aquitaine;64;Pyrénées-Atlantiques;200067239;Communauté de communes des Luys en Béarn;0;Oui;Non;Non;1;Non;64401;Mont-Disse;Commune;216404012;64401;MONT-DISSE;Impôts et taxes;79164.05;0.0;0.0;79164.05;0.07916405;80;989.5506250000001;1;;;;2;;;;;;;2024;80
2024;Non;75;Nouvelle-Aquitaine;64;Pyrénées-Atlantiques;200067288;Communauté de communes du Béarn des Gaves;1;Oui;Non;Non;1;Non;64403;Montfort;Commune;216404038;64403;MONTFORT;Impôts et taxes;70302.03;0.0;0.0;70302.03;0.07030203;188;373.9469680851064;1;;;;2;;;;;;;2024;188
2024;Non;75;Nouvelle-Aquitaine;64;Pyrénées-Atlantiques;200067106;Communauté d'agglomération du Pays Basque;2;Oui;Oui;Non;1;Non;64404;Montory;Commune;216404046;64404;MONTORY;Impôts et taxes;227337.07;0.0;0.0;227337.07;0.22733707;317;717.1516403785489;1;;;;2;;;;;;;2024;317
2024;Non;75;Nouvelle-Aquitaine;64;Pyrénées-Atlantiques;200067296;Communauté de communes du Nord Est Béarn;5;Non;Non;Non;2;Non;64405;Morlaàs;Commune;216404053;64405;MORLAAS;Impôts et taxes;3797748.63;0.0;0.0;3797748.63;3.79774863;4579;829.3838458178641;1;;;;2;;;;;;;2024;4579
2024;Non;75;Nouvelle-Aquitaine;64;Pyrénées-Atlantiques;200067239;Communauté de communes des Luys en Béarn;3;Oui;Non;Non;1;Non;64406;Morlanne;Commune;216404061;64406;MORLANNE;Impôts et taxes;277244.43;0.0;0.0;277244.43;0.27724443;628;441.47202229299364;1;;;;2;;;;;;;2024;628
2024;Non;75;Nouvelle-Aquitaine;64;Pyrénées-Atlantiques;200067106;Communauté d'agglomération du Pays Basque;6;Non;Non;Non;3;Non;64407;Mouguerre;Commune;216404079;64407;MOUGUERRE;Impôts et taxes;5378697.85;0.0;0.0;5378697.85;5.37869785;5443;988.1862667646518;1;;;;2;;;;;;;2024;5443
2024;Non;75;Nouvelle-Aquitaine;64;Pyrénées-Atlantiques;200067239;Communauté de communes des Luys en Béarn;0;Oui;Non;Non;1;Non;64408;Mouhous;Commune;216404087;64408;MOUHOUS;Impôts et taxes;41541.7;0.0;0.0;41541.7;0.041541699999999994;64;649.0890625;1;;;;2;;;;;;;2024;64
2024;Non;75;Nouvelle-Aquitaine;64;Pyrénées-Atlantiques;200067262;Communauté de communes du Haut Béarn;3;Oui;Non;Non;2;Non;64409;Moumour;Commune;216404095;64409;MOUMOUR;Impôts et taxes;374051.34;0.0;0.0;374051.34;0.37405134;849;440.57872791519435;1;;;;2;;;;;;;2024;849
2024;Non;75;Nouvelle-Aquitaine;64;Pyrénées-Atlantiques;200039204;Communauté de communes de Lacq-Orthez;6;Non;Non;Non;1;Non;64410;Mourenx;Commune;216404103;64410;MOURENX;Impôts et taxes;6766187.54;0.0;0.0;6766187.54;6.76618754;6015;1124.8857090606816;1;;;;2;;;;;;;2024;6015
2024;Non;75;Nouvelle-Aquitaine;64;Pyrénées-Atlantiques;200067106;Communauté d'agglomération du Pays Basque;2;Oui;Oui;Non;1;Non;64411;Musculdy;Commune;216404111;64411;MUSCULDY;Impôts et taxes;75978.86;0.0;0.0;75978.86;0.07597886;236;321.9443220338983;1;;;;2;;;;;;;2024;236
2024;Non;75;Nouvelle-Aquitaine;64;Pyrénées-Atlantiques;200067288;Communauté de communes du Béarn des Gaves;0;Oui;Non;Non;2;Non;64412;Nabas;Commune;216404129;64412;NABAS;Impôts et taxes;62726.75;0.0;0.0;62726.75;0.06272675;87;720.9971264367816;1;;;;2;;;;;;;2024;87
2024;Non;75;Nouvelle-Aquitaine;64;Pyrénées-Atlantiques;246401756;Communauté de communes Pays de Nay;3;Non;Non;Non;2;Non;64413;Narcastet;Commune;216404137;64413;NARCASTET;Impôts et taxes;513404.88;0.0;0.0;513404.88;0.51340488;775;662.4579096774194;1;;;;2;;;;;;;2024;775
2024;Non;75;Nouvelle-Aquitaine;64;Pyrénées-Atlantiques;200067288;Communauté de communes du Béarn des Gaves;1;Oui;Non;Non;1;Non;64414;Narp;Commune;216404145;64414;NARP;Impôts et taxes;70712.63;0.0;0.0;70712.63;0.07071263;123;574.899430894309;1;;;;2;;;;;;;2024;123
2024;Non;75;Nouvelle-Aquitaine;64;Pyrénées-Atlantiques;200067239;Communauté de communes des Luys en Béarn;3;Non;Non;Non;2;Non;64415;Navailles-Angos;Commune;216404152;64415;NAVAILLES-ANGOS;Impôts et taxes;961194.51;0.0;0.0;961194.51;0.96119451;1569;612.6160038240918;1;;;;2;;;;;;;2024;1569
2024;Non;75;Nouvelle-Aquitaine;64;Pyrénées-Atlantiques;200067288;Communauté de communes du Béarn des Gaves;3;Non;Non;Oui;2;Non;64416;Navarrenx;Commune;216404160;64416;NAVARRENX;Impôts et taxes;631881.21;0.0;0.0;631881.21;0.63188121;1072;589.4414272388059;1;;;;2;;;;;;;2024;1072
2024;Non;75;Nouvelle-Aquitaine;64;Pyrénées-Atlantiques;246401756;Communauté de communes Pays de Nay;4;Non;Non;Non;2;Non;64417;Nay;Commune;216404178;64417;NAY;Impôts et taxes;2827142.99;0.0;0.0;2827142.99;2.82714299;3428;824.7208255542591;1;;;;2;;;;;;;2024;3428
2024;Non;75;Nouvelle-Aquitaine;64;Pyrénées-Atlantiques;200039204;Communauté de communes de Lacq-Orthez;1;Non;Non;Non;1;Non;64418;Noguères;Commune;216404186;64418;NOGUERES;Impôts et taxes;65832.89;0.0;0.0;65832.89;0.06583289;133;494.9841353383459;1;;;;2;;;;;;;2024;133
2024;Non;75;Nouvelle-Aquitaine;64;Pyrénées-Atlantiques;200067296;Communauté de communes du Nord Est Béarn;3;Non;Non;Non;2;Non;64419;Nousty;Commune;216404194;64419;NOUSTY;Impôts et taxes;705051.92;0.0;0.0;705051.92;0.70505192;1622;434.6805918618989;1;;;;2;;;;;;;2024;1622
2024;Non;75;Nouvelle-Aquitaine;64;Pyrénées-Atlantiques;200067288;Communauté de communes du Béarn des Gaves;2;Oui;Non;Non;2;Non;64420;Ogenne-Camptort;Commune;216404202;64420;OGENNE-CAMPTORT;Impôts et taxes;91534.24;0.0;0.0;91534.24;0.09153424;247;370.58396761133605;1;;;;2;;;;;;;2024;247
2024;Non;75;Nouvelle-Aquitaine;64;Pyrénées-Atlantiques;200067262;Communauté de communes du Haut Béarn;3;Oui;Non;Non;2;Non;64421;Ogeu-les-Bains;Commune;216404210;64421;OGEU-LES-BAINS;Impôts et taxes;1030212.92;0.0;0.0;1030212.92;1.03021292;1301;791.8623520368948;1;;;;2;;;;;;;2024;1301
2024;Non;75;Nouvelle-Aquitaine;64;Pyrénées-Atlantiques;200067262;Communauté de communes du Haut Béarn;7;Non;Oui;Oui;1;Non;64422;Oloron-Sainte-Marie;Commune;216404228;64422;OLORON-SAINTE-MARIE;Impôts et taxes;11427753.81;0.0;0.0;11427753.81;11.42775381;11273;1013.7278284396345;1;;;;2;;;;;;;2024;11273
2024;Non;75;Nouvelle-Aquitaine;64;Pyrénées-Atlantiques;200067288;Communauté de communes du Béarn des Gaves;1;Oui;Non;Non;2;Non;64423;Oraàs;Commune;216404236;64423;ORAAS;Impôts et taxes;68958.53;0.0;0.0;68958.53;0.06895853;188;366.80069148936167;1;;;;2;;;;;;;2024;188
2024;Non;75;Nouvelle-Aquitaine;64;Pyrénées-Atlantiques;200067106;Communauté d'agglomération du Pays Basque;3;Oui;Oui;Non;1;Non;64424;Ordiarp;Commune;216404244;64424;ORDIARP;Impôts et taxes;144938.3;0.0;0.0;144938.3;0.1449383;556;260.68039568345324;1;;;;2;;;;;;;2024;556
2024;Non;75;Nouvelle-Aquitaine;64;Pyrénées-Atlantiques;200067106;Communauté d'agglomération du Pays Basque;3;Oui;Oui;Non;1;Non;64425;Orègue;Commune;216404251;64425;OREGUE;Impôts et taxes;201755.37;0.0;0.0;201755.37;0.20175537;514;392.52017509727625;1;;;;2;;;;;;;2024;514
2024;Non;75;Nouvelle-Aquitaine;64;Pyrénées-Atlantiques;200067262;Communauté de communes du Haut Béarn;2;Oui;Non;Non;2;Non;64426;Orin;Commune;216404269;64426;ORIN;Impôts et taxes;103420.03;0.0;0.0;103420.03;0.10342003;274;377.44536496350366;1;;;;2;;;;;;;2024;274
2024;Non;75;Nouvelle-Aquitaine;64;Pyrénées-Atlantiques;200067288;Communauté de communes du Béarn des Gaves;1;Oui;Non;Non;2;Non;64427;Orion;Commune;216404277;64427;ORION;Impôts et taxes;56697.9;0.0;0.0;56697.9;0.0566979;152;373.0125;1;;;;2;;;;;;;2024;152
2024;Non;75;Nouvelle-Aquitaine;64;Pyrénées-Atlantiques;200067288;Communauté de communes du Béarn des Gaves;1;Oui;Non;Non;1;Non;64428;Orriule;Commune;216404285;64428;ORRIULE;Impôts et taxes;116755.23;0.0;0.0;116755.23;0.11675523;143;816.4701398601399;1;;;;2;;;;;;;2024;143
2024;Non;75;Nouvelle-Aquitaine;64;Pyrénées-Atlantiques;200067106;Communauté d'agglomération du Pays Basque;1;Oui;Oui;Non;1;Non;64429;Orsanco;Commune;216404293;64429;ORSANCO;Impôts et taxes;51654.51;0.0;0.0;51654.51;0.05165451;109;473.89458715596334;1;;;;2;;;;;;;2024;109
2024;Non;75;Nouvelle-Aquitaine;64;Pyrénées-Atlantiques;200039204;Communauté de communes de Lacq-Orthez;7;Non;Non;Non;1;Non;64430;Orthez;Commune;216404301;64430;ORTHEZ;Impôts et taxes;10528801.82;15008.7;0.0;10543810.52;10.54381052;11322;931.2674898427839;1;;;;2;;;;;;;2024;11322
2024;Non;75;Nouvelle-Aquitaine;64;Pyrénées-Atlantiques;200039204;Communauté de communes de Lacq-Orthez;3;Non;Non;Non;2;Non;64431;Os-Marsillon;Commune;216404319;64431;OS-MARSILLON;Impôts et taxes;409565.77;0.0;0.0;409565.77;0.40956577;553;740.6252622061484;1;;;;2;;;;;;;2024;553
2024;Non;75;Nouvelle-Aquitaine;64;Pyrénées-Atlantiques;200067106;Communauté d'agglomération du Pays Basque;0;Oui;Oui;Non;1;Non;64432;Ossas-Suhare;Commune;216404327;64432;OSSAS-SUHARE;Impôts et taxes;48818.07;0.0;0.0;48818.07;0.04881807;88;554.7507954545455;1;;;;2;;;;;;;2024;88
2024;Non;75;Nouvelle-Aquitaine;64;Pyrénées-Atlantiques;200067262;Communauté de communes du Haut Béarn;2;Oui;Oui;Non;1;Non;64433;Osse-en-Aspe;Commune;216404335;64433;OSSE-EN-ASPE;Impôts et taxes;170903.2;0.0;0.0;170903.2;0.1709032;351;486.90370370370374;1;;;;2;;;;;;;2024;351
2024;Non;75;Nouvelle-Aquitaine;64;Pyrénées-Atlantiques;200067288;Communauté de communes du Béarn des Gaves;0;Oui;Non;Non;0;Non;64434;Ossenx;Commune;216404343;64434;OSSENX;Impôts et taxes;56307.16;0.0;0.0;56307.16;0.05630716;50;1126.1432;1;;;;2;;;;;;;2024;50
2024;Non;75;Nouvelle-Aquitaine;64;Pyrénées-Atlantiques;200067106;Communauté d'agglomération du Pays Basque;2;Oui;Non;Non;1;Non;64435;Osserain-Rivareyte;Commune;216404350;64435;OSSERAIN-RIVAREYTE;Impôts et taxes;112477.37;0.0;0.0;112477.37;0.11247737;229;491.1675545851528;1;;;;2;;;;;;;2024;229
2024;Non;75;Nouvelle-Aquitaine;64;Pyrénées-Atlantiques;200067106;Communauté d'agglomération du Pays Basque;3;Oui;Oui;Non;1;Non;64436;Ossès;Commune;216404368;64436;OSSES;Impôts et taxes;488179.31;0.0;0.0;488179.31;0.48817931;875;557.9192114285714;1;;;;2;;;;;;;2024;875
2024;Non;75;Nouvelle-Aquitaine;64;Pyrénées-Atlantiques;200067106;Communauté d'agglomération du Pays Basque;2;Oui;Oui;Non;1;Non;64437;Ostabat-Asme;Commune;216404376;64437;OSTABAT-ASME;Impôts et taxes;108533.95;0.0;0.0;108533.95;0.10853394999999999;220;493.33613636363634;1;;;;2;;;;;;;2024;220
2024;Non;75;Nouvelle-Aquitaine;64;Pyrénées-Atlantiques;200067296;Communauté de communes du Nord Est Béarn;3;Oui;Non;Non;2;Non;64438;Ouillon;Commune;216404384;64438;OUILLON;Impôts et taxes;158043.52;0.0;0.0;158043.52;0.15804352;567;278.73636684303347;1;;;;2;;;;;;;2024;567
2024;Non;75;Nouvelle-Aquitaine;64;Pyrénées-Atlantiques;200039204;Communauté de communes de Lacq-Orthez;2;Oui;Non;Non;5;Non;64440;Ozenx-Montestrucq;Commune;216404400;64440;OZENX-MONTESTRUCQ;Impôts et taxes;198730.02;0.0;0.0;198730.02;0.19873001999999998;395;503.11397468354426;1;;;;2;;;;;;;2024;395
2024;Non;75;Nouvelle-Aquitaine;64;Pyrénées-Atlantiques;200067106;Communauté d'agglomération du Pays Basque;2;Oui;Oui;Non;1;Non;64441;Pagolle;Commune;216404418;64441;PAGOLLE;Impôts et taxes;118038.25;0.0;0.0;118038.25;0.11803825;266;443.7528195488722;1;;;;2;;;;;;;2024;266
2024;Non;75;Nouvelle-Aquitaine;64;Pyrénées-Atlantiques;200039204;Communauté de communes de Lacq-Orthez;2;Non;Non;Non;1;Non;64442;Parbayse;Commune;216404426;64442;PARBAYSE;Impôts et taxes;154404.52;0.0;0.0;154404.52;0.15440452;333;463.6772372372372;1;;;;2;;;;;;;2024;333
2024;Non;75;Nouvelle-Aquitaine;64;Pyrénées-Atlantiques;200039204;Communauté de communes de Lacq-Orthez;3;Non;Non;Non;1;Non;64443;Pardies;Commune;216404434;64443;PARDIES;Impôts et taxes;1029675.53;0.0;0.0;1029675.53;1.02967553;936;1100.0806944444444;1;;;;2;;;;;;;2024;936
2024;Non;75;Nouvelle-Aquitaine;64;Pyrénées-Atlantiques;246401756;Communauté de communes Pays de Nay;2;Non;Non;Non;2;Non;64444;Pardies-Piétat;Commune;216404442;64444;PARDIES-PIETAT;Impôts et taxes;172560.37;0.0;0.0;172560.37;0.17256037;473;364.8210782241015;1;;;;2;;;;;;;2024;473
2024;Non;75;Nouvelle-Aquitaine;64;Pyrénées-Atlantiques;200067254;Communauté d'agglomération Pau Béarn Pyrénées;9;Non;Non;Oui;2;Oui;64445;Pau;Commune;216404459;64445;PAU;Impôts et taxes;96525111.57;0.0;0.0;96525111.57;96.52511156999999;78375;1231.5803709090908;1;;;;2;;;;;;;2024;78375
2024;Non;75;Nouvelle-Aquitaine;64;Pyrénées-Atlantiques;200067296;Communauté de communes du Nord Est Béarn;1;Oui;Non;Non;1;Non;64446;Peyrelongue-Abos;Commune;216404467;64446;PEYRELONGUE-ABOS;Impôts et taxes;73515.0;0.0;0.0;73515.0;0.073515;155;474.2903225806452;1;;;;2;;;;;;;2024;155
2024;Non;75;Nouvelle-Aquitaine;64;Pyrénées-Atlantiques;200067239;Communauté de communes des Luys en Béarn;1;Oui;Non;Non;1;Non;64447;Piets-Plasence-Moustrou;Commune;216404475;64447;PIETS-PLASENCE-MOUSTROU;Impôts et taxes;32105.0;0.0;0.0;32105.0;0.032105;140;229.32142857142858;1;;;;2;;;;;;;2024;140
2024;Non;75;Nouvelle-Aquitaine;64;Pyrénées-Atlantiques;200067254;Communauté d'agglomération Pau Béarn Pyrénées;3;Non;Non;Non;2;Non;64448;Poey-de-Lescar;Commune;216404483;64448;POEY-DE-LESCAR;Impôts et taxes;909172.07;0.0;0.0;909172.07;0.90917207;1871;485.92841795831106;1;;;;2;;;;;;;2024;1871
2024;Non;75;Nouvelle-Aquitaine;64;Pyrénées-Atlantiques;200067262;Communauté de communes du Haut Béarn;1;Oui;Non;Non;1;Non;64449;Poey-d'Oloron;Commune;216404491;64449;POEY-D'OLORON;Impôts et taxes;62556.35;0.0;0.0;62556.35;0.06255635;166;376.8454819277108;1;;;;2;;;;;;;2024;166
2024;Non;75;Nouvelle-Aquitaine;64;Pyrénées-Atlantiques;200067239;Communauté de communes des Luys en Béarn;2;Oui;Non;Non;1;Non;64450;Pomps;Commune;216404509;64450;POMPS;Impôts et taxes;79693.11;0.0;0.0;79693.11;0.07969311;303;263.01356435643567;1;;;;2;;;;;;;2024;303
2024;Non;75;Nouvelle-Aquitaine;64;Pyrénées-Atlantiques;200072106;Communauté de communes Adour Madiran;1;Oui;Non;Non;1;Non;64451;Ponson-Debat-Pouts;Commune;216404517;64451;PONSON-DEBAT-POUTS;Impôts et taxes;38273.22;0.0;0.0;38273.22;0.038273220000000004;101;378.94277227722773;1;;;;2;;;;;;;2024;101
2024;Non;75;Nouvelle-Aquitaine;64;Pyrénées-Atlantiques;200067296;Communauté de communes du Nord Est Béarn;2;Oui;Non;Non;2;Non;64452;Ponson-Dessus;Commune;216404525;64452;PONSON-DESSUS;Impôts et taxes;196252.4;0.0;0.0;196252.4;0.1962524;268;732.2850746268656;1;;;;2;;;;;;;2024;268
2024;Non;75;Nouvelle-Aquitaine;64;Pyrénées-Atlantiques;200067296;Communauté de communes du Nord Est Béarn;4;Non;Non;Non;1;Non;64453;Pontacq;Commune;216404533;64453;PONTACQ;Impôts et taxes;1482409.88;0.0;0.0;1482409.88;1.4824098799999998;2962;500.4759891964888;1;;;;2;;;;;;;2024;2962
2024;Non;75;Nouvelle-Aquitaine;64;Pyrénées-Atlantiques;200072106;Communauté de communes Adour Madiran;1;Oui;Non;Non;1;Non;64454;Pontiacq-Viellepinte;Commune;216404541;64454;PONTIACQ-VIELLEPINTE;Impôts et taxes;60090.4;0.0;0.0;60090.4;0.0600904;182;330.167032967033;1;;;;2;;;;;;;2024;182
2024;Non;75;Nouvelle-Aquitaine;64;Pyrénées-Atlantiques;200067239;Communauté de communes des Luys en Béarn;1;Oui;Non;Non;1;Non;64455;Portet;Commune;216404558;64455;PORTET;Impôts et taxes;75086.57;0.0;0.0;75086.57;0.07508657;166;452.3287349397591;1;;;;2;;;;;;;2024;166
2024;Non;75;Nouvelle-Aquitaine;64;Pyrénées-Atlantiques;200067239;Communauté de communes des Luys en Béarn;0;Oui;Non;Non;2;Non;64456;Pouliacq;Commune;216404566;64456;POULIACQ;Impôts et taxes;23786.94;0.0;0.0;23786.94;0.02378694;53;448.81018867924524;1;;;;2;;;;;;;2024;53
2024;Non;75;Nouvelle-Aquitaine;64;Pyrénées-Atlantiques;200067239;Communauté de communes des Luys en Béarn;1;Oui;Non;Non;1;Non;64457;Poursiugues-Boucoue;Commune;216404574;64457;POURSIUGUES-BOUCOUE;Impôts et taxes;68824.6;0.0;0.0;68824.6;0.0688246;189;364.15132275132277;1;;;;2;;;;;;;2024;189
2024;Non;75;Nouvelle-Aquitaine;64;Pyrénées-Atlantiques;200067262;Communauté de communes du Haut Béarn;2;Oui;Non;Non;2;Non;64458;Préchacq-Josbaig;Commune;216404582;64458;PRECHACQ-JOSBAIG;Impôts et taxes;96041.07;0.0;0.0;96041.07;0.09604107;300;320.1369;1;;;;2;;;;;;;2024;300
2024;Non;75;Nouvelle-Aquitaine;64;Pyrénées-Atlantiques;200067288;Communauté de communes du Béarn des Gaves;1;Oui;Non;Non;1;Non;64459;Préchacq-Navarrenx;Commune;216404590;64459;PRECHACQ-NAVARRENX;Impôts et taxes;86673.26;0.0;0.0;86673.26;0.08667325999999999;182;476.22670329670325;1;;;;2;;;;;;;2024;182
2024;Non;75;Nouvelle-Aquitaine;64;Pyrénées-Atlantiques;200067262;Communauté de communes du Haut Béarn;2;Non;Non;Non;2;Non;64460;Précilhon;Commune;216404608;64460;PRECILHON;Impôts et taxes;162856.67;0.0;0.0;162856.67;0.16285667;408;399.15850490196084;1;;;;2;;;;;;;2024;408
2024;Non;75;Nouvelle-Aquitaine;64;Pyrénées-Atlantiques;246400337;Communauté de communes de la Vallée d'Ossau;3;Oui;Oui;Non;2;Non;64463;Rébénacq;Commune;216404632;64463;REBENACQ;Impôts et taxes;336590.29;0.0;0.0;336590.29;0.33659028999999996;653;515.4522052067381;1;;;;2;;;;;;;2024;653
2024;Non;75;Nouvelle-Aquitaine;64;Pyrénées-Atlantiques;200067239;Communauté de communes des Luys en Béarn;0;Oui;Non;Non;1;Non;64464;Ribarrouy;Commune;216404640;64464;RIBARROUY;Impôts et taxes;44291.66;0.0;0.0;44291.66;0.044291660000000004;82;540.1421951219513;1;;;;2;;;;;;;2024;82
2024;Non;75;Nouvelle-Aquitaine;64;Pyrénées-Atlantiques;200067296;Communauté de communes du Nord Est Béarn;2;Oui;Non;Non;1;Non;64465;Riupeyrous;Commune;216404657;64465;RIUPEYROUS;Impôts et taxes;78819.32;0.0;0.0;78819.32;0.07881932000000001;234;336.8347008547009;1;;;;2;;;;;;;2024;234
2024;Non;75;Nouvelle-Aquitaine;64;Pyrénées-Atlantiques;200067288;Communauté de communes du Béarn des Gaves;2;Oui;Non;Non;1;Non;64466;Rivehaute;Commune;216404665;64466;RIVEHAUTE;Impôts et taxes;110409.95;0.0;0.0;110409.95;0.11040994999999999;278;397.1580935251798;1;;;;2;;;;;;;2024;278
2024;Non;75;Nouvelle-Aquitaine;64;Pyrénées-Atlantiques;200067254;Communauté d'agglomération Pau Béarn Pyrénées;3;Non;Non;Non;2;Non;64467;Rontignon;Commune;216404673;64467;RONTIGNON;Impôts et taxes;469625.73;0.0;0.0;469625.73;0.46962572999999996;879;534.2727303754266;1;;;;2;;;;;;;2024;879
2024;Non;75;Nouvelle-Aquitaine;64;Pyrénées-Atlantiques;200067106;Communauté d'agglomération du Pays Basque;1;Oui;Oui;Non;1;Non;64468;Roquiague;Commune;216404681;64468;ROQUIAGUE;Impôts et taxes;47674.73;0.0;0.0;47674.73;0.047674730000000005;124;384.4736290322581;1;;;;2;;;;;;;2024;124
2024;Non;75;Nouvelle-Aquitaine;64;Pyrénées-Atlantiques;246401756;Communauté de communes Pays de Nay;2;Non;Non;Non;2;Non;64469;Saint-Abit;Commune;216404699;64469;SAINT-ABIT;Impôts et taxes;119547.57;0.0;0.0;119547.57;0.11954757;312;383.16528846153847;1;;;;2;;;;;;;2024;312
2024;Non;75;Nouvelle-Aquitaine;64;Pyrénées-Atlantiques;200067296;Communauté de communes du Nord Est Béarn;3;Oui;Non;Non;2;Non;64470;Saint-Armou;Commune;216404707;64470;SAINT-ARMOU;Impôts et taxes;309502.55;0.0;0.0;309502.55;0.30950255;639;484.35453834115805;1;;;;2;;;;;;;2024;639
2024;Non;75;Nouvelle-Aquitaine;64;Pyrénées-Atlantiques;200039204;Communauté de communes de Lacq-Orthez;2;Oui;Non;Non;2;Non;64471;Saint-Boès;Commune;216404715;64471;SAINT-BOES;Impôts et taxes;129408.54;0.0;0.0;129408.54;0.12940854;367;352.611825613079;1;;;;2;;;;;;;2024;367
2024;Non;75;Nouvelle-Aquitaine;64;Pyrénées-Atlantiques;200067296;Communauté de communes du Nord Est Béarn;3;Oui;Non;Non;2;Non;64472;Saint-Castin;Commune;216404723;64472;SAINT-CASTIN;Impôts et taxes;345926.17;0.0;0.0;345926.17;0.34592617;868;398.53245391705065;1;;;;2;;;;;;;2024;868
2024;Non;75;Nouvelle-Aquitaine;64;Pyrénées-Atlantiques;246400337;Communauté de communes de la Vallée d'Ossau;2;Oui;Oui;Non;1;Non;64473;Sainte-Colome;Commune;216404731;64473;SAINTE-COLOME;Impôts et taxes;154349.29;0.0;0.0;154349.29;0.15434929;364;424.036510989011;1;;;;2;;;;;;;2024;364
2024;Non;75;Nouvelle-Aquitaine;64;Pyrénées-Atlantiques;200067288;Communauté de communes du Béarn des Gaves;1;Oui;Non;Non;1;Non;64474;Saint-Dos;Commune;216404749;64474;SAINT-DOS;Impôts et taxes;69578.95;0.0;0.0;69578.95;0.06957895;162;429.4996913580247;1;;;;2;;;;;;;2024;162
2024;Non;75;Nouvelle-Aquitaine;64;Pyrénées-Atlantiques;200067106;Communauté d'agglomération du Pays Basque;1;Oui;Oui;Non;1;Non;64475;Sainte-Engrâce;Commune;216404756;64475;SAINTE-ENGRACE;Impôts et taxes;128971.72;0.0;0.0;128971.72;0.12897172;184;700.9332608695652;1;;;;2;;;;;;;2024;184
2024;Non;75;Nouvelle-Aquitaine;64;Pyrénées-Atlantiques;200067106;Communauté d'agglomération du Pays Basque;2;Oui;Oui;Non;1;Non;64476;Saint-Esteben;Commune;216404764;64476;SAINT-ESTEBEN;Impôts et taxes;213311.12;0.0;0.0;213311.12;0.21331112;440;484.798;1;;;;2;;;;;;;2024;440
2024;Non;75;Nouvelle-Aquitaine;64;Pyrénées-Atlantiques;200067106;Communauté d'agglomération du Pays Basque;3;Oui;Oui;Oui;2;Non;64477;Saint-Étienne-de-Baïgorry;Commune;216404772;64477;SAINT-ETIENNE-DE-BAIGORRY;Impôts et taxes;947456.43;0.0;0.0;947456.43;0.94745643;1550;611.2622129032259;1;;;;2;;;;;;;2024;1550
2024;Non;75;Nouvelle-Aquitaine;64;Pyrénées-Atlantiques;200067254;Communauté d'agglomération Pau Béarn Pyrénées;3;Non;Oui;Non;2;Non;64478;Saint-Faust;Commune;216404780;64478;SAINT-FAUST;Impôts et taxes;372284.74;0.0;0.0;372284.74;0.37228474;759;490.4937285902503;1;;;;2;;;;;;;2024;759
2024;Non;75;Nouvelle-Aquitaine;64;Pyrénées-Atlantiques;200039204;Communauté de communes de Lacq-Orthez;1;Oui;Non;Non;2;Non;64479;Saint-Girons-en-Béarn;Commune;216404798;64479;SAINT-GIRONS;Impôts et taxes;60860.24;0.0;0.0;60860.24;0.060860239999999996;180;338.1124444444444;1;;;;2;;;;;;;2024;180
2024;Non;75;Nouvelle-Aquitaine;64;Pyrénées-Atlantiques;200067288;Communauté de communes du Béarn des Gaves;2;Oui;Non;Non;1;Non;64480;Saint-Gladie-Arrive-Munein;Commune;216404806;64480;SAINT-GLADIE-ARRIVE-MUNEIN;Impôts et taxes;131914.68;0.0;0.0;131914.68;0.13191468;204;646.6405882352941;1;;;;2;;;;;;;2024;204
2024;Non;75;Nouvelle-Aquitaine;64;Pyrénées-Atlantiques;200067262;Communauté de communes du Haut Béarn;2;Oui;Non;Non;1;Non;64481;Saint-Goin;Commune;216404814;64481;SAINT-GOIN;Impôts et taxes;67580.76;0.0;0.0;67580.76;0.06758075999999999;234;288.8066666666667;1;;;;2;;;;;;;2024;234
2024;Non;75;Nouvelle-Aquitaine;64;Pyrénées-Atlantiques;200067296;Communauté de communes du Nord Est Béarn;3;Non;Non;Non;2;Non;64482;Saint-Jammes;Commune;216404822;64482;SAINT-JAMMES;Impôts et taxes;247225.83;0.0;0.0;247225.83;0.24722582999999998;642;385.0869626168224;1;;;;2;;;;;;;2024;642
2024;Non;75;Nouvelle-Aquitaine;64;Pyrénées-Atlantiques;200067106;Communauté d'agglomération du Pays Basque;7;Non;Non;Oui;3;Non;64483;Saint-Jean-de-Luz;Commune;216404830;64483;SAINT-JEAN-DE-LUZ;Impôts et taxes;20448726.37;0.0;0.0;20448726.37;20.448726370000003;15007;1362.6125388152195;1;;;;2;;;;;;;2024;15007
2024;Non;75;Nouvelle-Aquitaine;64;Pyrénées-Atlantiques;200067106;Communauté d'agglomération du Pays Basque;3;Non;Oui;Oui;2;Non;64484;Saint-Jean-le-Vieux;Commune;216404848;64484;SAINT-JEAN-LE-VIEUX;Impôts et taxes;415047.82;0.0;0.0;415047.82;0.41504782;871;476.51873708381174;1;;;;2;;;;;;;2024;871
2024;Non;75;Nouvelle-Aquitaine;64;Pyrénées-Atlantiques;200067106;Communauté d'agglomération du Pays Basque;3;Non;Oui;Oui;1;Non;64485;Saint-Jean-Pied-de-Port;Commune;216404855;64485;SAINT-JEAN-PIED-DE-PORT;Impôts et taxes;1292829.65;0.0;0.0;1292829.65;1.2928296499999998;1797;719.4377573734;1;;;;2;;;;;;;2024;1797
2024;Non;75;Nouvelle-Aquitaine;64;Pyrénées-Atlantiques;200067239;Communauté de communes des Luys en Béarn;0;Oui;Non;Non;1;Non;64486;Saint-Jean-Poudge;Commune;216404863;64486;SAINT-JEAN-POUDGE;Impôts et taxes;93845.49;0.0;0.0;93845.49;0.09384549;73;1285.5546575342466;1;;;;2;;;;;;;2024;73
2024;Non;75;Nouvelle-Aquitaine;64;Pyrénées-Atlantiques;200067106;Communauté d'agglomération du Pays Basque;2;Oui;Oui;Non;1;Non;64487;Saint-Just-Ibarre;Commune;216404871;64487;SAINT-JUST-IBARRE;Impôts et taxes;99571.28;0.0;0.0;99571.28;0.09957128;204;488.09450980392154;1;;;;2;;;;;;;2024;204
2024;Non;75;Nouvelle-Aquitaine;64;Pyrénées-Atlantiques;200067296;Communauté de communes du Nord Est Béarn;2;Oui;Non;Non;2;Non;64488;Saint-Laurent-Bretagne;Commune;216404889;64488;SAINT-LAURENT-BRETAGNE;Impôts et taxes;217036.32;0.0;0.0;217036.32;0.21703632;454;478.05356828193834;1;;;;2;;;;;;;2024;454
2024;Non;75;Nouvelle-Aquitaine;64;Pyrénées-Atlantiques;200067106;Communauté d'agglomération du Pays Basque;2;Oui;Oui;Non;1;Non;64489;Saint-Martin-d'Arberoue;Commune;216404897;64489;SAINT-MARTIN-D'ARBEROUE;Impôts et taxes;174823.25;0.0;0.0;174823.25;0.17482325;354;493.850988700565;1;;;;2;;;;;;;2024;354
2024;Non;75;Nouvelle-Aquitaine;64;Pyrénées-Atlantiques;200067106;Communauté d'agglomération du Pays Basque;3;Oui;Oui;Non;1;Non;64490;Saint-Martin-d'Arrossa;Commune;216404905;64490;SAINT-MARTIN-D'ARROSSA;Impôts et taxes;262525.39;0.0;0.0;262525.39;0.26252539;560;468.7953392857143;1;;;;2;;;;;;;2024;560
2024;Non;75;Nouvelle-Aquitaine;64;Pyrénées-Atlantiques;200039204;Communauté de communes de Lacq-Orthez;2;Oui;Non;Non;1;Non;64491;Saint-Médard;Commune;216404913;64491;SAINT-MEDARD;Impôts et taxes;132392.76;0.0;0.0;132392.76;0.13239276;206;642.6833009708738;1;;;;2;;;;;;;2024;206
2024;Non;75;Nouvelle-Aquitaine;64;Pyrénées-Atlantiques;200067106;Communauté d'agglomération du Pays Basque;2;Oui;Oui;Non;1;Non;64492;Saint-Michel;Commune;216404921;64492;SAINT-MICHEL;Impôts et taxes;138098.56;0.0;0.0;138098.56;0.13809856;296;466.5491891891892;1;;;;2;;;;;;;2024;296
2024;Non;75;Nouvelle-Aquitaine;64;Pyrénées-Atlantiques;200067106;Communauté d'agglomération du Pays Basque;4;Non;Non;Non;1;Non;64493;Saint-Palais;Commune;216404939;64493;SAINT-PALAIS;Impôts et taxes;1628148.85;0.0;0.0;1628148.85;1.62814885;2133;763.3140412564463;1;;;;2;;;;;;;2024;2133
2024;Non;75;Nouvelle-Aquitaine;64;Pyrénées-Atlantiques;200067288;Communauté de communes du Béarn des Gaves;2;Oui;Non;Non;1;Non;64494;Saint-Pé-de-Léren;Commune;216404947;64494;SAINT-PE-DE-LEREN;Impôts et taxes;139030.04;0.0;0.0;139030.04;0.13903004000000002;271;513.0259778597787;1;;;;2;;;;;;;2024;271
2024;Non;75;Nouvelle-Aquitaine;64;Pyrénées-Atlantiques;200067106;Communauté d'agglomération du Pays Basque;6;Non;Oui;Oui;2;Non;64495;Saint-Pée-sur-Nivelle;Commune;216404954;64495;SAINT-PEE-SUR-NIVELLE;Impôts et taxes;4100547.53;0.0;0.0;4100547.53;4.10054753;7361;557.0639220214645;1;;;;2;;;;;;;2024;7361
2024;Non;75;Nouvelle-Aquitaine;64;Pyrénées-Atlantiques;200067106;Communauté d'agglomération du Pays Basque;6;Non;Non;Non;2;Non;64496;Saint-Pierre-d'Irube;Commune;216404962;64496;SAINT-PIERRE-D'IRUBE;Impôts et taxes;4074178.4;0.0;0.0;4074178.4;4.0741784;5923;687.8572345095391;1;;;;2;;;;;;;2024;5923
2024;Non;75;Nouvelle-Aquitaine;64;Pyrénées-Atlantiques;246401756;Communauté de communes Pays de Nay;2;Oui;Oui;Non;1;Non;64498;Saint-Vincent;Commune;216404988;64498;SAINT-VINCENT;Impôts et taxes;139661.47;0.0;0.0;139661.47;0.13966147;400;349.153675;1;;;;2;;;;;;;2024;400
2024;Non;75;Nouvelle-Aquitaine;64;Pyrénées-Atlantiques;200067288;Communauté de communes du Béarn des Gaves;5;Non;Non;Oui;2;Non;64499;Salies-de-Béarn;Commune;216404996;64499;SALIES-DE-BEARN;Impôts et taxes;3628491.76;0.0;0.0;3628491.76;3.6284917599999997;4675;776.1479700534759;1;;;;2;;;;;;;2024;4675
2024;Non;75;Nouvelle-Aquitaine;64;Pyrénées-Atlantiques;200039204;Communauté de communes de Lacq-Orthez;2;Oui;Non;Non;2;Non;64500;Salles-Mongiscard;Commune;216405001;64500;SALLES-MONGISCARD;Impôts et taxes;165073.15;0.0;0.0;165073.15;0.16507315;314;525.7106687898089;1;;;;2;;;;;;;2024;314
2024;Non;75;Nouvelle-Aquitaine;64;Pyrénées-Atlantiques;200039204;Communauté de communes de Lacq-Orthez;3;Oui;Non;Non;2;Non;64501;Sallespisse;Commune;216405019;64501;SALLESPISSE;Impôts et taxes;202613.95;0.0;0.0;202613.95;0.20261395000000001;591;342.83240270727583;1;;;;2;;;;;;;2024;591
2024;Non;75;Nouvelle-Aquitaine;64;Pyrénées-Atlantiques;200067106;Communauté d'agglomération du Pays Basque;3;Oui;Non;Non;1;Non;64502;Sames;Commune;216405027;64502;SAMES;Impôts et taxes;494511.2;0.0;0.0;494511.2;0.4945112;730;677.412602739726;1;;;;2;;;;;;;2024;730
2024;Non;75;Nouvelle-Aquitaine;64;Pyrénées-Atlantiques;200067296;Communauté de communes du Nord Est Béarn;0;Oui;Non;Non;1;Non;64503;Samsons-Lion;Commune;216405035;64503;SAMSONS-LION;Impôts et taxes;51099.09;0.0;0.0;51099.09;0.05109909;96;532.2821875;1;;;;2;;;;;;;2024;96
2024;Non;75;Nouvelle-Aquitaine;64;Pyrénées-Atlantiques;200067106;Communauté d'agglomération du Pays Basque;4;Oui;Oui;Oui;2;Non;64504;Sare;Commune;216405043;64504;SARE;Impôts et taxes;1224110.42;0.0;0.0;1224110.42;1.22411042;2758;443.8398912255257;1;;;;2;;;;;;;2024;2758
2024;Non;75;Nouvelle-Aquitaine;64;Pyrénées-Atlantiques;200039204;Communauté de communes de Lacq-Orthez;2;Non;Non;Non;1;Non;64505;Sarpourenx;Commune;216405050;64505;SARPOURENX;Impôts et taxes;115539.83;0.0;0.0;115539.83;0.11553983;304;380.0652302631579;1;;;;2;;;;;;;2024;304
2024;Non;75;Nouvelle-Aquitaine;64;Pyrénées-Atlantiques;200067262;Communauté de communes du Haut Béarn;1;Oui;Oui;Non;1;Non;64506;Sarrance;Commune;216405068;64506;SARRANCE;Impôts et taxes;155509.31;0.0;0.0;155509.31;0.15550930999999998;158;984.2361392405063;1;;;;2;;;;;;;2024;158
2024;Non;75;Nouvelle-Aquitaine;64;Pyrénées-Atlantiques;200067296;Communauté de communes du Nord Est Béarn;1;Oui;Non;Non;1;Non;64507;Saubole;Commune;216405076;64507;SAUBOLE;Impôts et taxes;61440.54;0.0;0.0;61440.54;0.06144054;146;420.8256164383562;1;;;;2;;;;;;;2024;146
2024;Non;75;Nouvelle-Aquitaine;64;Pyrénées-Atlantiques;200067262;Communauté de communes du Haut Béarn;1;Oui;Non;Non;1;Non;64508;Saucède;Commune;216405084;64508;SAUCEDE;Impôts et taxes;65850.52;0.0;0.0;65850.52;0.06585052000000001;131;502.6757251908397;1;;;;2;;;;;;;2024;131
2024;Non;75;Nouvelle-Aquitaine;64;Pyrénées-Atlantiques;200067106;Communauté d'agglomération du Pays Basque;1;Oui;Oui;Non;2;Non;64509;Sauguis-Saint-Étienne;Commune;216405092;64509;SAUGUIS-SAINT-ETIENNE;Impôts et taxes;71685.31;0.0;0.0;71685.31;0.07168531;174;411.98454022988506;1;;;;2;;;;;;;2024;174
2024;Non;75;Nouvelle-Aquitaine;64;Pyrénées-Atlantiques;200039204;Communauté de communes de Lacq-Orthez;3;Oui;Non;Non;1;Non;64510;Sault-de-Navailles;Commune;216405100;64510;SAULT-DE-NAVAILLES;Impôts et taxes;594495.53;0.0;0.0;594495.53;0.59449553;960;619.2661770833333;1;;;;2;;;;;;;2024;960
2024;Non;75;Nouvelle-Aquitaine;64;Pyrénées-Atlantiques;200067239;Communauté de communes des Luys en Béarn;5;Non;Non;Non;2;Non;64511;Sauvagnon;Commune;216405118;64511;SAUVAGNON;Impôts et taxes;2293096.12;0.0;0.0;2293096.12;2.29309612;3570;642.3238431372549;1;;;;2;;;;;;;2024;3570
2024;Non;75;Nouvelle-Aquitaine;64;Pyrénées-Atlantiques;200039204;Communauté de communes de Lacq-Orthez;2;Oui;Non;Non;3;Non;64512;Sauvelade;Commune;216405126;64512;SAUVELADE;Impôts et taxes;147704.09;0.0;0.0;147704.09;0.14770409;272;543.0297426470588;1;;;;2;;;;;;;2024;272
2024;Non;75;Nouvelle-Aquitaine;64;Pyrénées-Atlantiques;200067288;Communauté de communes du Béarn des Gaves;3;Oui;Non;Non;1;Non;64513;Sauveterre-de-Béarn;Commune;216405134;64513;SAUVETERRE-DE-BEARN;Impôts et taxes;974280.66;0.0;0.0;974280.66;0.97428066;1464;665.4922540983607;1;;;;2;;;;;;;2024;1464
2024;Non;75;Nouvelle-Aquitaine;64;Pyrénées-Atlantiques;200067239;Communauté de communes des Luys en Béarn;2;Oui;Non;Non;1;Non;64514;Séby;Commune;216405142;64514;SEBY;Impôts et taxes;63181.31;0.0;0.0;63181.31;0.06318131;205;308.20151219512195;1;;;;2;;;;;;;2024;205
2024;Non;75;Nouvelle-Aquitaine;64;Pyrénées-Atlantiques;200072106;Communauté de communes Adour Madiran;2;Oui;Non;Non;1;Non;64515;Sedze-Maubecq;Commune;216405159;64515;SEDZE-MAUBECQ;Impôts et taxes;65566.66;0.0;0.0;65566.66;0.06556666;240;273.19441666666665;1;;;;2;;;;;;;2024;240
2024;Non;75;Nouvelle-Aquitaine;64;Pyrénées-Atlantiques;200067296;Communauté de communes du Nord Est Béarn;2;Oui;Non;Non;2;Non;64516;Sedzère;Commune;216405167;64516;SEDZERE;Impôts et taxes;142647.1;0.0;0.0;142647.1;0.1426471;380;375.38710526315793;1;;;;2;;;;;;;2024;380
2024;Non;75;Nouvelle-Aquitaine;64;Pyrénées-Atlantiques;200067296;Communauté de communes du Nord Est Béarn;1;Oui;Non;Non;1;Non;64517;Séméacq-Blachon;Commune;216405175;64517;SEMEACQ-BLACHON;Impôts et taxes;77493.94;0.0;0.0;77493.94;0.07749394;167;464.03556886227545;1;;;;2;;;;;;;2024;167
2024;Non;75;Nouvelle-Aquitaine;64;Pyrénées-Atlantiques;200067239;Communauté de communes des Luys en Béarn;5;Non;Non;Non;2;Non;64519;Serres-Castet;Commune;216405191;64519;SERRES-CASTET;Impôts et taxes;4629140.96;0.0;0.0;4629140.96;4.62914096;4504;1027.784404973357;1;;;;2;;;;;;;2024;4504
2024;Non;75;Nouvelle-Aquitaine;64;Pyrénées-Atlantiques;200067296;Communauté de communes du Nord Est Béarn;3;Non;Non;Non;4;Non;64520;Serres-Morlaàs;Commune;216405209;64520;SERRES-MORLAAS;Impôts et taxes;515441.29;0.0;0.0;515441.29;0.5154412899999999;866;595.1977944572748;1;;;;2;;;;;;;2024;866
2024;Non;75;Nouvelle-Aquitaine;64;Pyrénées-Atlantiques;200039204;Communauté de communes de Lacq-Orthez;3;Oui;Non;Non;2;Non;64521;Serres-Sainte-Marie;Commune;216405217;64521;SERRES-SAINTE-MARIE;Impôts et taxes;339263.71;0.0;0.0;339263.71;0.33926371;617;549.8601458670989;1;;;;2;;;;;;;2024;617
2024;Non;75;Nouvelle-Aquitaine;64;Pyrénées-Atlantiques;246400337;Communauté de communes de la Vallée d'Ossau;3;Non;Oui;Non;1;Non;64522;Sévignacq-Meyracq;Commune;216405225;64522;SEVIGNACQ-MEYRACQ;Impôts et taxes;237202.49;0.0;0.0;237202.49;0.23720249;568;417.6100176056338;1;;;;2;;;;;;;2024;568
2024;Non;75;Nouvelle-Aquitaine;64;Pyrénées-Atlantiques;200067239;Communauté de communes des Luys en Béarn;3;Oui;Non;Non;1;Non;64523;Sévignacq;Commune;216405233;64523;SEVIGNACQ;Impôts et taxes;305290.83;0.0;0.0;305290.83;0.30529083;800;381.6135375;1;;;;2;;;;;;;2024;800
2024;Non;75;Nouvelle-Aquitaine;64;Pyrénées-Atlantiques;200067296;Communauté de communes du Nord Est Béarn;2;Oui;Non;Non;1;Non;64524;Simacourbe;Commune;216405241;64524;SIMACOURBE;Impôts et taxes;141732.57;0.0;0.0;141732.57;0.14173257;422;335.8591706161138;1;;;;2;;;;;;;2024;422
2024;Non;75;Nouvelle-Aquitaine;64;Pyrénées-Atlantiques;200067254;Communauté d'agglomération Pau Béarn Pyrénées;3;Non;Non;Non;2;Non;64525;Siros;Commune;216405258;64525;SIROS;Impôts et taxes;332162.76;0.0;0.0;332162.76;0.33216276;833;398.75481392557026;1;;;;2;;;;;;;2024;833
2024;Non;75;Nouvelle-Aquitaine;64;Pyrénées-Atlantiques;200067296;Communauté de communes du Nord Est Béarn;3;Non;Non;Non;2;Non;64526;Soumoulou;Commune;216405266;64526;SOUMOULOU;Impôts et taxes;670220.26;0.0;0.0;670220.26;0.67022026;1603;418.1037180286962;1;;;;2;;;;;;;2024;1603
2024;Non;75;Nouvelle-Aquitaine;64;Pyrénées-Atlantiques;200067106;Communauté d'agglomération du Pays Basque;3;Oui;Oui;Non;2;Non;64527;Souraïde;Commune;216405274;64527;SOURAIDE;Impôts et taxes;536860.21;0.0;0.0;536860.21;0.53686021;1537;349.290962914769;1;;;;2;;;;;;;2024;1537
2024;Non;75;Nouvelle-Aquitaine;64;Pyrénées-Atlantiques;200067106;Communauté d'agglomération du Pays Basque;1;Oui;Oui;Non;1;Non;64528;Suhescun;Commune;216405282;64528;SUHESCUN;Impôts et taxes;80474.02;0.0;0.0;80474.02;0.08047402000000001;172;467.8722093023256;1;;;;2;;;;;;;2024;172
2024;Non;75;Nouvelle-Aquitaine;64;Pyrénées-Atlantiques;200067288;Communauté de communes du Béarn des Gaves;2;Non;Non;Non;1;Non;64529;Sus;Commune;216405290;64529;SUS;Impôts et taxes;113174.52;0.0;0.0;113174.52;0.11317452;389;290.93706940874034;1;;;;2;;;;;;;2024;389
2024;Non;75;Nouvelle-Aquitaine;64;Pyrénées-Atlantiques;200067288;Communauté de communes du Béarn des Gaves;2;Non;Non;Non;2;Non;64530;Susmiou;Commune;216405308;64530;SUSMIOU;Impôts et taxes;177658.94;0.0;0.0;177658.94;0.17765894000000002;362;490.77055248618785;1;;;;2;;;;;;;2024;362
2024;Non;75;Nouvelle-Aquitaine;64;Pyrénées-Atlantiques;200067288;Communauté de communes du Béarn des Gaves;0;Oui;Non;Non;1;Non;64531;Tabaille-Usquain;Commune;216405316;64531;TABAILLE-USQUAIN;Impôts et taxes;50326.35;0.0;0.0;50326.35;0.05032635;47;1070.773404255319;1;;;;2;;;;;;;2024;47
2024;Non;75;Nouvelle-Aquitaine;64;Pyrénées-Atlantiques;200067239;Communauté de communes des Luys en Béarn;0;Oui;Non;Non;0;Non;64532;Tadousse-Ussau;Commune;216405324;64532;TADOUSSE-USSAU;Impôts et taxes;73563.93;0.0;0.0;73563.93;0.07356393;73;1007.7250684931506;1;;;;2;;;;;;;2024;73
2024;Non;75;Nouvelle-Aquitaine;64;Pyrénées-Atlantiques;200067106;Communauté d'agglomération du Pays Basque;3;Oui;Oui;Non;1;Non;64533;Tardets-Sorholus;Commune;216405332;64533;TARDETS-SORHOLUS;Impôts et taxes;333250.62;0.0;0.0;333250.62;0.33325062;582;572.5955670103093;1;;;;2;;;;;;;2024;582
2024;Non;75;Nouvelle-Aquitaine;64;Pyrénées-Atlantiques;200067239;Communauté de communes des Luys en Béarn;1;Oui;Non;Non;1;Non;64534;Taron-Sadirac-Viellenave;Commune;216405340;64534;TARON-SADIRAC-VIELLENAVE;Impôts et taxes;111595.53;0.0;0.0;111595.53;0.11159553;180;619.9751666666666;1;;;;2;;;;;;;2024;180
2024;Non;75;Nouvelle-Aquitaine;64;Pyrénées-Atlantiques;200039204;Communauté de communes de Lacq-Orthez;3;Oui;Non;Non;2;Non;64535;Tarsacq;Commune;216405357;64535;TARSACQ;Impôts et taxes;219249.64;0.0;0.0;219249.64;0.21924964000000002;542;404.51963099631;1;;;;2;;;;;;;2024;542
2024;Non;75;Nouvelle-Aquitaine;64;Pyrénées-Atlantiques;200067239;Communauté de communes des Luys en Béarn;3;Oui;Non;Non;2;Non;64536;Thèze;Commune;216405365;64536;THEZE;Impôts et taxes;536401.52;0.0;0.0;536401.52;0.53640152;897;597.995005574136;1;;;;2;;;;;;;2024;897
2024;Non;75;Nouvelle-Aquitaine;64;Pyrénées-Atlantiques;200067106;Communauté d'agglomération du Pays Basque;1;Oui;Oui;Non;2;Non;64537;Trois-Villes;Commune;216405373;64537;TROIS-VILLES;Impôts et taxes;62385.02;0.0;0.0;62385.02;0.06238502;136;458.71338235294115;1;;;;2;;;;;;;2024;136
2024;Non;75;Nouvelle-Aquitaine;64;Pyrénées-Atlantiques;200067106;Communauté d'agglomération du Pays Basque;3;Non;Oui;Non;2;Non;64538;Uhart-Cize;Commune;216405381;64538;UHART-CIZE;Impôts et taxes;322398.69;0.0;0.0;322398.69;0.32239869;820;393.1691341463415;1;;;;2;;;;;;;2024;820
2024;Non;75;Nouvelle-Aquitaine;64;Pyrénées-Atlantiques;200067106;Communauté d'agglomération du Pays Basque;2;Oui;Oui;Non;1;Non;64539;Uhart-Mixe;Commune;216405399;64539;UHART-MIXE;Impôts et taxes;80971.16;0.0;0.0;80971.16;0.08097116;220;368.0507272727273;1;;;;2;;;;;;;2024;220
2024;Non;75;Nouvelle-Aquitaine;64;Pyrénées-Atlantiques;200067106;Communauté d'agglomération du Pays Basque;4;Non;Non;Non;2;Non;64540;Urcuit;Commune;216405407;64540;URCUIT;Impôts et taxes;1465079.7;0.0;0.0;1465079.7;1.4650797;2992;489.66567513368983;1;;;;2;;;;;;;2024;2992
2024;Non;75;Nouvelle-Aquitaine;64;Pyrénées-Atlantiques;200067262;Communauté de communes du Haut Béarn;0;Oui;Oui;Non;2;Non;64542;Urdos;Commune;216405423;64542;URDOS;Impôts et taxes;142253.49;0.0;0.0;142253.49;0.14225348999999998;69;2061.6447826086956;1;;;;2;;;;;;;2024;69
2024;Non;75;Nouvelle-Aquitaine;64;Pyrénées-Atlantiques;200067106;Communauté d'agglomération du Pays Basque;2;Oui;Oui;Non;0;Non;64543;Urepel;Commune;216405431;64543;UREPEL;Impôts et taxes;138846.31;0.0;0.0;138846.31;0.13884631;281;494.11498220640567;1;;;;2;;;;;;;2024;281
2024;Non;75;Nouvelle-Aquitaine;64;Pyrénées-Atlantiques;200067296;Communauté de communes du Nord Est Béarn;0;Oui;Non;Non;2;Non;64544;Urost;Commune;216405449;64544;UROST;Impôts et taxes;41764.52;0.0;0.0;41764.52;0.04176452;78;535.442564102564;1;;;;2;;;;;;;2024;78
2024;Non;75;Nouvelle-Aquitaine;64;Pyrénées-Atlantiques;200067106;Communauté d'agglomération du Pays Basque;7;Non;Non;Oui;2;Non;64545;Urrugne;Commune;216405456;64545;URRUGNE;Impôts et taxes;8681050.62;0.0;0.0;8681050.62;8.681050619999999;10704;811.0099607623317;1;;;;2;;;;;;;2024;10704
2024;Non;75;Nouvelle-Aquitaine;64;Pyrénées-Atlantiques;200067106;Communauté d'agglomération du Pays Basque;4;Oui;Non;Non;2;Non;64546;Urt;Commune;216405464;64546;URT;Impôts et taxes;1251960.15;0.0;0.0;1251960.15;1.25196015;2390;523.8326987447698;1;;;;2;;;;;;;2024;2390
2024;Non;75;Nouvelle-Aquitaine;64;Pyrénées-Atlantiques;200067106;Communauté d'agglomération du Pays Basque;6;Non;Non;Non;2;Non;64547;Ustaritz;Commune;216405472;64547;USTARITZ;Impôts et taxes;4826574.64;0.0;0.0;4826574.64;4.82657464;7755;622.3822875564151;1;;;;2;;;;;;;2024;7755
2024;Non;75;Nouvelle-Aquitaine;64;Pyrénées-Atlantiques;200067239;Communauté de communes des Luys en Béarn;1;Oui;Non;Non;2;Non;64548;Uzan;Commune;216405480;64548;UZAN;Impôts et taxes;42459.63;0.0;0.0;42459.63;0.04245963;168;252.73589285714283;1;;;;2;;;;;;;2024;168
2024;Non;75;Nouvelle-Aquitaine;64;Pyrénées-Atlantiques;200067254;Communauté d'agglomération Pau Béarn Pyrénées;3;Oui;Non;Non;2;Non;64549;Uzein;Commune;216405498;64549;UZEIN;Impôts et taxes;621995.07;0.0;0.0;621995.07;0.62199507;1310;474.8053969465648;1;;;;2;;;;;;;2024;1310
2024;Non;75;Nouvelle-Aquitaine;64;Pyrénées-Atlantiques;200067254;Communauté d'agglomération Pau Béarn Pyrénées;3;Non;Non;Non;3;Non;64550;Uzos;Commune;216405506;64550;UZOS;Impôts et taxes;625557.87;0.0;0.0;625557.87;0.62555787;860;727.3928720930232;1;;;;2;;;;;;;2024;860
2024;Non;75;Nouvelle-Aquitaine;64;Pyrénées-Atlantiques;200067262;Communauté de communes du Haut Béarn;2;Oui;Non;Non;1;Non;64551;Verdets;Commune;216405514;64551;VERDETS;Impôts et taxes;93139.4;0.0;0.0;93139.4;0.0931394;302;308.4086092715232;1;;;;2;;;;;;;2024;302
2024;Non;75;Nouvelle-Aquitaine;64;Pyrénées-Atlantiques;200067239;Communauté de communes des Luys en Béarn;1;Oui;Non;Non;1;Non;64552;Vialer;Commune;216405522;64552;VIALER;Impôts et taxes;106833.38;0.0;0.0;106833.38;0.10683338;168;635.9129761904762;1;;;;2;;;;;;;2024;168
2024;Non;75;Nouvelle-Aquitaine;64;Pyrénées-Atlantiques;200039204;Communauté de communes de Lacq-Orthez;2;Oui;Non;Non;1;Non;64554;Viellenave-d'Arthez;Commune;216405548;64554;VIELLENAVE-D'ARTHEZ;Impôts et taxes;116353.5;0.0;0.0;116353.5;0.1163535;222;524.1148648648649;1;;;;2;;;;;;;2024;222
2024;Non;75;Nouvelle-Aquitaine;64;Pyrénées-Atlantiques;200067288;Communauté de communes du Béarn des Gaves;1;Oui;Non;Non;1;Non;64555;Viellenave-de-Navarrenx;Commune;216405555;64555;VIELLENAVE-DE-NAVARRENX;Impôts et taxes;75046.63;0.0;0.0;75046.63;0.07504663;167;449.3810179640719;1;;;;2;;;;;;;2024;167
2024;Non;75;Nouvelle-Aquitaine;64;Pyrénées-Atlantiques;200039204;Communauté de communes de Lacq-Orthez;2;Oui;Non;Non;2;Non;64556;Vielleségure;Commune;216405563;64556;VIELLESEGURE;Impôts et taxes;206996.84;0.0;0.0;206996.84;0.20699684;390;530.7611282051282;1;;;;2;;;;;;;2024;390
2024;Non;75;Nouvelle-Aquitaine;64;Pyrénées-Atlantiques;200067239;Communauté de communes des Luys en Béarn;2;Oui;Non;Non;2;Non;64557;Vignes;Commune;216405571;64557;VIGNES;Impôts et taxes;105126.01;0.0;0.0;105126.01;0.10512600999999999;470;223.67236170212766;1;;;;2;;;;;;;2024;470
2024;Non;75;Nouvelle-Aquitaine;64;Pyrénées-Atlantiques;200067106;Communauté d'agglomération du Pays Basque;4;Non;Non;Non;2;Non;64558;Villefranque;Commune;216405589;64558;VILLEFRANQUE;Impôts et taxes;1690678.38;0.0;0.0;1690678.38;1.6906783799999998;2973;568.6775580221997;1;;;;2;;;;;;;2024;2973
2024;Non;75;Nouvelle-Aquitaine;64;Pyrénées-Atlantiques;200067106;Communauté d'agglomération du Pays Basque;3;Non;Oui;Non;2;Non;64559;Viodos-Abense-de-Bas;Commune;216405597;64559;VIODOS-ABENSE-DE-BAS;Impôts et taxes;461143.51;0.0;0.0;461143.51;0.46114351000000003;764;603.5909816753926;1;;;;2;;;;;;;2024;764
2024;Non;75;Nouvelle-Aquitaine;64;Pyrénées-Atlantiques;200067239;Communauté de communes des Luys en Béarn;1;Oui;Non;Non;2;Non;64560;Viven;Commune;216405605;64560;VIVEN;Impôts et taxes;61404.25;0.0;0.0;61404.25;0.06140425;176;348.88778409090907;1;;;;2;;;;;;;2024;176
2024;Non;75;Nouvelle-Aquitaine;64;Pyrénées-Atlantiques;200067254;Communauté d'agglomération Pau Béarn Pyrénées;3;Non;Non;Non;4;Non;64329;Lée;Commune;216405712;64329;LEE;Impôts et taxes;774403.87;0.0;0.0;774403.87;0.77440387;1307;592.5048737566947;1;;;;2;;;;;;;2024;1307
2024;Non;75;Nouvelle-Aquitaine;64;Pyrénées-Atlantiques;200067262;Communauté de communes du Haut Béarn;3;Non;Non;Non;2;Non;64007;Agnos;Commune;216405803;64007;AGNOS;Impôts et taxes;350270.73;0.0;0.0;350270.73;0.35027073;1064;329.20181390977444;1;;;;2;;;;;;;2024;1064
2024;Non;75;Nouvelle-Aquitaine;64;Pyrénées-Atlantiques;200039204;Communauté de communes de Lacq-Orthez;3;Oui;Non;Non;1;Non;64349;Loubieng;Commune;216405811;64349;LOUBIENG;Impôts et taxes;221200.33;0.0;0.0;221200.33;0.22120033;515;429.51520388349513;1;;;;2;;;;;;;2024;515
2024;Non;75;Nouvelle-Aquitaine;64;Pyrénées-Atlantiques;200067296;Communauté de communes du Nord Est Béarn;1;Oui;Non;Non;1;Non;64311;Lannecaube;Commune;216405829;64311;LANNECAUBE;Impôts et taxes;71121.72;0.0;0.0;71121.72;0.07112172;151;471.0047682119205;1;;;;2;;;;;;;2024;151
2024;Non;75;Nouvelle-Aquitaine;64;Pyrénées-Atlantiques;200039204;Communauté de communes de Lacq-Orthez;1;Oui;Non;Non;2;Non;64179;Castetner;Commune;216405845;64179;CASTETNER;Impôts et taxes;85679.86;0.0;0.0;85679.86;0.08567986;141;607.6585815602837;1;;;;2;;;;;;;2024;141
2024;Non;75;Nouvelle-Aquitaine;64;Pyrénées-Atlantiques;200039204;Communauté de communes de Lacq-Orthez;2;Non;Non;Non;2;Non;64462;Ramous;Commune;216405852;64462;RAMOUS;Impôts et taxes;193865.23;0.0;0.0;193865.23;0.19386523;493;393.23576064908724;1;;;;2;;;;;;;2024;493
2024;Non;75;Nouvelle-Aquitaine;64;Pyrénées-Atlantiques;200067262;Communauté de communes du Haut Béarn;3;Non;Non;Non;1;Non;64252;Gurmençon;Commune;216405860;64252;GURMENCON;Impôts et taxes;440938.62;0.0;0.0;440938.62;0.44093862;914;482.42737417943107;1;;;;2;;;;;;;2024;914
2024;Non;75;Nouvelle-Aquitaine;64;Pyrénées-Atlantiques;200067106;Communauté d'agglomération du Pays Basque;1;Oui;Non;Non;1;Non;64031;Arancou;Commune;216405878;64031;ARANCOU;Impôts et taxes;150375.69;0.0;0.0;150375.69;0.15037569;181;830.8049171270718;1;;;;2;;;;;;;2024;181
2024;Non;75;Nouvelle-Aquitaine;64;Pyrénées-Atlantiques;200039204;Communauté de communes de Lacq-Orthez;3;Non;Non;Non;1;Non;64108;Bellocq;Commune;216405886;64108;BELLOCQ;Impôts et taxes;353734.26;0.0;0.0;353734.26;0.35373426;923;383.2440520043337;1;;;;2;;;;;;;2024;923
2024;Non;75;Nouvelle-Aquitaine;64;Pyrénées-Atlantiques;200039204;Communauté de communes de Lacq-Orthez;3;Non;Non;Non;1;Non;64461;Puyoô;Commune;216405894;64461;PUYOO;Impôts et taxes;449907.18;0.0;0.0;449907.18;0.44990718;1118;402.42144901610015;1;;;;2;;;;;;;2024;1118
2024;Non;75;Nouvelle-Aquitaine;64;Pyrénées-Atlantiques;200067254;Communauté d'agglomération Pau Béarn Pyrénées;3;Non;Non;Non;3;Non;64439;Ousse;Commune;216414052;64439;OUSSE;Impôts et taxes;703450.9;0.0;0.0;703450.9;0.7034509;1716;409.9364219114219;1;;;;2;;;;;;;2024;1716
2024;Non;75;Nouvelle-Aquitaine;64;Pyrénées-Atlantiques;200067254;Communauté d'agglomération Pau Béarn Pyrénées;3;Non;Non;Non;3;Non;64518;Sendets;Commune;216414060;64518;SENDETS;Impôts et taxes;524835.77;0.0;0.0;524835.77;0.52483577;1171;448.19450896669514;1;;;;2;;;;;;;2024;1171
2024;Non;75;Nouvelle-Aquitaine;33;Gironde;243301223;Communauté de communes du Grand Cubzaguais;5;Non;Non;Non;1;Non;33018;Val de Virvée;Commune;200058071;33018;VAL-DE-VIRVEE;Impôts et taxes;1118360.0;0.0;0.0;1118360.0;1.11836;3748;298.38847385272146;1;;;;2;;;;;;;2024;3748
2024;Non;75;Nouvelle-Aquitaine;33;Gironde;200043974;Communauté de communes du Sud Gironde;3;Oui;Non;Non;1;Non;33106;Castets et Castillon;Commune;200064301;33106;CASTETS-ET-CASTILLON;Impôts et taxes;651109.88;0.0;0.0;651109.88;0.65110988;1545;421.4303430420712;1;;;;2;;;;;;;2024;1545
2024;Non;75;Nouvelle-Aquitaine;33;Gironde;243301447;Communauté de communes Médoc Estuaire;4;Non;Non;Non;2;Non;33268;Margaux-Cantenac;Commune;200068013;33268;MARGAUX-CANTENAC;Impôts et taxes;1632926.78;0.0;0.0;1632926.78;1.63292678;2861;570.7538552953513;1;;;;2;;;;;;;2024;2861
2024;Non;75;Nouvelle-Aquitaine;33;Gironde;200069599;Communauté de communes rurales de l'Entre-Deux-Mers;3;Oui;Non;Oui;1;Non;33008;Porte-de-Benauge;Commune;200083772;33008;PORTE-DE-BENAUGE;Impôts et taxes;213905.55;0.0;0.0;213905.55;0.21390555;508;421.07391732283463;1;;;;2;;;;;;;2024;508
2024;Non;75;Nouvelle-Aquitaine;33;Gironde;200069995;Communauté de communes Médoc Cœur de Presqu'île;2;Oui;Non;Non;1;Non;33055;Blaignan-Prignac;Commune;200083780;33055;BLAIGNAN-PRIGNAC;Impôts et taxes;244571.34;0.0;0.0;244571.34;0.24457134;463;528.2318358531318;1;;;;2;;;;;;;2024;463
2024;Non;75;Nouvelle-Aquitaine;33;Gironde;243300811;Communauté de communes de l'Estuaire;3;Oui;Non;Non;1;Non;33380;Val-de-Livenne;Commune;200083830;33380;VAL DE LIVENNE;Impôts et taxes;931719.86;0.0;0.0;931719.86;0.93171986;1816;513.0615969162995;1;;;;2;;;;;;;2024;1816
2024;Non;75;Nouvelle-Aquitaine;33;Gironde;200070092;Communauté d'agglomération du Libournais;4;Oui;Non;Non;1;Non;33001;Abzac;Commune;213300015;33001;ABZAC;Impôts et taxes;1282179.76;0.0;0.0;1282179.76;1.28217976;2038;629.1362904808636;1;;;;2;;;;;;;2024;2038
2024;Non;75;Nouvelle-Aquitaine;33;Gironde;200044394;Communauté de communes du Réolais en Sud Gironde;3;Oui;Non;Non;1;Non;33002;Aillas;Commune;213300023;33002;AILLAS;Impôts et taxes;379794.0;0.0;0.0;379794.0;0.379794;838;453.2147971360382;1;;;;2;;;;;;;2024;838
2024;Non;75;Nouvelle-Aquitaine;33;Gironde;243300316;Bordeaux Métropole;7;Non;Non;Non;1;Non;33003;Ambarès-et-Lagrave;Commune;213300031;33003;AMBARES-ET-LAGRAVE;Impôts et taxes;13020723.2;0.0;0.0;13020723.2;13.020723199999999;16963;767.5955432411719;1;;;;2;;;;;;;2024;16963
2024;Non;75;Nouvelle-Aquitaine;33;Gironde;243300316;Bordeaux Métropole;4;Non;Non;Non;1;Non;33004;Ambès;Commune;213300049;33004;AMBES;Impôts et taxes;3692630.58;0.0;0.0;3692630.58;3.69263058;3230;1143.2292817337461;1;;;;2;;;;;;;2024;3230
2024;Non;75;Nouvelle-Aquitaine;33;Gironde;243301504;Communauté d'agglomération du Bassin d'Arcachon Nord;7;Non;Non;Oui;3;Non;33005;Andernos-les-Bains;Commune;213300056;33005;ANDERNOS-LES-BAINS;Impôts et taxes;18046126.68;0.0;0.0;18046126.68;18.04612668;12746;1415.826665620587;1;;;;2;;;;;;;2024;12746
2024;Non;75;Nouvelle-Aquitaine;33;Gironde;243300811;Communauté de communes de l'Estuaire;3;Oui;Non;Non;1;Non;33006;Anglade;Commune;213300064;33006;ANGLADE;Impôts et taxes;367862.91;0.0;0.0;367862.91;0.36786291;918;400.7221241830065;1;;;;2;;;;;;;2024;918
2024;Non;75;Nouvelle-Aquitaine;33;Gironde;200069581;Communauté de communes Convergence Garonne;3;Non;Non;Non;2;Non;33007;Arbanats;Commune;213300072;33007;ARBANATS;Impôts et taxes;580701.42;0.0;0.0;580701.42;0.58070142;1366;425.11084919472916;1;;;;2;;;;;;;2024;1366
2024;Non;75;Nouvelle-Aquitaine;33;Gironde;243300563;Communauté d'agglomération Bassin d'Arcachon Sud (COBAS);7;Non;Non;Oui;4;Non;33009;Arcachon;Commune;213300098;33009;ARCACHON;Impôts et taxes;30815108.78;0.0;0.0;30815108.78;30.815108780000003;11579;2661.29275239658;1;;;;2;;;;;;;2024;11579
2024;Non;75;Nouvelle-Aquitaine;33;Gironde;243301447;Communauté de communes Médoc Estuaire;3;Oui;Non;Non;2;Non;33010;Arcins;Commune;213300106;33010;ARCINS;Impôts et taxes;311500.96;0.0;0.0;311500.96;0.31150096;553;563.2928752260398;1;;;;2;;;;;;;2024;553
2024;Non;75;Nouvelle-Aquitaine;33;Gironde;243301504;Communauté d'agglomération du Bassin d'Arcachon Nord;6;Non;Non;Oui;3;Non;33011;Arès;Commune;213300114;33011;ARES;Impôts et taxes;7818087.05;0.0;0.0;7818087.05;7.81808705;6567;1190.5111999390895;1;;;;2;;;;;;;2024;6567
2024;Non;75;Nouvelle-Aquitaine;33;Gironde;243301447;Communauté de communes Médoc Estuaire;5;Non;Non;Non;2;Non;33012;Arsac;Commune;213300122;33012;ARSAC;Impôts et taxes;2859185.83;0.0;0.0;2859185.83;2.85918583;4018;711.5942832254854;1;;;;2;;;;;;;2024;4018
2024;Non;75;Nouvelle-Aquitaine;33;Gironde;243300316;Bordeaux Métropole;6;Non;Non;Non;2;Non;33013;Artigues-près-Bordeaux;Commune;213300130;33013;ARTIGUES-PRES-BORDEAUX;Impôts et taxes;7867190.63;0.0;0.0;7867190.63;7.86719063;8722;901.9938809905984;1;;;;2;;;;;;;2024;8722
2024;Non;75;Nouvelle-Aquitaine;33;Gironde;200035533;Communauté de communes du Grand Saint-Émilionnais;3;Oui;Non;Non;2;Non;33014;Les Artigues-de-Lussac;Commune;213300148;33014;LES ARTIGUES-DE-LUSSAC;Impôts et taxes;331431.01;0.0;0.0;331431.01;0.33143101;1136;291.7526496478873;1;;;;2;;;;;;;2024;1136
2024;Non;75;Nouvelle-Aquitaine;33;Gironde;200070092;Communauté d'agglomération du Libournais;4;Non;Non;Non;2;Non;33015;Arveyres;Commune;213300155;33015;ARVEYRES;Impôts et taxes;1270488.24;0.0;0.0;1270488.24;1.27048824;2065;615.2485423728814;1;;;;2;;;;;;;2024;2065
2024;Non;75;Nouvelle-Aquitaine;33;Gironde;243301397;Communauté de communes du Fronsadais;2;Non;Non;Non;2;Non;33016;Asques;Commune;213300163;33016;ASQUES;Impôts et taxes;260422.4;0.0;0.0;260422.4;0.2604224;442;589.1909502262444;1;;;;2;;;;;;;2024;442
2024;Non;75;Nouvelle-Aquitaine;33;Gironde;243301504;Communauté d'agglomération du Bassin d'Arcachon Nord;6;Non;Non;Oui;2;Non;33019;Audenge;Commune;213300197;33019;AUDENGE;Impôts et taxes;7543977.64;0.0;0.0;7543977.64;7.54397764;9511;793.1844853327725;1;;;;2;;;;;;;2024;9511
2024;Non;75;Nouvelle-Aquitaine;33;Gironde;243301371;Communauté de communes du Pays Foyen;1;Oui;Non;Non;1;Non;33020;Auriolles;Commune;213300205;33020;AURIOLLES;Impôts et taxes;75936.22;0.0;0.0;75936.22;0.07593622;144;527.3348611111111;1;;;;2;;;;;;;2024;144
2024;Non;75;Nouvelle-Aquitaine;33;Gironde;200044394;Communauté de communes du Réolais en Sud Gironde;3;Oui;Non;Non;1;Non;33021;Auros;Commune;213300213;33021;AUROS;Impôts et taxes;428545.68;0.0;0.0;428545.68;0.42854568;1067;401.63606373008435;1;;;;2;;;;;;;2024;1067
2024;Non;75;Nouvelle-Aquitaine;33;Gironde;243301389;Communauté de communes Médullienne;4;Non;Non;Non;2;Non;33022;Avensan;Commune;213300221;33022;AVENSAN;Impôts et taxes;1728039.6;0.0;0.0;1728039.6;1.7280396;3119;554.0364219301058;1;;;;2;;;;;;;2024;3119
2024;Non;75;Nouvelle-Aquitaine;33;Gironde;243301264;Communauté de communes de Montesquieu;3;Non;Non;Non;2;Non;33023;Ayguemorte-les-Graves;Commune;213300239;33023;AYGUEMORTE-LES-GRAVES;Impôts et taxes;841516.73;0.0;0.0;841516.73;0.8415167299999999;1411;596.3973990077959;1;;;;2;;;;;;;2024;1411
2024;Non;75;Nouvelle-Aquitaine;33;Gironde;200044394;Communauté de communes du Réolais en Sud Gironde;2;Non;Non;Non;1;Non;33024;Bagas;Commune;213300247;33024;BAGAS;Impôts et taxes;127147.75;0.0;0.0;127147.75;0.12714775;297;428.10690235690237;1;;;;2;;;;;;;2024;297
2024;Non;75;Nouvelle-Aquitaine;33;Gironde;200069599;Communauté de communes rurales de l'Entre-Deux-Mers;2;Oui;Non;Oui;1;Non;33025;Baigneaux;Commune;213300254;33025;BAIGNEAUX;Impôts et taxes;168693.0;0.0;0.0;168693.0;0.168693;450;374.87333333333333;1;;;;2;;;;;;;2024;450
2024;Non;75;Nouvelle-Aquitaine;33;Gironde;200043974;Communauté de communes du Sud Gironde;3;Oui;Non;Non;1;Non;33026;Balizac;Commune;213300262;33026;BALIZAC;Impôts et taxes;219520.0;0.0;0.0;219520.0;0.21952;519;422.96724470134876;1;;;;2;;;;;;;2024;519
2024;Non;75;Nouvelle-Aquitaine;33;Gironde;200044394;Communauté de communes du Réolais en Sud Gironde;2;Oui;Non;Non;1;Non;33027;Barie;Commune;213300270;33027;BARIE;Impôts et taxes;129083.0;0.0;0.0;129083.0;0.129083;290;445.1137931034483;1;;;;2;;;;;;;2024;290
2024;Non;75;Nouvelle-Aquitaine;33;Gironde;243301215;Communauté de communes du Créonnais;3;Non;Non;Non;2;Non;33028;Baron;Commune;213300288;33028;BARON;Impôts et taxes;439331.59;0.0;0.0;439331.59;0.43933159000000005;1209;363.38427626137303;1;;;;2;;;;;;;2024;1209
2024;Non;75;Nouvelle-Aquitaine;33;Gironde;243301405;Communauté de communes du Val de l'Eyre;6;Non;Non;Non;2;Non;33029;Le Barp;Commune;213300296;33029;LE BARP;Impôts et taxes;4010021.81;0.0;0.0;4010021.81;4.0100218100000005;5736;699.0972472105997;1;;;;2;;;;;;;2024;5736
2024;Non;75;Nouvelle-Aquitaine;33;Gironde;200069581;Communauté de communes Convergence Garonne;4;Oui;Non;Non;1;Non;33030;Barsac;Commune;213300304;33030;BARSAC;Impôts et taxes;1071920.22;0.0;0.0;1071920.22;1.07192022;2089;513.1260028721877;1;;;;2;;;;;;;2024;2089
2024;Non;75;Nouvelle-Aquitaine;33;Gironde;200044394;Communauté de communes du Réolais en Sud Gironde;1;Oui;Non;Non;2;Non;33031;Bassanne;Commune;213300312;33031;BASSANNE;Impôts et taxes;71312.0;0.0;0.0;71312.0;0.071312;134;532.179104477612;1;;;;2;;;;;;;2024;134
2024;Non;75;Nouvelle-Aquitaine;33;Gironde;243300316;Bordeaux Métropole;6;Non;Non;Non;1;Oui;33032;Bassens;Commune;213300320;33032;BASSENS;Impôts et taxes;9944382.09;0.0;0.0;9944382.09;9.94438209;7909;1257.3501188519408;1;;;;2;;;;;;;2024;7909
2024;Non;75;Nouvelle-Aquitaine;33;Gironde;243301439;Communauté de communes des Portes de l'Entre-Deux-Mers;3;Non;Non;Non;2;Non;33033;Baurech;Commune;213300338;33033;BAURECH;Impôts et taxes;340939.94;0.0;0.0;340939.94;0.34093994;972;350.76125514403293;1;;;;2;;;;;;;2024;972
2024;Non;75;Nouvelle-Aquitaine;33;Gironde;200070092;Communauté d'agglomération du Libournais;2;Oui;Non;Non;1;Non;33034;Bayas;Commune;213300346;33034;BAYAS;Impôts et taxes;240954.8;0.0;0.0;240954.8;0.2409548;465;518.1823655913978;1;;;;2;;;;;;;2024;465
2024;Non;75;Nouvelle-Aquitaine;33;Gironde;200023794;Communauté de communes de Blaye;3;Non;Non;Non;2;Non;33035;Bayon-sur-Gironde;Commune;213300353;33035;BAYON-SUR-GIRONDE;Impôts et taxes;435617.0;0.0;0.0;435617.0;0.435617;734;593.483651226158;1;;;;2;;;;;;;2024;734
2024;Non;75;Nouvelle-Aquitaine;33;Gironde;200043982;Communauté de communes du Bazadais;6;Non;Non;Non;1;Non;33036;Bazas;Commune;213300361;33036;BAZAS;Impôts et taxes;2876371.99;0.0;0.0;2876371.99;2.8763719900000004;5059;568.5653271397509;1;;;;2;;;;;;;2024;5059
2024;Non;75;Nouvelle-Aquitaine;33;Gironde;243301264;Communauté de communes de Montesquieu;4;Non;Non;Non;2;Non;33037;Beautiran;Commune;213300379;33037;BEAUTIRAN;Impôts et taxes;1614392.15;0.0;0.0;1614392.15;1.6143921499999998;2484;649.9163244766505;1;;;;2;;;;;;;2024;2484
2024;Non;75;Nouvelle-Aquitaine;33;Gironde;200069995;Communauté de communes Médoc Cœur de Presqu'île;3;Oui;Non;Non;1;Non;33038;Bégadan;Commune;213300387;33038;BEGADAN;Impôts et taxes;551349.13;0.0;0.0;551349.13;0.55134913;911;605.2130954994511;1;;;;2;;;;;;;2024;911
2024;Non;75;Nouvelle-Aquitaine;33;Gironde;243300316;Bordeaux Métropole;8;Non;Non;Non;2;Oui;33039;Bègles;Commune;213300395;33039;BEGLES;Impôts et taxes;26169637.1;0.0;0.0;26169637.1;26.169637100000003;31161;839.8201951156896;1;;;;2;;;;;;;2024;31161
2024;Non;75;Nouvelle-Aquitaine;33;Gironde;200069581;Communauté de communes Convergence Garonne;3;Non;Non;Non;1;Non;33040;Béguey;Commune;213300403;33040;BEGUEY;Impôts et taxes;661942.42;0.0;0.0;661942.42;0.66194242;1221;542.1313841113841;1;;;;2;;;;;;;2024;1221
2024;Non;75;Nouvelle-Aquitaine;33;Gironde;243301405;Communauté de communes du Val de l'Eyre;6;Non;Non;Non;2;Non;33042;Belin-Béliet;Commune;213300429;33042;BELIN-BELIET;Impôts et taxes;3507693.17;0.0;0.0;3507693.17;3.50769317;6141;571.192504478098;1;;;;2;;;;;;;2024;6141
2024;Non;75;Nouvelle-Aquitaine;33;Gironde;200069599;Communauté de communes rurales de l'Entre-Deux-Mers;2;Oui;Non;Oui;1;Non;33043;Bellebat;Commune;213300437;33043;BELLEBAT;Impôts et taxes;105932.16;0.0;0.0;105932.16;0.10593216;326;324.94527607361965;1;;;;2;;;;;;;2024;326
2024;Non;75;Nouvelle-Aquitaine;33;Gironde;200069599;Communauté de communes rurales de l'Entre-Deux-Mers;2;Oui;Non;Oui;3;Non;33044;Bellefond;Commune;213300445;33044;BELLEFOND;Impôts et taxes;96747.46;0.0;0.0;96747.46;0.09674746000000001;220;439.76118181818185;1;;;;2;;;;;;;2024;220
2024;Non;75;Nouvelle-Aquitaine;33;Gironde;200035533;Communauté de communes du Grand Saint-Émilionnais;2;Oui;Non;Non;1;Non;33045;Belvès-de-Castillon;Commune;213300452;33045;BELVES-DE-CASTILLON;Impôts et taxes;139077.36;0.0;0.0;139077.36;0.13907735999999998;339;410.2576991150442;1;;;;2;;;;;;;2024;339
2024;Non;75;Nouvelle-Aquitaine;33;Gironde;200043982;Communauté de communes du Bazadais;3;Oui;Non;Non;2;Non;33046;Bernos-Beaulac;Commune;213300460;33046;BERNOS-BEAULAC;Impôts et taxes;623068.85;0.0;0.0;623068.85;0.62306885;1166;534.3643653516294;1;;;;2;;;;;;;2024;1166
2024;Non;75;Nouvelle-Aquitaine;33;Gironde;200023794;Communauté de communes de Blaye;3;Oui;Non;Non;2;Non;33047;Berson;Commune;213300478;33047;BERSON;Impôts et taxes;902183.63;0.0;0.0;902183.63;0.90218363;1854;486.6146871628911;1;;;;2;;;;;;;2024;1854
2024;Non;75;Nouvelle-Aquitaine;33;Gironde;200044394;Communauté de communes du Réolais en Sud Gironde;2;Oui;Non;Non;1;Non;33048;Berthez;Commune;213300486;33048;BERTHEZ;Impôts et taxes;94533.0;0.0;0.0;94533.0;0.094533;288;328.2395833333333;1;;;;2;;;;;;;2024;288
2024;Non;75;Nouvelle-Aquitaine;33;Gironde;243301249;Communauté de communes Les Rives de la Laurence;4;Non;Non;Non;2;Non;33049;Beychac-et-Caillau;Commune;213300494;33049;BEYCHAC-ET-CAILLAU;Impôts et taxes;2166117.26;0.0;0.0;2166117.26;2.1661172599999996;2614;828.6600076511094;1;;;;2;;;;;;;2024;2614
2024;Non;75;Nouvelle-Aquitaine;33;Gironde;200043974;Communauté de communes du Sud Gironde;3;Oui;Non;Non;1;Non;33050;Bieujac;Commune;213300502;33050;BIEUJAC;Impôts et taxes;272302.59;0.0;0.0;272302.59;0.27230259;665;409.47757894736844;1;;;;2;;;;;;;2024;665
2024;Non;75;Nouvelle-Aquitaine;33;Gironde;243301504;Communauté d'agglomération du Bassin d'Arcachon Nord;7;Non;Non;Non;2;Non;33051;Biganos;Commune;213300510;33051;BIGANOS;Impôts et taxes;11942090.07;0.0;0.0;11942090.07;11.94209007;11232;1063.2202697649573;1;;;;2;;;;;;;2024;11232
2024;Non;75;Nouvelle-Aquitaine;33;Gironde;200070092;Communauté d'agglomération du Libournais;3;Non;Non;Non;2;Non;33052;Les Billaux;Commune;213300528;33052;LES BILLAUX;Impôts et taxes;658352.85;0.0;0.0;658352.85;0.65835285;1201;548.1705661948376;1;;;;2;;;;;;;2024;1201
2024;Non;75;Nouvelle-Aquitaine;33;Gironde;200043982;Communauté de communes du Bazadais;2;Oui;Non;Non;1;Non;33053;Birac;Commune;213300536;33053;BIRAC;Impôts et taxes;103166.5;0.0;0.0;103166.5;0.1031665;239;431.6589958158996;1;;;;2;;;;;;;2024;239
2024;Non;75;Nouvelle-Aquitaine;33;Gironde;200044394;Communauté de communes du Réolais en Sud Gironde;2;Oui;Non;Non;2;Non;33054;Blaignac;Commune;213300544;33054;BLAIGNAC;Impôts et taxes;95346.0;0.0;0.0;95346.0;0.095346;310;307.56774193548387;1;;;;2;;;;;;;2024;310
2024;Non;75;Nouvelle-Aquitaine;33;Gironde;243300316;Bordeaux Métropole;7;Non;Non;Non;2;Non;33056;Blanquefort;Commune;213300569;33056;BLANQUEFORT;Impôts et taxes;19149693.63;0.0;0.0;19149693.63;19.149693629999998;16636;1151.099641139697;1;;;;2;;;;;;;2024;16636
2024;Non;75;Nouvelle-Aquitaine;33;Gironde;200069599;Communauté de communes rurales de l'Entre-Deux-Mers;3;Oui;Non;Non;1;Non;33057;Blasimon;Commune;213300577;33057;BLASIMON;Impôts et taxes;484128.76;0.0;0.0;484128.76;0.48412876;960;504.30079166666667;1;;;;2;;;;;;;2024;960
2024;Non;75;Nouvelle-Aquitaine;33;Gironde;200023794;Communauté de communes de Blaye;6;Non;Non;Non;1;Non;33058;Blaye;Commune;213300585;33058;BLAYE;Impôts et taxes;4054791.47;-1950.0;0.0;4052841.47;4.052841470000001;5077;798.2748611384676;1;;;;2;;;;;;;2024;5077
2024;Non;75;Nouvelle-Aquitaine;33;Gironde;243301215;Communauté de communes du Créonnais;2;Oui;Non;Non;2;Non;33059;Blésignac;Commune;213300593;33059;BLESIGNAC;Impôts et taxes;116943.06;0.0;0.0;116943.06;0.11694306;314;372.430127388535;1;;;;2;;;;;;;2024;314
2024;Non;75;Nouvelle-Aquitaine;33;Gironde;200043974;Communauté de communes du Sud Gironde;3;Oui;Non;Non;2;Non;33060;Bommes;Commune;213300601;33060;BOMMES;Impôts et taxes;204461.53;0.0;0.0;204461.53;0.20446153;508;402.48332677165354;1;;;;2;;;;;;;2024;508
2024;Non;75;Nouvelle-Aquitaine;33;Gironde;243301355;Communauté de communes Les Coteaux Bordelais;3;Non;Non;Non;3;Non;33061;Bonnetan;Commune;213300619;33061;BONNETAN;Impôts et taxes;483979.0;0.0;0.0;483979.0;0.483979;1043;464.02588686481306;1;;;;2;;;;;;;2024;1043
2024;Non;75;Nouvelle-Aquitaine;33;Gironde;200070092;Communauté d'agglomération du Libournais;3;Oui;Non;Non;2;Non;33062;Bonzac;Commune;213300627;33062;BONZAC;Impôts et taxes;319058.0;0.0;0.0;319058.0;0.319058;791;403.36030341340074;1;;;;2;;;;;;;2024;791
2024;Non;75;Nouvelle-Aquitaine;33;Gironde;243300316;Bordeaux Métropole;10;Non;Non;Oui;3;Oui;33063;Bordeaux;Commune;213300635;33063;BORDEAUX;Impôts et taxes;298456845.94;0.0;0.0;298456845.94;298.45684594;265255;1125.1695385195378;1;;;;2;;;;;;;2024;265255
2024;Non;75;Nouvelle-Aquitaine;33;Gironde;243301454;Communauté de communes Castillon/Pujols;0;Oui;Non;Non;1;Non;33064;Bossugan;Commune;213300643;33064;BOSSUGAN;Impôts et taxes;46990.0;0.0;0.0;46990.0;0.04699;43;1092.7906976744187;1;;;;2;;;;;;;2024;43
2024;Non;75;Nouvelle-Aquitaine;33;Gironde;243300316;Bordeaux Métropole;5;Non;Non;Non;4;Non;33065;Bouliac;Commune;213300650;33065;BOULIAC;Impôts et taxes;3795321.0;0.0;0.0;3795321.0;3.795321;3848;986.3100311850312;1;;;;2;;;;;;;2024;3848
2024;Non;75;Nouvelle-Aquitaine;33;Gironde;200044394;Communauté de communes du Réolais en Sud Gironde;0;Oui;Non;Non;1;Non;33066;Bourdelles;Commune;213300668;33066;BOURDELLES;Impôts et taxes;80424.0;0.0;0.0;80424.0;0.080424;97;829.1134020618557;1;;;;2;;;;;;;2024;97
2024;Non;75;Nouvelle-Aquitaine;33;Gironde;243301223;Communauté de communes du Grand Cubzaguais;4;Non;Non;Non;1;Non;33067;Bourg;Commune;213300676;33067;BOURG;Impôts et taxes;1385285.0;0.0;0.0;1385285.0;1.385285;2312;599.1717128027682;1;;;;2;;;;;;;2024;2312
2024;Non;75;Nouvelle-Aquitaine;33;Gironde;200043974;Communauté de communes du Sud Gironde;1;Oui;Non;Non;1;Non;33068;Bourideys;Commune;213300684;33068;BOURIDEYS;Impôts et taxes;100465.59;0.0;0.0;100465.59;0.10046559;102;984.9567647058823;1;;;;2;;;;;;;2024;102
2024;Non;75;Nouvelle-Aquitaine;33;Gironde;243300316;Bordeaux Métropole;8;Non;Non;Non;4;Oui;33069;Le Bouscat;Commune;213300692;33069;LE BOUSCAT;Impôts et taxes;21912014.62;0.0;0.0;21912014.62;21.91201462;24640;889.2863076298702;1;;;;2;;;;;;;2024;24640
2024;Non;75;Nouvelle-Aquitaine;33;Gironde;243301389;Communauté de communes Médullienne;3;Oui;Non;Non;1;Non;33070;Brach;Commune;213300700;33070;BRACH;Impôts et taxes;326543.78;0.0;0.0;326543.78;0.32654378;863;378.38213209733493;1;;;;2;;;;;;;2024;863
2024;Non;75;Nouvelle-Aquitaine;33;Gironde;243301454;Communauté de communes Castillon/Pujols;3;Non;Non;Non;1;Non;33071;Branne;Commune;213300718;33071;BRANNE;Impôts et taxes;677721.77;0.0;0.0;677721.77;0.67772177;1326;511.1023906485671;1;;;;2;;;;;;;2024;1326
2024;Non;75;Nouvelle-Aquitaine;33;Gironde;200044394;Communauté de communes du Réolais en Sud Gironde;2;Oui;Non;Non;1;Non;33072;Brannens;Commune;213300726;33072;BRANNENS;Impôts et taxes;145004.95;0.0;0.0;145004.95;0.14500495000000002;244;594.2825819672132;1;;;;2;;;;;;;2024;244
2024;Non;75;Nouvelle-Aquitaine;33;Gironde;243300811;Communauté de communes de l'Estuaire;3;Oui;Non;Non;1;Non;33073;Braud-et-Saint-Louis;Commune;213300734;33073;BRAUD-ET-SAINT-LOUIS;Impôts et taxes;-618702.89;-4723.78;0.0;-623426.67;-0.6234266700000001;1540;-404.822512987013;1;;;;2;;;;;;;2024;1540
2024;Non;75;Nouvelle-Aquitaine;33;Gironde;200044394;Communauté de communes du Réolais en Sud Gironde;2;Oui;Non;Non;1;Non;33074;Brouqueyran;Commune;213300742;33074;BROUQUEYRAN;Impôts et taxes;78864.0;0.0;0.0;78864.0;0.078864;211;373.7630331753555;1;;;;2;;;;;;;2024;211
2024;Non;75;Nouvelle-Aquitaine;33;Gironde;243300316;Bordeaux Métropole;8;Non;Non;Non;2;Non;33075;Bruges;Commune;213300759;33075;BRUGES;Impôts et taxes;22396198.61;0.0;0.0;22396198.61;22.39619861;20437;1095.865274257474;1;;;;2;;;;;;;2024;20437
2024;Non;75;Nouvelle-Aquitaine;33;Gironde;200069581;Communauté de communes Convergence Garonne;3;Oui;Non;Non;2;Non;33076;Budos;Commune;213300767;33076;BUDOS;Impôts et taxes;375471.99;0.0;0.0;375471.99;0.37547199;828;453.46858695652173;1;;;;2;;;;;;;2024;828
2024;Non;75;Nouvelle-Aquitaine;33;Gironde;243301264;Communauté de communes de Montesquieu;4;Oui;Non;Non;2;Non;33077;Cabanac-et-Villagrains;Commune;213300775;33077;CABANAC-ET-VILLAGRAINS;Impôts et taxes;1228314.0;0.0;0.0;1228314.0;1.228314;2444;502.5834697217676;1;;;;2;;;;;;;2024;2444
2024;Non;75;Nouvelle-Aquitaine;33;Gironde;243301454;Communauté de communes Castillon/Pujols;3;Oui;Non;Non;2;Non;33078;Cabara;Commune;213300783;33078;CABARA;Impôts et taxes;272990.03;0.0;0.0;272990.03;0.27299003000000005;506;539.5059881422925;1;;;;2;;;;;;;2024;506
2024;Non;75;Nouvelle-Aquitaine;33;Gironde;200070092;Communauté d'agglomération du Libournais;2;Non;Non;Non;2;Non;33079;Cadarsac;Commune;213300791;33079;CADARSAC;Impôts et taxes;140159.75;0.0;0.0;140159.75;0.14015975;354;395.93149717514126;1;;;;2;;;;;;;2024;354
2024;Non;75;Nouvelle-Aquitaine;33;Gironde;243301264;Communauté de communes de Montesquieu;6;Non;Non;Non;2;Non;33080;Cadaujac;Commune;213300809;33080;CADAUJAC;Impôts et taxes;5126350.78;0.0;0.0;5126350.78;5.12635078;6742;760.3605428656185;1;;;;2;;;;;;;2024;6742
2024;Non;75;Nouvelle-Aquitaine;33;Gironde;200069581;Communauté de communes Convergence Garonne;4;Non;Non;Non;1;Non;33081;Cadillac-sur-Garonne;Commune;213300817;33081;CADILLAC SUR GARONNE;Impôts et taxes;1728446.09;0.0;0.0;1728446.09;1.72844609;2812;614.6678840682788;1;;;;2;;;;;;;2024;2812
2024;Non;75;Nouvelle-Aquitaine;33;Gironde;243301397;Communauté de communes du Fronsadais;3;Non;Non;Non;2;Non;33082;Cadillac-en-Fronsadais;Commune;213300825;33082;CADILLAC-EN-FRONSADAIS;Impôts et taxes;555519.2;0.0;0.0;555519.2;0.5555192;1371;405.19270605397514;1;;;;2;;;;;;;2024;1371
2024;Non;75;Nouvelle-Aquitaine;33;Gironde;243301355;Communauté de communes Les Coteaux Bordelais;3;Non;Non;Non;2;Non;33083;Camarsac;Commune;213300833;33083;CAMARSAC;Impôts et taxes;478062.0;0.0;0.0;478062.0;0.478062;1036;461.44980694980694;1;;;;2;;;;;;;2024;1036
2024;Non;75;Nouvelle-Aquitaine;33;Gironde;243301439;Communauté de communes des Portes de l'Entre-Deux-Mers;3;Non;Non;Non;2;Non;33084;Cambes;Commune;213300841;33084;CAMBES;Impôts et taxes;993721.22;0.0;0.0;993721.22;0.99372122;1829;543.3139529797703;1;;;;2;;;;;;;2024;1829
2024;Non;75;Nouvelle-Aquitaine;33;Gironde;243301439;Communauté de communes des Portes de l'Entre-Deux-Mers;4;Non;Non;Non;3;Non;33085;Camblanes-et-Meynac;Commune;213300858;33085;CAMBLANES-ET-MEYNAC;Impôts et taxes;1809303.79;0.0;0.0;1809303.79;1.80930379;3238;558.7720166769611;1;;;;2;;;;;;;2024;3238
2024;Non;75;Nouvelle-Aquitaine;33;Gironde;243301215;Communauté de communes du Créonnais;2;Oui;Non;Non;2;Non;33086;Camiac-et-Saint-Denis;Commune;213300866;33086;CAMIAC-ET-SAINT-DENIS;Impôts et taxes;129407.81;0.0;0.0;129407.81;0.12940780999999998;367;352.60983651226155;1;;;;2;;;;;;;2024;367
2024;Non;75;Nouvelle-Aquitaine;33;Gironde;200044394;Communauté de communes du Réolais en Sud Gironde;2;Non;Non;Non;1;Non;33087;Camiran;Commune;213300874;33087;CAMIRAN;Impôts et taxes;166041.99;0.0;0.0;166041.99;0.16604199;420;395.3380714285714;1;;;;2;;;;;;;2024;420
2024;Non;75;Nouvelle-Aquitaine;33;Gironde;200070092;Communauté d'agglomération du Libournais;3;Non;Non;Non;1;Non;33088;Camps-sur-l'Isle;Commune;213300882;33088;CAMPS-SUR-L'ISLE;Impôts et taxes;309269.83;0.0;0.0;309269.83;0.30926983;629;491.68494435612087;1;;;;2;;;;;;;2024;629
2024;Non;75;Nouvelle-Aquitaine;33;Gironde;200023794;Communauté de communes de Blaye;3;Oui;Non;Non;1;Non;33089;Campugnan;Commune;213300890;33089;CAMPUGNAN;Impôts et taxes;207752.92;0.0;0.0;207752.92;0.20775292;519;400.2946435452794;1;;;;2;;;;;;;2024;519
2024;Non;75;Nouvelle-Aquitaine;33;Gironde;243301165;Communauté de communes Jalle-Eau-Bourde;6;Non;Non;Non;2;Non;33090;Canéjan;Commune;213300908;33090;CANEJAN;Impôts et taxes;8143248.02;0.0;0.0;8143248.02;8.14324802;5994;1358.5665699032365;1;;;;2;;;;;;;2024;5994
2024;Non;75;Nouvelle-Aquitaine;33;Gironde;243301215;Communauté de communes du Créonnais;3;Oui;Non;Non;2;Non;33093;Capian;Commune;213300932;33093;CAPIAN;Impôts et taxes;419891.35;0.0;0.0;419891.35;0.41989135;796;527.5016959798995;1;;;;2;;;;;;;2024;796
2024;Non;75;Nouvelle-Aquitaine;33;Gironde;243301371;Communauté de communes du Pays Foyen;2;Oui;Non;Non;2;Non;33094;Caplong;Commune;213300940;33094;CAPLONG;Impôts et taxes;136392.49;0.0;0.0;136392.49;0.13639248999999998;239;570.6798744769874;1;;;;2;;;;;;;2024;239
2024;Non;75;Nouvelle-Aquitaine;33;Gironde;200043982;Communauté de communes du Bazadais;3;Oui;Non;Non;2;Non;33095;Captieux;Commune;213300957;33095;CAPTIEUX;Impôts et taxes;702601.4;0.0;0.0;702601.4;0.7026014;1356;518.1426253687316;1;;;;2;;;;;;;2024;1356
2024;Non;75;Nouvelle-Aquitaine;33;Gironde;243300316;Bordeaux Métropole;6;Non;Non;Non;2;Non;33096;Carbon-Blanc;Commune;213300965;33096;CARBON-BLANC;Impôts et taxes;7842125.06;0.0;0.0;7842125.06;7.84212506;8386;935.1448914858096;1;;;;2;;;;;;;2024;8386
2024;Non;75;Nouvelle-Aquitaine;33;Gironde;200070720;Communauté de communes Médoc Atlantique;4;Oui;Non;Oui;3;Non;33097;Carcans;Commune;213300973;33097;CARCANS;Impôts et taxes;2855170.16;56776.34;0.0;2911946.5;2.9119465;2454;1186.6122656886716;1;;;;2;;;;;;;2024;2454
2024;Non;75;Nouvelle-Aquitaine;33;Gironde;200069581;Communauté de communes Convergence Garonne;3;Oui;Non;Non;2;Non;33098;Cardan;Commune;213300981;33098;CARDAN;Impôts et taxes;232475.18;0.0;0.0;232475.18;0.23247518;520;447.06765384615386;1;;;;2;;;;;;;2024;520
2024;Non;75;Nouvelle-Aquitaine;33;Gironde;243301355;Communauté de communes Les Coteaux Bordelais;5;Non;Non;Non;3;Non;33099;Carignan-de-Bordeaux;Commune;213300999;33099;CARIGNAN-DE-BORDEAUX;Impôts et taxes;2585639.38;0.0;0.0;2585639.38;2.58563938;4282;603.8391826249416;1;;;;2;;;;;;;2024;4282
2024;Non;75;Nouvelle-Aquitaine;33;Gironde;200023794;Communauté de communes de Blaye;3;Non;Non;Non;2;Non;33100;Cars;Commune;213301005;33100;CARS;Impôts et taxes;703252.71;0.0;0.0;703252.71;0.70325271;1232;570.8220048701298;1;;;;2;;;;;;;2024;1232
2024;Non;75;Nouvelle-Aquitaine;33;Gironde;243300811;Communauté de communes de l'Estuaire;3;Non;Non;Non;1;Non;33101;Cartelègue;Commune;213301013;33101;CARTELEGUE;Impôts et taxes;691045.88;0.0;0.0;691045.88;0.69104588;1286;537.3607153965786;1;;;;2;;;;;;;2024;1286
2024;Non;75;Nouvelle-Aquitaine;33;Gironde;200044394;Communauté de communes du Réolais en Sud Gironde;2;Non;Non;Non;1;Non;33102;Casseuil;Commune;213301021;33102;CASSEUIL;Impôts et taxes;168665.31;0.0;0.0;168665.31;0.16866530999999998;378;446.2045238095238;1;;;;2;;;;;;;2024;378
2024;Non;75;Nouvelle-Aquitaine;33;Gironde;200069599;Communauté de communes rurales de l'Entre-Deux-Mers;0;Oui;Non;Non;1;Non;33103;Castelmoron-d'Albret;Commune;213301039;33103;CASTELMORON-D'ALBRET;Impôts et taxes;42532.0;0.0;0.0;42532.0;0.042532;53;802.4905660377359;1;;;;2;;;;;;;2024;53
2024;Non;75;Nouvelle-Aquitaine;33;Gironde;243301389;Communauté de communes Médullienne;5;Non;Non;Non;2;Non;33104;Castelnau-de-Médoc;Commune;213301047;33104;CASTELNAU-MEDOC;Impôts et taxes;3212511.98;0.0;0.0;3212511.98;3.21251198;4899;655.7485160236783;1;;;;2;;;;;;;2024;4899
2024;Non;75;Nouvelle-Aquitaine;33;Gironde;200069599;Communauté de communes rurales de l'Entre-Deux-Mers;2;Oui;Non;Non;1;Non;33105;Castelviel;Commune;213301054;33105;CASTELVIEL;Impôts et taxes;107488.62;0.0;0.0;107488.62;0.10748861999999999;214;502.28327102803735;1;;;;2;;;;;;;2024;214
2024;Non;75;Nouvelle-Aquitaine;33;Gironde;243301454;Communauté de communes Castillon/Pujols;4;Non;Non;Non;1;Non;33108;Castillon-la-Bataille;Commune;213301088;33108;CASTILLON-LA-BATAILLE;Impôts et taxes;2499987.75;0.0;0.0;2499987.75;2.49998775;3305;756.4259455370651;1;;;;2;;;;;;;2024;3305
2024;Non;75;Nouvelle-Aquitaine;33;Gironde;243301264;Communauté de communes de Montesquieu;4;Non;Non;Non;2;Non;33109;Castres-Gironde;Commune;213301096;33109;CASTRES-GIRONDE;Impôts et taxes;1336194.82;0.0;0.0;1336194.82;1.33619482;2611;511.755963232478;1;;;;2;;;;;;;2024;2611
2024;Non;75;Nouvelle-Aquitaine;33;Gironde;200044394;Communauté de communes du Réolais en Sud Gironde;3;Non;Non;Oui;1;Non;33111;Caudrot;Commune;213301112;33111;CAUDROT;Impôts et taxes;788070.33;0.0;0.0;788070.33;0.7880703299999999;1120;703.6342232142857;1;;;;2;;;;;;;2024;1120
2024;Non;75;Nouvelle-Aquitaine;33;Gironde;200069599;Communauté de communes rurales de l'Entre-Deux-Mers;1;Oui;Non;Non;1;Non;33112;Caumont;Commune;213301120;33112;CAUMONT;Impôts et taxes;77118.9;0.0;0.0;77118.9;0.07711889999999999;139;554.8122302158273;1;;;;2;;;;;;;2024;139
2024;Non;75;Nouvelle-Aquitaine;33;Gironde;200043982;Communauté de communes du Bazadais;1;Oui;Non;Non;2;Non;33113;Cauvignac;Commune;213301138;33113;CAUVIGNAC;Impôts et taxes;58700.97;0.0;0.0;58700.97;0.05870097;146;402.0614383561644;1;;;;2;;;;;;;2024;146
2024;Non;75;Nouvelle-Aquitaine;33;Gironde;243301181;Communauté de communes Latitude Nord Gironde;4;Non;Non;Non;1;Non;33114;Cavignac;Commune;213301146;33114;CAVIGNAC;Impôts et taxes;765245.49;0.0;0.0;765245.49;0.76524549;2404;318.32175124792013;1;;;;2;;;;;;;2024;2404
2024;Non;75;Nouvelle-Aquitaine;33;Gironde;200043974;Communauté de communes du Sud Gironde;2;Oui;Non;Non;2;Non;33115;Cazalis;Commune;213301153;33115;CAZALIS;Impôts et taxes;107645.48;0.0;0.0;107645.48;0.10764548;243;442.98551440329214;1;;;;2;;;;;;;2024;243
2024;Non;75;Nouvelle-Aquitaine;33;Gironde;200043982;Communauté de communes du Bazadais;2;Oui;Non;Non;2;Non;33116;Cazats;Commune;213301161;33116;CAZATS;Impôts et taxes;137822.43;0.0;0.0;137822.43;0.13782243;406;339.4641133004926;1;;;;2;;;;;;;2024;406
2024;Non;75;Nouvelle-Aquitaine;33;Gironde;200069599;Communauté de communes rurales de l'Entre-Deux-Mers;2;Oui;Non;Non;1;Non;33117;Cazaugitat;Commune;213301179;33117;CAZAUGITAT;Impôts et taxes;132463.22;0.0;0.0;132463.22;0.13246322;216;613.2556481481481;1;;;;2;;;;;;;2024;216
2024;Non;75;Nouvelle-Aquitaine;33;Gironde;243301439;Communauté de communes des Portes de l'Entre-Deux-Mers;4;Non;Non;Non;3;Non;33118;Cénac;Commune;213301187;33118;CENAC;Impôts et taxes;1293412.76;2431.0;0.0;1295843.76;1.29584376;2167;597.989736963544;1;;;;2;;;;;;;2024;2167
2024;Non;75;Nouvelle-Aquitaine;33;Gironde;243300316;Bordeaux Métropole;8;Non;Non;Non;1;Oui;33119;Cenon;Commune;213301195;33119;CENON;Impôts et taxes;25827793.81;0.0;0.0;25827793.81;25.82779381;27014;956.0892059672761;1;;;;2;;;;;;;2024;27014
2024;Non;75;Nouvelle-Aquitaine;33;Gironde;200069581;Communauté de communes Convergence Garonne;4;Non;Non;Non;1;Non;33120;Cérons;Commune;213301203;33120;CERONS;Impôts et taxes;950118.98;0.0;0.0;950118.98;0.95011898;2173;437.2383709157846;1;;;;2;;;;;;;2024;2173
2024;Non;75;Nouvelle-Aquitaine;33;Gironde;200069599;Communauté de communes rurales de l'Entre-Deux-Mers;1;Oui;Non;Oui;2;Non;33121;Cessac;Commune;213301211;33121;CESSAC;Impôts et taxes;77562.5;0.0;0.0;77562.5;0.0775625;198;391.729797979798;1;;;;2;;;;;;;2024;198
2024;Non;75;Nouvelle-Aquitaine;33;Gironde;243301165;Communauté de communes Jalle-Eau-Bourde;7;Non;Non;Non;3;Non;33122;Cestas;Commune;213301229;33122;CESTAS;Impôts et taxes;22268819.71;0.0;0.0;22268819.71;22.268819710000002;17070;1304.5588582308144;1;;;;2;;;;;;;2024;17070
2024;Non;75;Nouvelle-Aquitaine;33;Gironde;243301181;Communauté de communes Latitude Nord Gironde;4;Non;Non;Non;1;Non;33123;Cézac;Commune;213301237;33123;CEZAC;Impôts et taxes;619967.44;0.0;0.0;619967.44;0.6199674399999999;2728;227.2607917888563;1;;;;2;;;;;;;2024;2728
2024;Non;75;Nouvelle-Aquitaine;33;Gironde;200070092;Communauté d'agglomération du Libournais;3;Oui;Non;Non;1;Non;33124;Chamadelle;Commune;213301245;33124;CHAMADELLE;Impôts et taxes;255607.93;0.0;0.0;255607.93;0.25560793;737;346.82215739484394;1;;;;2;;;;;;;2024;737
2024;Non;75;Nouvelle-Aquitaine;33;Gironde;200069995;Communauté de communes Médoc Cœur de Presqu'île;4;Oui;Non;Non;2;Non;33125;Cissac-Médoc;Commune;213301252;33125;CISSAC-MEDOC;Impôts et taxes;1012119.31;0.0;0.0;1012119.31;1.01211931;2292;441.58783158813264;1;;;;2;;;;;;;2024;2292
2024;Non;75;Nouvelle-Aquitaine;33;Gironde;243301181;Communauté de communes Latitude Nord Gironde;3;Oui;Non;Non;1;Non;33126;Civrac-de-Blaye;Commune;213301260;33126;CIVRAC-DE-BLAYE;Impôts et taxes;249695.05;0.0;0.0;249695.05;0.24969505;835;299.0359880239521;1;;;;2;;;;;;;2024;835
2024;Non;75;Nouvelle-Aquitaine;33;Gironde;243301454;Communauté de communes Castillon/Pujols;2;Oui;Non;Non;2;Non;33127;Civrac-sur-Dordogne;Commune;213301278;33127;CIVRAC-SUR-DORDOGNE;Impôts et taxes;100914.0;0.0;0.0;100914.0;0.100914;220;458.7;1;;;;2;;;;;;;2024;220
2024;Non;75;Nouvelle-Aquitaine;33;Gironde;200069995;Communauté de communes Médoc Cœur de Presqu'île;3;Oui;Non;Non;1;Non;33128;Civrac-en-Médoc;Commune;213301286;33128;CIVRAC-EN-MEDOC;Impôts et taxes;348924.59;0.0;0.0;348924.59;0.34892459000000003;653;534.3408728943339;1;;;;2;;;;;;;2024;653
2024;Non;75;Nouvelle-Aquitaine;33;Gironde;200069599;Communauté de communes rurales de l'Entre-Deux-Mers;1;Oui;Non;Non;1;Non;33129;Cleyrac;Commune;213301294;33129;CLEYRAC;Impôts et taxes;67485.48;0.0;0.0;67485.48;0.06748548;151;446.9237086092715;1;;;;2;;;;;;;2024;151
2024;Non;75;Nouvelle-Aquitaine;33;Gironde;200043974;Communauté de communes du Sud Gironde;3;Oui;Non;Non;2;Non;33130;Coimères;Commune;213301302;33130;COIMERES;Impôts et taxes;424039.02;0.0;0.0;424039.02;0.42403902000000004;1100;385.4900181818182;1;;;;2;;;;;;;2024;1100
2024;Non;75;Nouvelle-Aquitaine;33;Gironde;200069599;Communauté de communes rurales de l'Entre-Deux-Mers;2;Oui;Non;Non;1;Non;33131;Coirac;Commune;213301310;33131;COIRAC;Impôts et taxes;109077.8;0.0;0.0;109077.8;0.1090778;217;502.6626728110599;1;;;;2;;;;;;;2024;217
2024;Non;75;Nouvelle-Aquitaine;33;Gironde;200023794;Communauté de communes de Blaye;3;Non;Non;Non;2;Non;33132;Comps;Commune;213301328;33132;COMPS;Impôts et taxes;219697.0;0.0;0.0;219697.0;0.219697;554;396.56498194945846;1;;;;2;;;;;;;2024;554
2024;Non;75;Nouvelle-Aquitaine;33;Gironde;243301454;Communauté de communes Castillon/Pujols;0;Oui;Non;Non;2;Non;33133;Coubeyrac;Commune;213301336;33133;COUBEYRAC;Impôts et taxes;47861.0;0.0;0.0;47861.0;0.047861;71;674.0985915492957;1;;;;2;;;;;;;2024;71
2024;Non;75;Nouvelle-Aquitaine;33;Gironde;200069995;Communauté de communes Médoc Cœur de Presqu'île;2;Oui;Non;Non;1;Non;33134;Couquèques;Commune;213301344;33134;COUQUEQUES;Impôts et taxes;138341.94;0.0;0.0;138341.94;0.13834194;273;506.74703296703296;1;;;;2;;;;;;;2024;273
2024;Non;75;Nouvelle-Aquitaine;33;Gironde;200069599;Communauté de communes rurales de l'Entre-Deux-Mers;1;Oui;Non;Oui;1;Non;33135;Courpiac;Commune;213301351;33135;COURPIAC;Impôts et taxes;40405.0;0.0;0.0;40405.0;0.040405;124;325.8467741935484;1;;;;2;;;;;;;2024;124
2024;Non;75;Nouvelle-Aquitaine;33;Gironde;200069599;Communauté de communes rurales de l'Entre-Deux-Mers;2;Oui;Non;Non;1;Non;33136;Cours-de-Monségur;Commune;213301369;33136;COURS-DE-MONSEGUR;Impôts et taxes;97036.72;0.0;0.0;97036.72;0.09703672;260;373.2181538461538;1;;;;2;;;;;;;2024;260
2024;Non;75;Nouvelle-Aquitaine;33;Gironde;200043982;Communauté de communes du Bazadais;2;Oui;Non;Non;1;Non;33137;Cours-les-Bains;Commune;213301377;33137;COURS-LES-BAINS;Impôts et taxes;71420.5;0.0;0.0;71420.5;0.0714205;222;321.713963963964;1;;;;2;;;;;;;2024;222
2024;Non;75;Nouvelle-Aquitaine;33;Gironde;200070092;Communauté d'agglomération du Libournais;6;Non;Non;Non;1;Oui;33138;Coutras;Commune;213301385;33138;COUTRAS;Impôts et taxes;6456668.61;0.0;0.0;6456668.61;6.45666861;8795;734.129461057419;1;;;;2;;;;;;;2024;8795
2024;Non;75;Nouvelle-Aquitaine;33;Gironde;200069599;Communauté de communes rurales de l'Entre-Deux-Mers;0;Oui;Non;Non;1;Non;33139;Coutures;Commune;213301393;33139;COUTURES-SUR-DROPT;Impôts et taxes;56472.27;0.0;0.0;56472.27;0.05647227;96;588.2528125;1;;;;2;;;;;;;2024;96
2024;Non;75;Nouvelle-Aquitaine;33;Gironde;243301215;Communauté de communes du Créonnais;5;Non;Non;Non;1;Non;33140;Créon;Commune;213301401;33140;CREON;Impôts et taxes;3195201.12;0.0;0.0;3195201.12;3.19520112;4985;640.9631133400201;1;;;;2;;;;;;;2024;4985
2024;Non;75;Nouvelle-Aquitaine;33;Gironde;243301355;Communauté de communes Les Coteaux Bordelais;3;Non;Non;Non;2;Non;33141;Croignon;Commune;213301419;33141;CROIGNON;Impôts et taxes;327558.0;0.0;0.0;327558.0;0.327558;744;440.26612903225805;1;;;;2;;;;;;;2024;744
2024;Non;75;Nouvelle-Aquitaine;33;Gironde;243301181;Communauté de communes Latitude Nord Gironde;3;Non;Non;Non;1;Non;33142;Cubnezais;Commune;213301427;33142;CUBNEZAIS;Impôts et taxes;818912.19;0.0;0.0;818912.19;0.8189121899999999;1825;448.7190082191781;1;;;;2;;;;;;;2024;1825
2024;Non;75;Nouvelle-Aquitaine;33;Gironde;243301223;Communauté de communes du Grand Cubzaguais;4;Non;Non;Non;1;Non;33143;Cubzac-les-Ponts;Commune;213301435;33143;CUBZAC-LES-PONTS;Impôts et taxes;1217117.0;0.0;0.0;1217117.0;1.217117;2620;464.5484732824427;1;;;;2;;;;;;;2024;2620
2024;Non;75;Nouvelle-Aquitaine;33;Gironde;200043982;Communauté de communes du Bazadais;3;Oui;Non;Non;1;Non;33144;Cudos;Commune;213301443;33144;CUDOS;Impôts et taxes;321917.0;0.0;0.0;321917.0;0.321917;920;349.90978260869565;1;;;;2;;;;;;;2024;920
2024;Non;75;Nouvelle-Aquitaine;33;Gironde;243301215;Communauté de communes du Créonnais;3;Oui;Non;Non;2;Non;33145;Cursan;Commune;213301450;33145;CURSAN;Impôts et taxes;276286.49;0.0;0.0;276286.49;0.27628649;683;404.51901903367497;1;;;;2;;;;;;;2024;683
2024;Non;75;Nouvelle-Aquitaine;33;Gironde;243301447;Communauté de communes Médoc Estuaire;4;Non;Non;Non;1;Non;33146;Cussac-Fort-Médoc;Commune;213301468;33146;CUSSAC-FORT-MEDOC;Impôts et taxes;1237202.25;0.0;0.0;1237202.25;1.23720225;2401;515.2862349021241;1;;;;2;;;;;;;2024;2401
2024;Non;75;Nouvelle-Aquitaine;33;Gironde;200070092;Communauté d'agglomération du Libournais;2;Oui;Non;Non;1;Non;33147;Daignac;Commune;213301476;33147;DAIGNAC;Impôts et taxes;188275.77;0.0;0.0;188275.77;0.18827576999999998;478;393.8823640167364;1;;;;2;;;;;;;2024;478
2024;Non;75;Nouvelle-Aquitaine;33;Gironde;200070092;Communauté d'agglomération du Libournais;0;Oui;Non;Non;2;Non;33148;Dardenac;Commune;213301484;33148;DARDENAC;Impôts et taxes;69527.94;0.0;0.0;69527.94;0.06952794;95;731.873052631579;1;;;;2;;;;;;;2024;95
2024;Non;75;Nouvelle-Aquitaine;33;Gironde;200069599;Communauté de communes rurales de l'Entre-Deux-Mers;1;Oui;Non;Non;1;Non;33149;Daubèze;Commune;213301492;33149;DAUBEZE;Impôts et taxes;65546.44;0.0;0.0;65546.44;0.06554644;155;422.88025806451617;1;;;;2;;;;;;;2024;155
2024;Non;75;Nouvelle-Aquitaine;33;Gironde;200069599;Communauté de communes rurales de l'Entre-Deux-Mers;2;Oui;Non;Non;1;Non;33150;Dieulivol;Commune;213301500;33150;DIEULIVOL;Impôts et taxes;146711.68;0.0;0.0;146711.68;0.14671167999999998;342;428.9815204678362;1;;;;2;;;;;;;2024;342
2024;Non;75;Nouvelle-Aquitaine;33;Gironde;243301181;Communauté de communes Latitude Nord Gironde;3;Oui;Non;Non;1;Non;33151;Donnezac;Commune;213301518;33151;DONNEZAC;Impôts et taxes;399915.0;0.0;0.0;399915.0;0.399915;937;426.80362860192105;1;;;;2;;;;;;;2024;937
2024;Non;75;Nouvelle-Aquitaine;33;Gironde;200069581;Communauté de communes Convergence Garonne;1;Oui;Non;Non;2;Non;33152;Donzac;Commune;213301526;33152;DONZAC;Impôts et taxes;89861.87;0.0;0.0;89861.87;0.08986187;124;724.6925;1;;;;2;;;;;;;2024;124
2024;Non;75;Nouvelle-Aquitaine;33;Gironde;243301454;Communauté de communes Castillon/Pujols;2;Oui;Non;Non;3;Non;33153;Doulezon;Commune;213301534;33153;DOULEZON;Impôts et taxes;147313.0;0.0;0.0;147313.0;0.147313;272;541.5919117647059;1;;;;2;;;;;;;2024;272
2024;Non;75;Nouvelle-Aquitaine;33;Gironde;200070092;Communauté d'agglomération du Libournais;4;Non;Non;Non;1;Non;33154;Les Églisottes-et-Chalaures;Commune;213301542;33154;LES EGLISOTTES ET CHALAURES;Impôts et taxes;1068849.28;0.0;0.0;1068849.28;1.06884928;2249;475.25534904401957;1;;;;2;;;;;;;2024;2249
2024;Non;75;Nouvelle-Aquitaine;33;Gironde;200043982;Communauté de communes du Bazadais;1;Oui;Non;Non;1;Non;33155;Escaudes;Commune;213301559;33155;ESCAUDES;Impôts et taxes;82573.8;0.0;0.0;82573.8;0.0825738;165;500.4472727272727;1;;;;2;;;;;;;2024;165
2024;Non;75;Nouvelle-Aquitaine;33;Gironde;200069581;Communauté de communes Convergence Garonne;2;Oui;Non;Oui;1;Non;33156;Escoussans;Commune;213301567;33156;ESCOUSSANS;Impôts et taxes;130798.78;0.0;0.0;130798.78;0.13079878;283;462.18650176678443;1;;;;2;;;;;;;2024;283
2024;Non;75;Nouvelle-Aquitaine;33;Gironde;200070092;Communauté d'agglomération du Libournais;3;Oui;Non;Non;1;Non;33157;Espiet;Commune;213301575;33157;ESPIET;Impôts et taxes;283502.58;0.0;0.0;283502.58;0.28350258;775;365.8097806451613;1;;;;2;;;;;;;2024;775
2024;Non;75;Nouvelle-Aquitaine;33;Gironde;200044394;Communauté de communes du Réolais en Sud Gironde;2;Oui;Non;Non;1;Non;33158;Les Esseintes;Commune;213301583;33158;LES ESSEINTES;Impôts et taxes;165448.38;0.0;0.0;165448.38;0.16544838;247;669.8314979757085;1;;;;2;;;;;;;2024;247
2024;Non;75;Nouvelle-Aquitaine;33;Gironde;243300811;Communauté de communes de l'Estuaire;3;Oui;Non;Non;1;Non;33159;Étauliers;Commune;213301591;33159;ETAULIERS;Impôts et taxes;907998.52;0.0;0.0;907998.52;0.90799852;1546;587.3211642949548;1;;;;2;;;;;;;2024;1546
2024;Non;75;Nouvelle-Aquitaine;33;Gironde;243301371;Communauté de communes du Pays Foyen;3;Oui;Non;Non;1;Non;33160;Eynesse;Commune;213301609;33160;EYNESSE;Impôts et taxes;345478.13;0.0;0.0;345478.13;0.34547813;617;559.9321393841167;1;;;;2;;;;;;;2024;617
2024;Non;75;Nouvelle-Aquitaine;33;Gironde;243300811;Communauté de communes de l'Estuaire;3;Oui;Non;Non;1;Non;33161;Eyrans;Commune;213301617;33161;EYRANS;Impôts et taxes;459235.22;0.0;0.0;459235.22;0.45923522;759;605.0529907773386;1;;;;2;;;;;;;2024;759
2024;Non;75;Nouvelle-Aquitaine;33;Gironde;243300316;Bordeaux Métropole;8;Non;Non;Non;2;Oui;33162;Eysines;Commune;213301625;33162;EYSINES;Impôts et taxes;20261886.83;0.0;0.0;20261886.83;20.261886829999998;24691;820.6183155805759;1;;;;2;;;;;;;2024;24691
2024;Non;75;Nouvelle-Aquitaine;33;Gironde;200069599;Communauté de communes rurales de l'Entre-Deux-Mers;2;Oui;Non;Oui;2;Non;33163;Faleyras;Commune;213301633;33163;FALEYRAS;Impôts et taxes;166614.36;0.0;0.0;166614.36;0.16661436;435;383.0215172413793;1;;;;2;;;;;;;2024;435
2024;Non;75;Nouvelle-Aquitaine;33;Gironde;200043974;Communauté de communes du Sud Gironde;3;Non;Non;Non;2;Non;33164;Fargues;Commune;213301641;33164;FARGUES-DE-LANGON;Impôts et taxes;868040.82;0.0;0.0;868040.82;0.8680408199999999;1638;529.9394505494505;1;;;;2;;;;;;;2024;1638
2024;Non;75;Nouvelle-Aquitaine;33;Gironde;243301355;Communauté de communes Les Coteaux Bordelais;4;Non;Non;Non;2;Non;33165;Fargues-Saint-Hilaire;Commune;213301658;33165;FARGUES-SAINT-HILAIRE;Impôts et taxes;2073187.25;0.0;0.0;2073187.25;2.07318725;3430;604.4277696793002;1;;;;2;;;;;;;2024;3430
2024;Non;75;Nouvelle-Aquitaine;33;Gironde;200070092;Communauté d'agglomération du Libournais;3;Oui;Non;Non;1;Non;33166;Le Fieu;Commune;213301666;33166;LE FIEU;Impôts et taxes;172180.41;0.0;0.0;172180.41;0.17218041;501;343.6734730538922;1;;;;2;;;;;;;2024;501
2024;Non;75;Nouvelle-Aquitaine;33;Gironde;243300316;Bordeaux Métropole;7;Non;Non;Non;1;Oui;33167;Floirac;Commune;213301674;33167;FLOIRAC;Impôts et taxes;16182130.7;0.0;0.0;16182130.7;16.1821307;17877;905.1927448677071;1;;;;2;;;;;;;2024;17877
2024;Non;75;Nouvelle-Aquitaine;33;Gironde;243301454;Communauté de communes Castillon/Pujols;3;Oui;Non;Non;1;Non;33168;Flaujagues;Commune;213301682;33168;FLAUJAGUES;Impôts et taxes;297445.76;0.0;0.0;297445.76;0.29744576;611;486.817937806874;1;;;;2;;;;;;;2024;611
2024;Non;75;Nouvelle-Aquitaine;33;Gironde;200044394;Communauté de communes du Réolais en Sud Gironde;1;Oui;Non;Non;1;Non;33169;Floudès;Commune;213301690;33169;FLOUDES;Impôts et taxes;34369.0;0.0;0.0;34369.0;0.034369;112;306.86607142857144;1;;;;2;;;;;;;2024;112
2024;Non;75;Nouvelle-Aquitaine;33;Gironde;200044394;Communauté de communes du Réolais en Sud Gironde;3;Oui;Non;Non;1;Non;33170;Fontet;Commune;213301708;33170;FONTET;Impôts et taxes;397040.0;0.0;0.0;397040.0;0.39704;776;511.64948453608247;1;;;;2;;;;;;;2024;776
2024;Non;75;Nouvelle-Aquitaine;33;Gironde;200044394;Communauté de communes du Réolais en Sud Gironde;2;Oui;Non;Non;1;Non;33171;Fossès-et-Baleyssac;Commune;213301716;33171;FOSSES-ET-BALEYSSAC;Impôts et taxes;91955.0;0.0;0.0;91955.0;0.091955;232;396.35775862068965;1;;;;2;;;;;;;2024;232
2024;Non;75;Nouvelle-Aquitaine;33;Gironde;200023794;Communauté de communes de Blaye;2;Non;Non;Non;2;Non;33172;Fours;Commune;213301724;33172;FOURS;Impôts et taxes;144149.0;0.0;0.0;144149.0;0.144149;282;511.1666666666667;1;;;;2;;;;;;;2024;282
2024;Non;75;Nouvelle-Aquitaine;33;Gironde;200035533;Communauté de communes du Grand Saint-Émilionnais;1;Oui;Non;Non;2;Non;33173;Francs;Commune;213301732;33173;FRANCS;Impôts et taxes;128683.02;0.0;0.0;128683.02;0.12868302;188;684.4841489361702;1;;;;2;;;;;;;2024;188
2024;Non;75;Nouvelle-Aquitaine;33;Gironde;243301397;Communauté de communes du Fronsadais;3;Oui;Non;Non;2;Non;33174;Fronsac;Commune;213301740;33174;FRONSAC;Impôts et taxes;687704.0;0.0;0.0;687704.0;0.687704;1153;596.4475281873374;1;;;;2;;;;;;;2024;1153
2024;Non;75;Nouvelle-Aquitaine;33;Gironde;200069599;Communauté de communes rurales de l'Entre-Deux-Mers;3;Oui;Non;Oui;1;Non;33175;Frontenac;Commune;213301757;33175;FRONTENAC;Impôts et taxes;332737.56;0.0;0.0;332737.56;0.33273756;776;428.78551546391753;1;;;;2;;;;;;;2024;776
2024;Non;75;Nouvelle-Aquitaine;33;Gironde;200069581;Communauté de communes Convergence Garonne;2;Oui;Non;Non;2;Non;33176;Gabarnac;Commune;213301765;33176;GABARNAC;Impôts et taxes;180406.63;0.0;0.0;180406.63;0.18040663;363;496.9879614325069;1;;;;2;;;;;;;2024;363
2024;Non;75;Nouvelle-Aquitaine;33;Gironde;200069995;Communauté de communes Médoc Cœur de Presqu'île;4;Non;Non;Non;2;Non;33177;Gaillan-en-Médoc;Commune;213301773;33177;GAILLAN-EN-MEDOC;Impôts et taxes;1454468.26;0.0;0.0;1454468.26;1.45446826;2407;604.2659991690902;1;;;;2;;;;;;;2024;2407
2024;Non;75;Nouvelle-Aquitaine;33;Gironde;200043982;Communauté de communes du Bazadais;2;Oui;Non;Non;2;Non;33178;Gajac;Commune;213301781;33178;GAJAC;Impôts et taxes;137771.09;0.0;0.0;137771.09;0.13777108999999998;377;365.4405570291777;1;;;;2;;;;;;;2024;377
2024;Non;75;Nouvelle-Aquitaine;33;Gironde;243301397;Communauté de communes du Fronsadais;4;Non;Non;Non;2;Non;33179;Galgon;Commune;213301799;33179;GALGON;Impôts et taxes;1666592.43;0.0;0.0;1666592.43;1.66659243;3115;535.0216468699839;1;;;;2;;;;;;;2024;3115
2024;Non;75;Nouvelle-Aquitaine;33;Gironde;200043982;Communauté de communes du Bazadais;2;Oui;Non;Non;1;Non;33180;Gans;Commune;213301807;33180;GANS;Impôts et taxes;65289.18;0.0;0.0;65289.18;0.06528918;204;320.045;1;;;;2;;;;;;;2024;204
2024;Non;75;Nouvelle-Aquitaine;33;Gironde;200035533;Communauté de communes du Grand Saint-Émilionnais;2;Oui;Non;Non;3;Non;33181;Gardegan-et-Tourtirac;Commune;213301815;33181;GARDEGAN-ET-TOURTIRAC;Impôts et taxes;154233.26;0.0;0.0;154233.26;0.15423326;280;550.8330714285714;1;;;;2;;;;;;;2024;280
2024;Non;75;Nouvelle-Aquitaine;33;Gironde;200023794;Communauté de communes de Blaye;3;Non;Non;Non;2;Non;33182;Gauriac;Commune;213301823;33182;GAURIAC;Impôts et taxes;421227.0;0.0;0.0;421227.0;0.421227;729;577.8148148148148;1;;;;2;;;;;;;2024;729
2024;Non;75;Nouvelle-Aquitaine;33;Gironde;243301223;Communauté de communes du Grand Cubzaguais;3;Non;Non;Non;1;Non;33183;Gauriaguet;Commune;213301831;33183;GAURIAGUET;Impôts et taxes;598312.0;0.0;0.0;598312.0;0.598312;1494;400.4765729585007;1;;;;2;;;;;;;2024;1494
2024;Non;75;Nouvelle-Aquitaine;33;Gironde;200023794;Communauté de communes de Blaye;3;Oui;Non;Non;2;Non;33184;Générac;Commune;213301849;33184;GENERAC;Impôts et taxes;263771.0;0.0;0.0;263771.0;0.263771;563;468.50976909413856;1;;;;2;;;;;;;2024;563
2024;Non;75;Nouvelle-Aquitaine;33;Gironde;200070092;Communauté d'agglomération du Libournais;4;Oui;Non;Non;2;Non;33185;Génissac;Commune;213301856;33185;GENISSAC;Impôts et taxes;925156.25;0.0;0.0;925156.25;0.92515625;2044;452.6204745596869;1;;;;2;;;;;;;2024;2044
2024;Non;75;Nouvelle-Aquitaine;33;Gironde;243301454;Communauté de communes Castillon/Pujols;3;Oui;Non;Non;1;Non;33186;Gensac;Commune;213301864;33186;GENSAC;Impôts et taxes;543370.4;0.0;0.0;543370.4;0.5433704;701;775.1360912981455;1;;;;2;;;;;;;2024;701
2024;Non;75;Nouvelle-Aquitaine;33;Gironde;200044394;Communauté de communes du Réolais en Sud Gironde;3;Non;Non;Non;1;Non;33187;Gironde-sur-Dropt;Commune;213301872;33187;GIRONDE-SUR-DROPT;Impôts et taxes;1131015.92;0.0;0.0;1131015.92;1.1310159199999998;1333;848.4740585146286;1;;;;2;;;;;;;2024;1333
2024;Non;75;Nouvelle-Aquitaine;33;Gironde;200043982;Communauté de communes du Bazadais;1;Oui;Non;Non;1;Non;33188;Giscos;Commune;213301880;33188;GISCOS;Impôts et taxes;146978.8;0.0;0.0;146978.8;0.1469788;186;790.2086021505376;1;;;;2;;;;;;;2024;186
2024;Non;75;Nouvelle-Aquitaine;33;Gironde;200069599;Communauté de communes rurales de l'Entre-Deux-Mers;2;Oui;Non;Non;1;Non;33189;Gornac;Commune;213301898;33189;GORNAC;Impôts et taxes;254129.56;0.0;0.0;254129.56;0.25412956;449;565.9901113585746;1;;;;2;;;;;;;2024;449
2024;Non;75;Nouvelle-Aquitaine;33;Gironde;200043982;Communauté de communes du Bazadais;0;Oui;Non;Non;2;Non;33190;Goualade;Commune;213301906;33190;GOUALADE;Impôts et taxes;54784.7;0.0;0.0;54784.7;0.0547847;96;570.6739583333333;1;;;;2;;;;;;;2024;96
2024;Non;75;Nouvelle-Aquitaine;33;Gironde;200070092;Communauté d'agglomération du Libournais;3;Non;Non;Non;1;Non;33191;Gours;Commune;213301914;33191;GOURS;Impôts et taxes;317753.25;0.0;0.0;317753.25;0.31775325;551;576.6846642468239;1;;;;2;;;;;;;2024;551
2024;Non;75;Nouvelle-Aquitaine;33;Gironde;243300316;Bordeaux Métropole;8;Non;Non;Non;2;Oui;33192;Gradignan;Commune;213301922;33192;GRADIGNAN;Impôts et taxes;26808660.73;0.0;0.0;26808660.73;26.80866073;26190;1023.6220210003819;1;;;;2;;;;;;;2024;26190
2024;Non;75;Nouvelle-Aquitaine;33;Gironde;200070720;Communauté de communes Médoc Atlantique;3;Oui;Non;Oui;2;Non;33193;Grayan-et-l'Hôpital;Commune;213301930;33193;GRAYAN-L'HOPITAL;Impôts et taxes;528457.57;0.0;0.0;528457.57;0.5284575699999999;1566;337.4569412515964;1;;;;2;;;;;;;2024;1566
2024;Non;75;Nouvelle-Aquitaine;33;Gironde;243301454;Communauté de communes Castillon/Pujols;3;Non;Non;Non;2;Non;33194;Grézillac;Commune;213301948;33194;GREZILLAC;Impôts et taxes;503294.34;0.0;0.0;503294.34;0.5032943400000001;699;720.0205150214592;1;;;;2;;;;;;;2024;699
2024;Non;75;Nouvelle-Aquitaine;33;Gironde;200043982;Communauté de communes du Bazadais;3;Oui;Non;Non;1;Non;33195;Grignols;Commune;213301955;33195;GRIGNOLS;Impôts et taxes;606215.38;0.0;0.0;606215.38;0.60621538;1216;498.53238486842105;1;;;;2;;;;;;;2024;1216
2024;Non;75;Nouvelle-Aquitaine;33;Gironde;243301454;Communauté de communes Castillon/Pujols;1;Oui;Non;Non;2;Non;33196;Guillac;Commune;213301963;33196;GUILLAC;Impôts et taxes;100080.0;0.0;0.0;100080.0;0.10008;169;592.189349112426;1;;;;2;;;;;;;2024;169
2024;Non;75;Nouvelle-Aquitaine;33;Gironde;200069581;Communauté de communes Convergence Garonne;2;Oui;Non;Non;1;Non;33197;Guillos;Commune;213301971;33197;GUILLOS;Impôts et taxes;204036.95;0.0;0.0;204036.95;0.20403695000000002;461;442.596420824295;1;;;;2;;;;;;;2024;461
2024;Non;75;Nouvelle-Aquitaine;33;Gironde;200070092;Communauté d'agglomération du Libournais;3;Oui;Non;Non;1;Non;33198;Guîtres;Commune;213301989;33198;GUITRES;Impôts et taxes;833628.98;0.0;0.0;833628.98;0.83362898;1652;504.61802663438255;1;;;;2;;;;;;;2024;1652
2024;Non;75;Nouvelle-Aquitaine;33;Gironde;243300563;Communauté d'agglomération Bassin d'Arcachon Sud (COBAS);8;Non;Non;Oui;3;Non;33199;Gujan-Mestras;Commune;213301997;33199;GUJAN-MESTRAS;Impôts et taxes;23674947.27;0.0;0.0;23674947.27;23.67494727;22854;1035.9213822525596;1;;;;2;;;;;;;2024;22854
2024;Non;75;Nouvelle-Aquitaine;33;Gironde;243300316;Bordeaux Métropole;7;Non;Non;Non;2;Non;33200;Le Haillan;Commune;213302003;33200;LE HAILLAN;Impôts et taxes;13121289.36;0.0;0.0;13121289.36;13.121289359999999;11759;1115.8507832298665;1;;;;2;;;;;;;2024;11759
2024;Non;75;Nouvelle-Aquitaine;33;Gironde;243301215;Communauté de communes du Créonnais;3;Oui;Non;Non;2;Non;33201;Haux;Commune;213302011;33201;HAUX;Impôts et taxes;634691.17;0.0;0.0;634691.17;0.6346911700000001;854;743.1980913348947;1;;;;2;;;;;;;2024;854
2024;Non;75;Nouvelle-Aquitaine;33;Gironde;200043974;Communauté de communes du Sud Gironde;3;Oui;Non;Non;1;Non;33202;Hostens;Commune;213302029;33202;HOSTENS;Impôts et taxes;655046.8;0.0;0.0;655046.8;0.6550468;1509;434.09330682571243;1;;;;2;;;;;;;2024;1509
2024;Non;75;Nouvelle-Aquitaine;33;Gironde;200070720;Communauté de communes Médoc Atlantique;5;Non;Non;Non;2;Non;33203;Hourtin;Commune;213302037;33203;HOURTIN;Impôts et taxes;3883731.0;0.0;0.0;3883731.0;3.883731;4060;956.5839901477832;1;;;;2;;;;;;;2024;4060
2024;Non;75;Nouvelle-Aquitaine;33;Gironde;200044394;Communauté de communes du Réolais en Sud Gironde;3;Oui;Non;Non;2;Non;33204;Hure;Commune;213302045;33204;HURE;Impôts et taxes;224935.0;0.0;0.0;224935.0;0.224935;566;397.4116607773852;1;;;;2;;;;;;;2024;566
2024;Non;75;Nouvelle-Aquitaine;33;Gironde;200069581;Communauté de communes Convergence Garonne;3;Oui;Non;Non;2;Non;33205;Illats;Commune;213302052;33205;ILLATS;Impôts et taxes;872530.02;0.0;0.0;872530.02;0.87253002;1409;619.2548048261178;1;;;;2;;;;;;;2024;1409
2024;Non;75;Nouvelle-Aquitaine;33;Gironde;243301264;Communauté de communes de Montesquieu;3;Non;Non;Non;2;Non;33206;Isle-Saint-Georges;Commune;213302060;33206;ISLE-SAINT-GEORGES;Impôts et taxes;259844.29;0.0;0.0;259844.29;0.25984429000000003;523;496.83420650095604;1;;;;2;;;;;;;2024;523
2024;Non;75;Nouvelle-Aquitaine;33;Gironde;200070092;Communauté d'agglomération du Libournais;6;Non;Non;Non;2;Non;33207;Izon;Commune;213302078;33207;IZON;Impôts et taxes;2648254.23;0.0;0.0;2648254.23;2.64825423;6398;413.9190731478587;1;;;;2;;;;;;;2024;6398
2024;Non;75;Nouvelle-Aquitaine;33;Gironde;200070720;Communauté de communes Médoc Atlantique;3;Oui;Non;Non;1;Non;33208;Jau-Dignac-et-Loirac;Commune;213302086;33208;JAU-DIGNAC-LOIRAC;Impôts et taxes;491317.26;0.0;0.0;491317.26;0.49131726000000003;966;508.61;1;;;;2;;;;;;;2024;966
2024;Non;75;Nouvelle-Aquitaine;33;Gironde;243301454;Communauté de communes Castillon/Pujols;2;Oui;Non;Non;2;Non;33209;Jugazan;Commune;213302094;33209;JUGAZAN;Impôts et taxes;181143.0;0.0;0.0;181143.0;0.181143;280;646.9392857142857;1;;;;2;;;;;;;2024;280
2024;Non;75;Nouvelle-Aquitaine;33;Gironde;243301454;Communauté de communes Castillon/Pujols;2;Oui;Non;Non;1;Non;33210;Juillac;Commune;213302102;33210;JUILLAC;Impôts et taxes;119661.0;0.0;0.0;119661.0;0.119661;224;534.2008928571429;1;;;;2;;;;;;;2024;224
2024;Non;75;Nouvelle-Aquitaine;33;Gironde;243301447;Communauté de communes Médoc Estuaire;3;Oui;Non;Non;2;Non;33211;Labarde;Commune;213302110;33211;LABARDE;Impôts et taxes;329525.92;0.0;0.0;329525.92;0.32952591999999997;612;538.441045751634;1;;;;2;;;;;;;2024;612
2024;Non;75;Nouvelle-Aquitaine;33;Gironde;200043982;Communauté de communes du Bazadais;1;Oui;Non;Non;1;Non;33212;Labescau;Commune;213302128;33212;LABESCAU;Impôts et taxes;50090.19;0.0;0.0;50090.19;0.05009019;128;391.329609375;1;;;;2;;;;;;;2024;128
2024;Non;75;Nouvelle-Aquitaine;33;Gironde;243301264;Communauté de communes de Montesquieu;5;Non;Non;Non;3;Non;33213;La Brède;Commune;213302136;33213;LA BREDE;Impôts et taxes;3942434.75;0.0;0.0;3942434.75;3.94243475;4966;793.8853705195328;1;;;;2;;;;;;;2024;4966
2024;Non;75;Nouvelle-Aquitaine;33;Gironde;200070720;Communauté de communes Médoc Atlantique;6;Non;Non;Oui;4;Non;33214;Lacanau;Commune;213302144;33214;LACANAU;Impôts et taxes;10029374.73;0.0;0.0;10029374.73;10.02937473;5115;1960.7770733137831;1;;;;2;;;;;;;2024;5115
2024;Non;75;Nouvelle-Aquitaine;33;Gironde;200069599;Communauté de communes rurales de l'Entre-Deux-Mers;1;Oui;Non;Oui;2;Non;33215;Ladaux;Commune;213302151;33215;LADAUX;Impôts et taxes;80954.0;0.0;0.0;80954.0;0.080954;195;415.14871794871794;1;;;;2;;;;;;;2024;195
2024;Non;75;Nouvelle-Aquitaine;33;Gironde;200043982;Communauté de communes du Bazadais;1;Oui;Non;Non;1;Non;33216;Lados;Commune;213302169;33216;LADOS;Impôts et taxes;58409.2;0.0;0.0;58409.2;0.058409199999999994;179;326.3083798882681;1;;;;2;;;;;;;2024;179
2024;Non;75;Nouvelle-Aquitaine;33;Gironde;200070092;Communauté d'agglomération du Libournais;3;Oui;Non;Non;1;Non;33218;Lagorce;Commune;213302185;33218;LAGORCE;Impôts et taxes;651135.24;0.0;0.0;651135.24;0.65113524;1639;397.27592434411224;1;;;;2;;;;;;;2024;1639
2024;Non;75;Nouvelle-Aquitaine;33;Gironde;243301397;Communauté de communes du Fronsadais;4;Non;Non;Non;2;Non;33219;La Lande-de-Fronsac;Commune;213302193;33219;LA LANDE-DE-FRONSAC;Impôts et taxes;1248794.8;0.0;0.0;1248794.8;1.2487948;2685;465.1004841713222;1;;;;2;;;;;;;2024;2685
2024;Non;75;Nouvelle-Aquitaine;33;Gironde;243301447;Communauté de communes Médoc Estuaire;3;Oui;Non;Non;1;Non;33220;Lamarque;Commune;213302201;33220;LAMARQUE;Impôts et taxes;574206.52;0.0;0.0;574206.52;0.57420652;1350;425.338162962963;1;;;;2;;;;;;;2024;1350
2024;Non;75;Nouvelle-Aquitaine;33;Gironde;200044394;Communauté de communes du Réolais en Sud Gironde;3;Non;Non;Non;1;Non;33221;Lamothe-Landerron;Commune;213302219;33221;LAMOTHE-LANDERRON;Impôts et taxes;437985.8;0.0;0.0;437985.8;0.4379858;1143;383.1896762904637;1;;;;2;;;;;;;2024;1143
2024;Non;75;Nouvelle-Aquitaine;33;Gironde;200070092;Communauté d'agglomération du Libournais;3;Non;Non;Non;2;Non;33222;Lalande-de-Pomerol;Commune;213302227;33222;LALANDE-DE-POMEROL;Impôts et taxes;415960.74;0.0;0.0;415960.74;0.41596074;657;633.1213698630137;1;;;;2;;;;;;;2024;657
2024;Non;75;Nouvelle-Aquitaine;33;Gironde;243301371;Communauté de communes du Pays Foyen;2;Oui;Non;Non;1;Non;33223;Landerrouat;Commune;213302235;33223;LANDERROUAT;Impôts et taxes;112313.33;0.0;0.0;112313.33;0.11231333;230;488.3188260869565;1;;;;2;;;;;;;2024;230
2024;Non;75;Nouvelle-Aquitaine;33;Gironde;200069599;Communauté de communes rurales de l'Entre-Deux-Mers;1;Oui;Non;Non;2;Non;33224;Landerrouet-sur-Ségur;Commune;213302243;33224;LANDERROUET-SUR-SEGUR;Impôts et taxes;62860.71;0.0;0.0;62860.71;0.06286071;105;598.6734285714285;1;;;;2;;;;;;;2024;105
2024;Non;75;Nouvelle-Aquitaine;33;Gironde;200069581;Communauté de communes Convergence Garonne;4;Oui;Non;Non;2;Non;33225;Landiras;Commune;213302250;33225;LANDIRAS;Impôts et taxes;1404660.49;0.0;0.0;1404660.49;1.40466049;2231;629.6102599731063;1;;;;2;;;;;;;2024;2231
2024;Non;75;Nouvelle-Aquitaine;33;Gironde;243301439;Communauté de communes des Portes de l'Entre-Deux-Mers;4;Non;Non;Non;2;Non;33226;Langoiran;Commune;213302268;33226;LANGOIRAN;Impôts et taxes;1206243.06;0.0;0.0;1206243.06;1.20624306;2228;541.4017324955117;1;;;;2;;;;;;;2024;2228
2024;Non;75;Nouvelle-Aquitaine;33;Gironde;200043974;Communauté de communes du Sud Gironde;6;Non;Non;Non;2;Non;33227;Langon;Commune;213302276;33227;LANGON;Impôts et taxes;8743596.41;0.0;0.0;8743596.41;8.74359641;7503;1165.3467159802747;1;;;;2;;;;;;;2024;7503
2024;Non;75;Nouvelle-Aquitaine;33;Gironde;243301223;Communauté de communes du Grand Cubzaguais;3;Oui;Non;Non;1;Non;33228;Lansac;Commune;213302284;33228;LANSAC;Impôts et taxes;398473.0;0.0;0.0;398473.0;0.398473;684;582.562865497076;1;;;;2;;;;;;;2024;684
2024;Non;75;Nouvelle-Aquitaine;33;Gironde;243301504;Communauté d'agglomération du Bassin d'Arcachon Nord;6;Non;Non;Oui;3;Non;33229;Lanton;Commune;213302292;33229;LANTON;Impôts et taxes;7202690.77;0.0;0.0;7202690.77;7.202690769999999;7417;971.1056721046244;1;;;;2;;;;;;;2024;7417
2024;Non;75;Nouvelle-Aquitaine;33;Gironde;200070092;Communauté d'agglomération du Libournais;3;Oui;Non;Non;1;Non;33230;Lapouyade;Commune;213302300;33230;LAPOUYADE;Impôts et taxes;1766710.2;0.0;0.0;1766710.2;1.7667102;536;3296.101119402985;1;;;;2;;;;;;;2024;536
2024;Non;75;Nouvelle-Aquitaine;33;Gironde;200069581;Communauté de communes Convergence Garonne;2;Non;Non;Non;4;Non;33231;Laroque;Commune;213302318;33231;LAROQUE;Impôts et taxes;119546.5;0.0;0.0;119546.5;0.1195465;292;409.4058219178082;1;;;;2;;;;;;;2024;292
2024;Non;75;Nouvelle-Aquitaine;33;Gironde;200043982;Communauté de communes du Bazadais;0;Oui;Non;Non;2;Non;33232;Lartigue;Commune;213302326;33232;LARTIGUE;Impôts et taxes;38368.37;0.0;0.0;38368.37;0.038368370000000006;40;959.2092500000001;1;;;;2;;;;;;;2024;40
2024;Non;75;Nouvelle-Aquitaine;33;Gironde;243301181;Communauté de communes Latitude Nord Gironde;4;Oui;Non;Non;1;Non;33233;Laruscade;Commune;213302334;33233;LARUSCADE;Impôts et taxes;905307.51;0.0;0.0;905307.51;0.90530751;2835;319.332455026455;1;;;;2;;;;;;;2024;2835
2024;Non;75;Nouvelle-Aquitaine;33;Gironde;243301439;Communauté de communes des Portes de l'Entre-Deux-Mers;5;Non;Non;Non;4;Non;33234;Latresne;Commune;213302342;33234;LATRESNE;Impôts et taxes;2847177.05;0.0;0.0;2847177.05;2.84717705;3779;753.4207594601746;1;;;;2;;;;;;;2024;3779
2024;Non;75;Nouvelle-Aquitaine;33;Gironde;200043982;Communauté de communes du Bazadais;2;Oui;Non;Non;3;Non;33235;Lavazan;Commune;213302359;33235;LAVAZAN;Impôts et taxes;88668.7;0.0;0.0;88668.7;0.0886687;233;380.55236051502146;1;;;;2;;;;;;;2024;233
2024;Non;75;Nouvelle-Aquitaine;33;Gironde;243301504;Communauté d'agglomération du Bassin d'Arcachon Nord;6;Non;Non;Oui;5;Non;33236;Lège-Cap-Ferret;Commune;213302367;33236;LEGE-CAP-FERRET;Impôts et taxes;21539681.05;0.0;0.0;21539681.05;21.539681050000002;8332;2585.175354056649;1;;;;2;;;;;;;2024;8332
2024;Non;75;Nouvelle-Aquitaine;33;Gironde;200043974;Communauté de communes du Sud Gironde;3;Oui;Non;Non;1;Non;33237;Léogeats;Commune;213302375;33237;LEOGEATS;Impôts et taxes;321132.59;0.0;0.0;321132.59;0.32113259000000005;879;365.3385551763368;1;;;;2;;;;;;;2024;879
2024;Non;75;Nouvelle-Aquitaine;33;Gironde;243301264;Communauté de communes de Montesquieu;7;Non;Non;Non;3;Non;33238;Léognan;Commune;213302383;33238;LEOGNAN;Impôts et taxes;8752451.35;0.0;0.0;8752451.35;8.75245135;10864;805.638010861561;1;;;;2;;;;;;;2024;10864
2024;Non;75;Nouvelle-Aquitaine;33;Gironde;200043982;Communauté de communes du Bazadais;2;Oui;Non;Non;1;Non;33239;Lerm-et-Musset;Commune;213302391;33239;LERM-ET-MUSSET;Impôts et taxes;234884.45;0.0;0.0;234884.45;0.23488445000000002;481;488.3252598752599;1;;;;2;;;;;;;2024;481
2024;Non;75;Nouvelle-Aquitaine;33;Gironde;200069995;Communauté de communes Médoc Cœur de Presqu'île;6;Non;Non;Non;1;Non;33240;Lesparre-Médoc;Commune;213302409;33240;LESPARRE-MEDOC;Impôts et taxes;4544957.84;0.0;0.0;4544957.84;4.5449578399999995;5945;764.50089823381;1;;;;2;;;;;;;2024;5945
2024;Non;75;Nouvelle-Aquitaine;33;Gironde;200069581;Communauté de communes Convergence Garonne;3;Non;Non;Non;2;Non;33241;Lestiac-sur-Garonne;Commune;213302417;33241;LESTIAC-SUR-GARONNE;Impôts et taxes;311923.49;0.0;0.0;311923.49;0.31192348999999997;594;525.1237205387205;1;;;;2;;;;;;;2024;594
2024;Non;75;Nouvelle-Aquitaine;33;Gironde;243301371;Communauté de communes du Pays Foyen;3;Oui;Non;Non;1;Non;33242;Les Lèves-et-Thoumeyragues;Commune;213302425;33242;LES LEVES-ET-THOUMEYRAGUES;Impôts et taxes;285955.78;0.0;0.0;285955.78;0.28595578000000005;568;503.4432746478874;1;;;;2;;;;;;;2024;568
2024;Non;75;Nouvelle-Aquitaine;33;Gironde;200070092;Communauté d'agglomération du Libournais;8;Non;Non;Oui;2;Non;33243;Libourne;Commune;213302433;33243;LIBOURNE;Impôts et taxes;32930724.26;0.0;0.0;32930724.26;32.930724260000005;25063;1313.917897298807;1;;;;2;;;;;;;2024;25063
2024;Non;75;Nouvelle-Aquitaine;33;Gironde;200043982;Communauté de communes du Bazadais;2;Oui;Non;Non;1;Non;33244;Lignan-de-Bazas;Commune;213302441;33244;LIGNAN-DE-BAZAS;Impôts et taxes;122846.8;0.0;0.0;122846.8;0.1228468;421;291.7976247030879;1;;;;2;;;;;;;2024;421
2024;Non;75;Nouvelle-Aquitaine;33;Gironde;243301439;Communauté de communes des Portes de l'Entre-Deux-Mers;3;Non;Non;Non;3;Non;33245;Lignan-de-Bordeaux;Commune;213302458;33245;LIGNAN-DE-BORDEAUX;Impôts et taxes;473688.0;0.0;0.0;473688.0;0.473688;852;555.9718309859155;1;;;;2;;;;;;;2024;852
2024;Non;75;Nouvelle-Aquitaine;33;Gironde;243301371;Communauté de communes du Pays Foyen;1;Oui;Non;Non;2;Non;33246;Ligueux;Commune;213302466;33246;LIGUEUX;Impôts et taxes;73320.36;0.0;0.0;73320.36;0.07332036;149;492.08295302013425;1;;;;2;;;;;;;2024;149
2024;Non;75;Nouvelle-Aquitaine;33;Gironde;243301371;Communauté de communes du Pays Foyen;1;Oui;Non;Non;1;Non;33247;Listrac-de-Durèze;Commune;213302474;33247;LISTRAC-DE-DUREZE;Impôts et taxes;33197.9;0.0;0.0;33197.9;0.0331979;153;216.9797385620915;1;;;;2;;;;;;;2024;153
2024;Non;75;Nouvelle-Aquitaine;33;Gironde;243301389;Communauté de communes Médullienne;4;Oui;Non;Non;1;Non;33248;Listrac-Médoc;Commune;213302482;33248;LISTRAC-MEDOC;Impôts et taxes;1567409.87;0.0;0.0;1567409.87;1.56740987;2837;552.4884984138174;1;;;;2;;;;;;;2024;2837
2024;Non;75;Nouvelle-Aquitaine;33;Gironde;243300316;Bordeaux Métropole;8;Non;Non;Non;1;Oui;33249;Lormont;Commune;213302490;33249;LORMONT;Impôts et taxes;20450976.03;0.0;0.0;20450976.03;20.45097603;23652;864.661594368341;1;;;;2;;;;;;;2024;23652
2024;Non;75;Nouvelle-Aquitaine;33;Gironde;200044394;Communauté de communes du Réolais en Sud Gironde;2;Oui;Non;Non;1;Non;33250;Loubens;Commune;213302508;33250;LOUBENS;Impôts et taxes;126930.65;0.0;0.0;126930.65;0.12693065;316;401.6792721518987;1;;;;2;;;;;;;2024;316
2024;Non;75;Nouvelle-Aquitaine;33;Gironde;200043974;Communauté de communes du Sud Gironde;3;Oui;Non;Non;1;Non;33251;Louchats;Commune;213302516;33251;LOUCHATS;Impôts et taxes;267447.25;0.0;0.0;267447.25;0.26744725;724;369.40227900552486;1;;;;2;;;;;;;2024;724
2024;Non;75;Nouvelle-Aquitaine;33;Gironde;243301215;Communauté de communes du Créonnais;3;Oui;Non;Non;2;Non;33252;Loupes;Commune;213302524;33252;LOUPES;Impôts et taxes;427321.23;0.0;0.0;427321.23;0.42732123;930;459.4851935483871;1;;;;2;;;;;;;2024;930
2024;Non;75;Nouvelle-Aquitaine;33;Gironde;200069581;Communauté de communes Convergence Garonne;3;Non;Non;Non;2;Non;33253;Loupiac;Commune;213302532;33253;LOUPIAC;Impôts et taxes;473172.18;0.0;0.0;473172.18;0.47317218;1115;424.36966816143496;1;;;;2;;;;;;;2024;1115
2024;Non;75;Nouvelle-Aquitaine;33;Gironde;200044394;Communauté de communes du Réolais en Sud Gironde;3;Oui;Non;Non;1;Non;33254;Loupiac-de-la-Réole;Commune;213302540;33254;LOUPIAC-DE-LA-REOLE;Impôts et taxes;203658.0;0.0;0.0;203658.0;0.203658;549;370.9617486338798;1;;;;2;;;;;;;2024;549
2024;Non;75;Nouvelle-Aquitaine;33;Gironde;200043974;Communauté de communes du Sud Gironde;2;Oui;Non;Non;1;Non;33255;Lucmau;Commune;213302557;33255;LUCMAU;Impôts et taxes;124885.35;0.0;0.0;124885.35;0.12488535;248;503.5699596774194;1;;;;2;;;;;;;2024;248
2024;Non;75;Nouvelle-Aquitaine;33;Gironde;243301447;Communauté de communes Médoc Estuaire;6;Non;Non;Non;2;Non;33256;Ludon-Médoc;Commune;213302565;33256;LUDON-MEDOC;Impôts et taxes;2510044.79;0.0;0.0;2510044.79;2.5100447900000002;5402;464.6510162902629;1;;;;2;;;;;;;2024;5402
2024;Non;75;Nouvelle-Aquitaine;33;Gironde;243301454;Communauté de communes Castillon/Pujols;2;Non;Non;Non;2;Non;33257;Lugaignac;Commune;213302573;33257;LUGAIGNAC;Impôts et taxes;211637.0;0.0;0.0;211637.0;0.211637;467;453.18415417558884;1;;;;2;;;;;;;2024;467
2024;Non;75;Nouvelle-Aquitaine;33;Gironde;200069599;Communauté de communes rurales de l'Entre-Deux-Mers;2;Oui;Non;Oui;1;Non;33258;Lugasson;Commune;213302581;33258;LUGASSON;Impôts et taxes;115508.7;0.0;0.0;115508.7;0.11550869999999999;323;357.61207430340556;1;;;;2;;;;;;;2024;323
2024;Non;75;Nouvelle-Aquitaine;33;Gironde;243301397;Communauté de communes du Fronsadais;3;Oui;Non;Non;1;Non;33259;Lugon-et-l'Île-du-Carnay;Commune;213302599;33259;LUGON-ET-L'ILE-DU-CARNAY;Impôts et taxes;665689.3;0.0;0.0;665689.3;0.6656893;1413;471.11769285208777;1;;;;2;;;;;;;2024;1413
2024;Non;75;Nouvelle-Aquitaine;33;Gironde;243301405;Communauté de communes du Val de l'Eyre;3;Oui;Non;Non;2;Non;33260;Lugos;Commune;213302607;33260;LUGOS;Impôts et taxes;421774.96;0.0;0.0;421774.96;0.42177496000000003;1083;389.45056325023086;1;;;;2;;;;;;;2024;1083
2024;Non;75;Nouvelle-Aquitaine;33;Gironde;200035533;Communauté de communes du Grand Saint-Émilionnais;3;Oui;Non;Non;2;Non;33261;Lussac;Commune;213302615;33261;LUSSAC;Impôts et taxes;749416.29;0.0;0.0;749416.29;0.74941629;1194;627.6518341708543;1;;;;2;;;;;;;2024;1194
2024;Non;75;Nouvelle-Aquitaine;33;Gironde;243301447;Communauté de communes Médoc Estuaire;5;Non;Non;Non;2;Non;33262;Macau;Commune;213302623;33262;MACAU;Impôts et taxes;2208804.15;0.0;0.0;2208804.15;2.2088041499999997;4554;485.02506587615284;1;;;;2;;;;;;;2024;4554
2024;Non;75;Nouvelle-Aquitaine;33;Gironde;243301215;Communauté de communes du Créonnais;2;Oui;Non;Non;2;Non;33263;Madirac;Commune;213302631;33263;MADIRAC;Impôts et taxes;146776.67;0.0;0.0;146776.67;0.14677667000000003;302;486.015463576159;1;;;;2;;;;;;;2024;302
2024;Non;75;Nouvelle-Aquitaine;33;Gironde;200070092;Communauté d'agglomération du Libournais;3;Oui;Non;Non;2;Non;33264;Maransin;Commune;213302649;33264;MARANSIN;Impôts et taxes;345719.49;0.0;0.0;345719.49;0.34571949;1052;328.6306939163498;1;;;;2;;;;;;;2024;1052
2024;Non;75;Nouvelle-Aquitaine;33;Gironde;243301181;Communauté de communes Latitude Nord Gironde;3;Oui;Non;Non;1;Non;33266;Marcenais;Commune;213302664;33266;MARCENAIS;Impôts et taxes;340814.77;0.0;0.0;340814.77;0.34081477000000004;854;399.08052693208435;1;;;;2;;;;;;;2024;854
2024;Non;75;Nouvelle-Aquitaine;33;Gironde;243301371;Communauté de communes du Pays Foyen;2;Oui;Non;Non;1;Non;33269;Margueron;Commune;213302698;33269;MARGUERON;Impôts et taxes;176649.31;0.0;0.0;176649.31;0.17664931;398;443.8424874371859;1;;;;2;;;;;;;2024;398
2024;Non;75;Nouvelle-Aquitaine;33;Gironde;200043982;Communauté de communes du Bazadais;1;Oui;Non;Non;2;Non;33270;Marimbault;Commune;213302706;33270;MARIMBAULT;Impôts et taxes;57887.6;0.0;0.0;57887.6;0.0578876;190;304.6715789473684;1;;;;2;;;;;;;2024;190
2024;Non;75;Nouvelle-Aquitaine;33;Gironde;200043982;Communauté de communes du Bazadais;2;Oui;Non;Non;1;Non;33271;Marions;Commune;213302714;33271;MARIONS;Impôts et taxes;68179.4;0.0;0.0;68179.4;0.0681794;220;309.9063636363636;1;;;;2;;;;;;;2024;220
2024;Non;75;Nouvelle-Aquitaine;33;Gironde;243301181;Communauté de communes Latitude Nord Gironde;3;Non;Non;Non;1;Non;33272;Marsas;Commune;213302722;33272;MARSAS;Impôts et taxes;259781.43;0.0;0.0;259781.43;0.25978143;1249;207.99153722978383;1;;;;2;;;;;;;2024;1249
2024;Non;75;Nouvelle-Aquitaine;33;Gironde;243300316;Bordeaux Métropole;6;Non;Non;Non;3;Non;33273;Martignas-sur-Jalle;Commune;213302730;33273;MARTIGNAS-SUR-JALLE;Impôts et taxes;8256845.09;0.0;0.0;8256845.09;8.25684509;7993;1033.009519579632;1;;;;2;;;;;;;2024;7993
2024;Non;75;Nouvelle-Aquitaine;33;Gironde;243301264;Communauté de communes de Montesquieu;5;Non;Non;Non;2;Non;33274;Martillac;Commune;213302748;33274;MARTILLAC;Impôts et taxes;2596380.98;0.0;0.0;2596380.98;2.59638098;3541;733.2338266026546;1;;;;2;;;;;;;2024;3541
2024;Non;75;Nouvelle-Aquitaine;33;Gironde;200069599;Communauté de communes rurales de l'Entre-Deux-Mers;1;Oui;Non;Oui;2;Non;33275;Martres;Commune;213302755;33275;MARTRES;Impôts et taxes;54528.96;0.0;0.0;54528.96;0.05452896;102;534.5976470588236;1;;;;2;;;;;;;2024;102
2024;Non;75;Nouvelle-Aquitaine;33;Gironde;200043982;Communauté de communes du Bazadais;1;Oui;Non;Non;2;Non;33276;Masseilles;Commune;213302763;33276;MASSEILLES;Impôts et taxes;78552.92;0.0;0.0;78552.92;0.07855292;142;553.1895774647887;1;;;;2;;;;;;;2024;142
2024;Non;75;Nouvelle-Aquitaine;33;Gironde;243301371;Communauté de communes du Pays Foyen;2;Oui;Non;Non;2;Non;33277;Massugas;Commune;213302771;33277;MASSUGAS;Impôts et taxes;90535.03;0.0;0.0;90535.03;0.09053503;225;402.37791111111113;1;;;;2;;;;;;;2024;225
2024;Non;75;Nouvelle-Aquitaine;33;Gironde;200069599;Communauté de communes rurales de l'Entre-Deux-Mers;2;Oui;Non;Non;2;Non;33278;Mauriac;Commune;213302789;33278;MAURIAC;Impôts et taxes;113324.4;0.0;0.0;113324.4;0.11332439999999999;236;480.1881355932203;1;;;;2;;;;;;;2024;236
2024;Non;75;Nouvelle-Aquitaine;33;Gironde;200043974;Communauté de communes du Sud Gironde;3;Oui;Non;Non;2;Non;33279;Mazères;Commune;213302797;33279;MAZERES;Impôts et taxes;481756.04;0.0;0.0;481756.04;0.48175604;794;606.7456423173803;1;;;;2;;;;;;;2024;794
2024;Non;75;Nouvelle-Aquitaine;33;Gironde;243300811;Communauté de communes de l'Estuaire;3;Non;Non;Non;1;Non;33280;Mazion;Commune;213302805;33280;MAZION;Impôts et taxes;335063.44;0.0;0.0;335063.44;0.33506344;556;602.6320863309353;1;;;;2;;;;;;;2024;556
2024;Non;75;Nouvelle-Aquitaine;33;Gironde;243300316;Bordeaux Métropole;9;Non;Non;Non;2;Oui;33281;Mérignac;Commune;213302813;33281;MERIGNAC;Impôts et taxes;78081800.63;0.0;0.0;78081800.63;78.08180062999999;76532;1020.2503610254533;1;;;;2;;;;;;;2024;76532
2024;Non;75;Nouvelle-Aquitaine;33;Gironde;243301454;Communauté de communes Castillon/Pujols;2;Oui;Non;Non;3;Non;33282;Mérignas;Commune;213302821;33282;MERIGNAS;Impôts et taxes;117139.0;0.0;0.0;117139.0;0.117139;321;364.9190031152648;1;;;;2;;;;;;;2024;321
2024;Non;75;Nouvelle-Aquitaine;33;Gironde;200069599;Communauté de communes rurales de l'Entre-Deux-Mers;2;Oui;Non;Non;1;Non;33283;Mesterrieux;Commune;213302839;33283;MESTERRIEUX;Impôts et taxes;92580.85;0.0;0.0;92580.85;0.09258085;226;409.64977876106195;1;;;;2;;;;;;;2024;226
2024;Non;75;Nouvelle-Aquitaine;33;Gironde;243301504;Communauté d'agglomération du Bassin d'Arcachon Nord;7;Non;Non;Non;2;Non;33284;Mios;Commune;213302847;33284;MIOS;Impôts et taxes;8586945.52;0.0;0.0;8586945.52;8.586945519999999;11659;736.5078926151471;1;;;;2;;;;;;;2024;11659
2024;Non;75;Nouvelle-Aquitaine;33;Gironde;243301223;Communauté de communes du Grand Cubzaguais;2;Non;Non;Non;2;Non;33285;Mombrier;Commune;213302854;33285;MOMBRIER;Impôts et taxes;169670.33;0.0;0.0;169670.33;0.16967032999999998;467;363.31976445396145;1;;;;2;;;;;;;2024;467
2024;Non;75;Nouvelle-Aquitaine;33;Gironde;200044394;Communauté de communes du Réolais en Sud Gironde;3;Non;Non;Non;1;Non;33287;Mongauzy;Commune;213302870;33287;MONGAUZY;Impôts et taxes;288345.59;0.0;0.0;288345.59;0.28834559000000004;654;440.8953975535169;1;;;;2;;;;;;;2024;654
2024;Non;75;Nouvelle-Aquitaine;33;Gironde;200069581;Communauté de communes Convergence Garonne;2;Oui;Non;Non;1;Non;33288;Monprimblanc;Commune;213302888;33288;MONPRIMBLANC;Impôts et taxes;151558.44;0.0;0.0;151558.44;0.15155844;284;533.6564788732394;1;;;;2;;;;;;;2024;284
2024;Non;75;Nouvelle-Aquitaine;33;Gironde;200044394;Communauté de communes du Réolais en Sud Gironde;3;Oui;Non;Non;1;Non;33289;Monségur;Commune;213302896;33289;MONSEGUR;Impôts et taxes;723683.56;0.0;0.0;723683.56;0.72368356;1662;435.4293381468111;1;;;;2;;;;;;;2024;1662
2024;Non;75;Nouvelle-Aquitaine;33;Gironde;200035533;Communauté de communes du Grand Saint-Émilionnais;3;Oui;Non;Non;2;Non;33290;Montagne;Commune;213302904;33290;MONTAGNE;Impôts et taxes;918015.86;0.0;0.0;918015.86;0.91801586;1654;555.0277267230955;1;;;;2;;;;;;;2024;1654
2024;Non;75;Nouvelle-Aquitaine;33;Gironde;200044394;Communauté de communes du Réolais en Sud Gironde;1;Oui;Non;Non;2;Non;33291;Montagoudin;Commune;213302912;33291;MONTAGOUDIN;Impôts et taxes;91426.0;0.0;0.0;91426.0;0.091426;180;507.9222222222222;1;;;;2;;;;;;;2024;180
2024;Non;75;Nouvelle-Aquitaine;33;Gironde;200069599;Communauté de communes rurales de l'Entre-Deux-Mers;1;Oui;Non;Oui;2;Non;33292;Montignac;Commune;213302920;33292;MONTIGNAC;Impôts et taxes;63291.86;0.0;0.0;63291.86;0.06329186;142;445.717323943662;1;;;;2;;;;;;;2024;142
2024;Non;75;Nouvelle-Aquitaine;33;Gironde;243301249;Communauté de communes Les Rives de la Laurence;5;Non;Non;Non;2;Non;33293;Montussan;Commune;213302938;33293;MONTUSSAN;Impôts et taxes;2376989.46;0.0;0.0;2376989.46;2.37698946;3505;678.1710299572039;1;;;;2;;;;;;;2024;3505
2024;Non;75;Nouvelle-Aquitaine;33;Gironde;200044394;Communauté de communes du Réolais en Sud Gironde;3;Non;Non;Non;1;Non;33294;Morizès;Commune;213302946;33294;MORIZES;Impôts et taxes;197349.99;0.0;0.0;197349.99;0.19734999;542;364.1143726937269;1;;;;2;;;;;;;2024;542
2024;Non;75;Nouvelle-Aquitaine;33;Gironde;243301397;Communauté de communes du Fronsadais;0;Oui;Non;Non;2;Non;33295;Mouillac;Commune;213302953;33295;MOUILLAC;Impôts et taxes;44239.0;0.0;0.0;44239.0;0.044239;97;456.07216494845363;1;;;;2;;;;;;;2024;97
2024;Non;75;Nouvelle-Aquitaine;33;Gironde;243301454;Communauté de communes Castillon/Pujols;3;Oui;Non;Non;1;Non;33296;Mouliets-et-Villemartin;Commune;213302961;33296;MOULIETS-ET-VILLEMARTIN;Impôts et taxes;438753.25;0.0;0.0;438753.25;0.43875325;1040;421.878125;1;;;;2;;;;;;;2024;1040
2024;Non;75;Nouvelle-Aquitaine;33;Gironde;243301389;Communauté de communes Médullienne;3;Oui;Non;Non;2;Non;33297;Moulis-en-Médoc;Commune;213302979;33297;MOULIS-EN-MEDOC;Impôts et taxes;935640.83;0.0;0.0;935640.83;0.93564083;1942;481.79239443872297;1;;;;2;;;;;;;2024;1942
2024;Non;75;Nouvelle-Aquitaine;33;Gironde;200070092;Communauté d'agglomération du Libournais;3;Oui;Non;Non;2;Non;33298;Moulon;Commune;213302987;33298;MOULON;Impôts et taxes;512591.16;0.0;0.0;512591.16;0.5125911599999999;1041;492.40265129682996;1;;;;2;;;;;;;2024;1041
2024;Non;75;Nouvelle-Aquitaine;33;Gironde;200069599;Communauté de communes rurales de l'Entre-Deux-Mers;2;Oui;Non;Non;1;Non;33299;Mourens;Commune;213302995;33299;MOURENS;Impôts et taxes;166947.14;0.0;0.0;166947.14;0.16694714000000002;395;422.6509873417722;1;;;;2;;;;;;;2024;395
2024;Non;75;Nouvelle-Aquitaine;33;Gironde;200070720;Communauté de communes Médoc Atlantique;3;Oui;Non;Non;2;Non;33300;Naujac-sur-Mer;Commune;213303001;33300;NAUJAC-SUR-MER;Impôts et taxes;417414.81;0.0;0.0;417414.81;0.41741481;1110;376.0493783783784;1;;;;2;;;;;;;2024;1110
2024;Non;75;Nouvelle-Aquitaine;33;Gironde;243301454;Communauté de communes Castillon/Pujols;3;Oui;Non;Non;1;Non;33301;Naujan-et-Postiac;Commune;213303019;33301;NAUJAN-ET-POSTIAC;Impôts et taxes;323571.0;0.0;0.0;323571.0;0.323571;632;511.9794303797468;1;;;;2;;;;;;;2024;632
2024;Non;75;Nouvelle-Aquitaine;33;Gironde;200035533;Communauté de communes du Grand Saint-Émilionnais;2;Oui;Non;Non;2;Non;33302;Néac;Commune;213303027;33302;NEAC;Impôts et taxes;338694.97;0.0;0.0;338694.97;0.33869497;339;999.1002064896754;1;;;;2;;;;;;;2024;339
2024;Non;75;Nouvelle-Aquitaine;33;Gironde;200070092;Communauté d'agglomération du Libournais;3;Non;Non;Non;2;Non;33303;Nérigean;Commune;213303035;33303;NERIGEAN;Impôts et taxes;454990.51;0.0;0.0;454990.51;0.45499051;850;535.2829529411765;1;;;;2;;;;;;;2024;850
2024;Non;75;Nouvelle-Aquitaine;33;Gironde;200069599;Communauté de communes rurales de l'Entre-Deux-Mers;1;Oui;Non;Non;2;Non;33304;Neuffons;Commune;213303043;33304;NEUFFONS;Impôts et taxes;82767.42;0.0;0.0;82767.42;0.08276742;146;566.9001369863014;1;;;;2;;;;;;;2024;146
2024;Non;75;Nouvelle-Aquitaine;33;Gironde;200043982;Communauté de communes du Bazadais;3;Oui;Non;Non;2;Non;33305;Le Nizan;Commune;213303050;33305;LE NIZAN;Impôts et taxes;222481.8;0.0;0.0;222481.8;0.22248179999999998;512;434.534765625;1;;;;2;;;;;;;2024;512
2024;Non;75;Nouvelle-Aquitaine;33;Gironde;200044394;Communauté de communes du Réolais en Sud Gironde;3;Oui;Non;Non;1;Non;33306;Noaillac;Commune;213303068;33306;NOAILLAC;Impôts et taxes;178248.0;0.0;0.0;178248.0;0.178248;543;328.2651933701657;1;;;;2;;;;;;;2024;543
2024;Non;75;Nouvelle-Aquitaine;33;Gironde;200043974;Communauté de communes du Sud Gironde;3;Oui;Non;Non;2;Non;33307;Noaillan;Commune;213303076;33307;NOAILLAN;Impôts et taxes;512442.72;0.0;0.0;512442.72;0.51244272;1701;301.2596825396825;1;;;;2;;;;;;;2024;1701
2024;Non;75;Nouvelle-Aquitaine;33;Gironde;200069581;Communauté de communes Convergence Garonne;2;Oui;Non;Non;1;Non;33308;Omet;Commune;213303084;33308;OMET;Impôts et taxes;136715.47;0.0;0.0;136715.47;0.13671547;303;451.2061716171617;1;;;;2;;;;;;;2024;303
2024;Non;75;Nouvelle-Aquitaine;33;Gironde;200069995;Communauté de communes Médoc Cœur de Presqu'île;2;Oui;Non;Non;1;Non;33309;Ordonnac;Commune;213303092;33309;ORDONNAC;Impôts et taxes;245140.48;0.0;0.0;245140.48;0.24514048000000002;495;495.23329292929293;1;;;;2;;;;;;;2024;495
2024;Non;75;Nouvelle-Aquitaine;33;Gironde;200043974;Communauté de communes du Sud Gironde;1;Oui;Non;Non;2;Non;33310;Origne;Commune;213303100;33310;ORIGNE;Impôts et taxes;117535.98;0.0;0.0;117535.98;0.11753598;191;615.3716230366492;1;;;;2;;;;;;;2024;191
2024;Non;75;Nouvelle-Aquitaine;33;Gironde;200069581;Communauté de communes Convergence Garonne;3;Non;Non;Non;1;Non;33311;Paillet;Commune;213303118;33311;PAILLET;Impôts et taxes;588121.05;0.0;0.0;588121.05;0.58812105;1231;477.758773354996;1;;;;2;;;;;;;2024;1231
2024;Non;75;Nouvelle-Aquitaine;33;Gironde;243300316;Bordeaux Métropole;7;Non;Non;Non;2;Non;33312;Parempuyre;Commune;213303126;33312;PAREMPUYRE;Impôts et taxes;8557597.86;0.0;0.0;8557597.86;8.55759786;10244;835.3765970324091;1;;;;2;;;;;;;2024;10244
2024;Non;75;Nouvelle-Aquitaine;33;Gironde;200069995;Communauté de communes Médoc Cœur de Presqu'île;6;Non;Non;Oui;1;Non;33314;Pauillac;Commune;213303142;33314;PAUILLAC;Impôts et taxes;5142656.07;977.52;0.0;5143633.59;5.143633589999999;5183;992.4047057688597;1;;;;2;;;;;;;2024;5183
2024;Non;75;Nouvelle-Aquitaine;33;Gironde;200070092;Communauté d'agglomération du Libournais;3;Non;Non;Non;1;Non;33315;Les Peintures;Commune;213303159;33315;LES PEINTURES;Impôts et taxes;632580.69;0.0;0.0;632580.69;0.63258069;1668;379.24501798561147;1;;;;2;;;;;;;2024;1668
2024;Non;75;Nouvelle-Aquitaine;33;Gironde;243301371;Communauté de communes du Pays Foyen;3;Oui;Non;Non;1;Non;33316;Pellegrue;Commune;213303167;33316;PELLEGRUE;Impôts et taxes;571310.75;0.0;0.0;571310.75;0.57131075;914;625.066466083151;1;;;;2;;;;;;;2024;914
2024;Non;75;Nouvelle-Aquitaine;33;Gironde;243301397;Communauté de communes du Fronsadais;3;Oui;Non;Non;1;Non;33317;Périssac;Commune;213303175;33317;PERISSAC;Impôts et taxes;366795.5;0.0;0.0;366795.5;0.3667955;1206;304.1422056384743;1;;;;2;;;;;;;2024;1206
2024;Non;75;Nouvelle-Aquitaine;33;Gironde;243300316;Bordeaux Métropole;9;Non;Non;Non;2;Oui;33318;Pessac;Commune;213303183;33318;PESSAC;Impôts et taxes;51808342.09;0.0;0.0;51808342.09;51.808342090000004;67522;767.2809171825479;1;;;;2;;;;;;;2024;67522
2024;Non;75;Nouvelle-Aquitaine;33;Gironde;243301454;Communauté de communes Castillon/Pujols;2;Oui;Non;Non;1;Non;33319;Pessac-sur-Dordogne;Commune;213303191;33319;PESSAC-SUR-DORDOGNE;Impôts et taxes;261730.42;0.0;0.0;261730.42;0.26173042;446;586.8395067264574;1;;;;2;;;;;;;2024;446
2024;Non;75;Nouvelle-Aquitaine;33;Gironde;200035533;Communauté de communes du Grand Saint-Émilionnais;3;Oui;Non;Non;1;Non;33320;Petit-Palais-et-Cornemps;Commune;213303209;33320;PETIT-PALAIS-ET-CORNEMPS;Impôts et taxes;347632.19;0.0;0.0;347632.19;0.34763219;749;464.12842456608814;1;;;;2;;;;;;;2024;749
2024;Non;75;Nouvelle-Aquitaine;33;Gironde;243301223;Communauté de communes du Grand Cubzaguais;4;Oui;Non;Non;1;Non;33321;Peujard;Commune;213303217;33321;PEUJARD;Impôts et taxes;866829.0;0.0;0.0;866829.0;0.866829;2195;394.9107061503417;1;;;;2;;;;;;;2024;2195
2024;Non;75;Nouvelle-Aquitaine;33;Gironde;243301447;Communauté de communes Médoc Estuaire;6;Non;Non;Non;2;Non;33322;Le Pian-Médoc;Commune;213303225;33322;LE PIAN-MEDOC;Impôts et taxes;4260065.21;0.0;0.0;4260065.21;4.26006521;7254;587.2711896884477;1;;;;2;;;;;;;2024;7254
2024;Non;75;Nouvelle-Aquitaine;33;Gironde;200043974;Communauté de communes du Sud Gironde;3;Non;Non;Oui;2;Non;33323;Le Pian-sur-Garonne;Commune;213303233;33323;LE PIAN-SUR-GARONNE;Impôts et taxes;448602.82;0.0;0.0;448602.82;0.44860282;968;463.4326652892562;1;;;;2;;;;;;;2024;968
2024;Non;75;Nouvelle-Aquitaine;33;Gironde;243301371;Communauté de communes du Pays Foyen;5;Non;Non;Non;1;Oui;33324;Pineuilh;Commune;213303241;33324;PINEUILH;Impôts et taxes;2145539.17;0.0;0.0;2145539.17;2.1455391699999997;4524;474.25711096374886;1;;;;2;;;;;;;2024;4524
2024;Non;75;Nouvelle-Aquitaine;33;Gironde;200023794;Communauté de communes de Blaye;3;Oui;Non;Non;2;Non;33325;Plassac;Commune;213303258;33325;PLASSAC;Impôts et taxes;464666.77;0.0;0.0;464666.77;0.46466677;958;485.03838204592904;1;;;;2;;;;;;;2024;958
2024;Non;75;Nouvelle-Aquitaine;33;Gironde;243300811;Communauté de communes de l'Estuaire;2;Oui;Non;Non;1;Non;33326;Pleine-Selve;Commune;213303266;33326;PLEINE-SELVE;Impôts et taxes;167736.22;0.0;0.0;167736.22;0.16773622;222;755.5685585585586;1;;;;2;;;;;;;2024;222
2024;Non;75;Nouvelle-Aquitaine;33;Gironde;200069581;Communauté de communes Convergence Garonne;4;Non;Non;Non;1;Non;33327;Podensac;Commune;213303274;33327;PODENSAC;Impôts et taxes;1660819.75;0.0;0.0;1660819.75;1.66081975;3338;497.54935590173756;1;;;;2;;;;;;;2024;3338
2024;Non;75;Nouvelle-Aquitaine;33;Gironde;200070092;Communauté d'agglomération du Libournais;3;Non;Non;Non;3;Non;33328;Pomerol;Commune;213303282;33328;POMEROL;Impôts et taxes;669950.17;0.0;0.0;669950.17;0.66995017;604;1109.189023178808;1;;;;2;;;;;;;2024;604
2024;Non;75;Nouvelle-Aquitaine;33;Gironde;200043974;Communauté de communes du Sud Gironde;2;Oui;Non;Non;2;Non;33329;Pompéjac;Commune;213303290;33329;POMPEJAC;Impôts et taxes;133597.84;0.0;0.0;133597.84;0.13359784;273;489.36937728937727;1;;;;2;;;;;;;2024;273
2024;Non;75;Nouvelle-Aquitaine;33;Gironde;243301355;Communauté de communes Les Coteaux Bordelais;4;Non;Non;Non;3;Non;33330;Pompignac;Commune;213303308;33330;POMPIGNAC;Impôts et taxes;2662682.65;0.0;0.0;2662682.65;2.66268265;3431;776.066059457884;1;;;;2;;;;;;;2024;3431
2024;Non;75;Nouvelle-Aquitaine;33;Gironde;200044394;Communauté de communes du Réolais en Sud Gironde;2;Oui;Non;Non;2;Non;33331;Pondaurat;Commune;213303316;33331;PONDAURAT;Impôts et taxes;245639.0;0.0;0.0;245639.0;0.245639;462;531.6861471861472;1;;;;2;;;;;;;2024;462
2024;Non;75;Nouvelle-Aquitaine;33;Gironde;200070092;Communauté d'agglomération du Libournais;3;Non;Non;Non;1;Non;33332;Porchères;Commune;213303324;33332;PORCHERES;Impôts et taxes;299269.77;0.0;0.0;299269.77;0.29926977000000005;874;342.4139244851259;1;;;;2;;;;;;;2024;874
2024;Non;75;Nouvelle-Aquitaine;33;Gironde;243301389;Communauté de communes Médullienne;4;Non;Non;Non;2;Non;33333;Le Porge;Commune;213303332;33333;LE PORGE;Impôts et taxes;2694815.23;0.0;0.0;2694815.23;2.69481523;3410;790.2683958944282;1;;;;2;;;;;;;2024;3410
2024;Non;75;Nouvelle-Aquitaine;33;Gironde;200069581;Communauté de communes Convergence Garonne;4;Non;Non;Non;2;Non;33334;Portets;Commune;213303340;33334;PORTETS;Impôts et taxes;1388395.17;0.0;0.0;1388395.17;1.38839517;2711;512.133961637772;1;;;;2;;;;;;;2024;2711
2024;Non;75;Nouvelle-Aquitaine;33;Gironde;243301215;Communauté de communes du Créonnais;3;Oui;Non;Non;2;Non;33335;Le Pout;Commune;213303357;33335;LE POUT;Impôts et taxes;240659.24;0.0;0.0;240659.24;0.24065924;627;383.8265390749601;1;;;;2;;;;;;;2024;627
2024;Non;75;Nouvelle-Aquitaine;33;Gironde;200043974;Communauté de communes du Sud Gironde;3;Oui;Non;Non;1;Non;33336;Préchac;Commune;213303365;33336;PRECHAC;Impôts et taxes;402097.25;0.0;0.0;402097.25;0.40209725;1060;379.3370283018868;1;;;;2;;;;;;;2024;1060
2024;Non;75;Nouvelle-Aquitaine;33;Gironde;200069581;Communauté de communes Convergence Garonne;4;Non;Non;Non;1;Non;33337;Preignac;Commune;213303373;33337;PREIGNAC;Impôts et taxes;1071497.57;0.0;0.0;1071497.57;1.07149757;2188;489.71552559414994;1;;;;2;;;;;;;2024;2188
2024;Non;75;Nouvelle-Aquitaine;33;Gironde;243301223;Communauté de communes du Grand Cubzaguais;3;Non;Non;Non;2;Non;33339;Prignac-et-Marcamps;Commune;213303399;33339;PRIGNAC-ET-MARCAMPS;Impôts et taxes;659016.47;0.0;0.0;659016.47;0.65901647;1442;457.01558252427185;1;;;;2;;;;;;;2024;1442
2024;Non;75;Nouvelle-Aquitaine;33;Gironde;243301223;Communauté de communes du Grand Cubzaguais;4;Oui;Non;Non;1;Non;33341;Pugnac;Commune;213303415;33341;PUGNAC;Impôts et taxes;1001282.13;0.0;0.0;1001282.13;1.00128213;2427;412.5595920889988;1;;;;2;;;;;;;2024;2427
2024;Non;75;Nouvelle-Aquitaine;33;Gironde;200035533;Communauté de communes du Grand Saint-Émilionnais;3;Oui;Non;Non;2;Non;33342;Puisseguin;Commune;213303423;33342;PUISSEGUIN;Impôts et taxes;542395.41;0.0;0.0;542395.41;0.54239541;836;648.7983373205742;1;;;;2;;;;;;;2024;836
2024;Non;75;Nouvelle-Aquitaine;33;Gironde;200069581;Communauté de communes Convergence Garonne;3;Oui;Non;Non;2;Non;33343;Pujols-sur-Ciron;Commune;213303431;33343;PUJOLS-SUR-CIRON;Impôts et taxes;419714.0;0.0;0.0;419714.0;0.419714;900;466.3488888888889;1;;;;2;;;;;;;2024;900
2024;Non;75;Nouvelle-Aquitaine;33;Gironde;243301454;Communauté de communes Castillon/Pujols;3;Oui;Non;Non;1;Non;33344;Pujols;Commune;213303449;33344;PUJOLS-SUR-DORDOGNE;Impôts et taxes;314186.9;0.0;0.0;314186.9;0.31418690000000005;530;592.8054716981133;1;;;;2;;;;;;;2024;530
2024;Non;75;Nouvelle-Aquitaine;33;Gironde;200069599;Communauté de communes rurales de l'Entre-Deux-Mers;2;Oui;Non;Non;2;Non;33345;Le Puy;Commune;213303456;33345;LE PUY;Impôts et taxes;128656.8;0.0;0.0;128656.8;0.12865680000000002;409;314.5643031784841;1;;;;2;;;;;;;2024;409
2024;Non;75;Nouvelle-Aquitaine;33;Gironde;200044394;Communauté de communes du Réolais en Sud Gironde;2;Oui;Non;Non;1;Non;33346;Puybarban;Commune;213303464;33346;PUYBARBAN;Impôts et taxes;187375.0;0.0;0.0;187375.0;0.187375;420;446.1309523809524;1;;;;2;;;;;;;2024;420
2024;Non;75;Nouvelle-Aquitaine;33;Gironde;200070092;Communauté d'agglomération du Libournais;2;Oui;Non;Non;1;Non;33347;Puynormand;Commune;213303472;33347;PUYNORMAND;Impôts et taxes;212324.58;0.0;0.0;212324.58;0.21232457999999998;313;678.3532907348242;1;;;;2;;;;;;;2024;313
2024;Non;75;Nouvelle-Aquitaine;33;Gironde;200070720;Communauté de communes Médoc Atlantique;3;Oui;Non;Non;2;Non;33348;Queyrac;Commune;213303480;33348;QUEYRAC;Impôts et taxes;536466.51;0.0;0.0;536466.51;0.53646651;1364;393.30389296187684;1;;;;2;;;;;;;2024;1364
2024;Non;75;Nouvelle-Aquitaine;33;Gironde;243301439;Communauté de communes des Portes de l'Entre-Deux-Mers;4;Non;Non;Non;3;Non;33349;Quinsac;Commune;213303498;33349;QUINSAC;Impôts et taxes;1148931.33;0.0;0.0;1148931.33;1.1489313300000001;2250;510.6361466666667;1;;;;2;;;;;;;2024;2250
2024;Non;75;Nouvelle-Aquitaine;33;Gironde;243301454;Communauté de communes Castillon/Pujols;3;Oui;Non;Non;1;Non;33350;Rauzan;Commune;213303506;33350;RAUZAN;Impôts et taxes;622421.38;0.0;0.0;622421.38;0.62242138;1275;488.17363137254904;1;;;;2;;;;;;;2024;1275
2024;Non;75;Nouvelle-Aquitaine;33;Gironde;243300811;Communauté de communes de l'Estuaire;3;Oui;Non;Non;1;Non;33351;Reignac;Commune;213303514;33351;REIGNAC;Impôts et taxes;842667.47;0.0;0.0;842667.47;0.84266747;1646;511.948645200486;1;;;;2;;;;;;;2024;1646
2024;Non;75;Nouvelle-Aquitaine;33;Gironde;200044394;Communauté de communes du Réolais en Sud Gironde;5;Non;Non;Non;1;Non;33352;La Réole;Commune;213303522;33352;LA REOLE;Impôts et taxes;3768947.74;0.0;0.0;3768947.74;3.76894774;4478;841.658718177758;1;;;;2;;;;;;;2024;4478
2024;Non;75;Nouvelle-Aquitaine;33;Gironde;200069599;Communauté de communes rurales de l'Entre-Deux-Mers;1;Oui;Non;Non;1;Non;33353;Rimons;Commune;213303530;33353;RIMONS;Impôts et taxes;86239.3;0.0;0.0;86239.3;0.0862393;199;433.3633165829146;1;;;;2;;;;;;;2024;199
2024;Non;75;Nouvelle-Aquitaine;33;Gironde;243301371;Communauté de communes du Pays Foyen;2;Oui;Non;Non;1;Non;33354;Riocaud;Commune;213303548;33354;RIOCAUD;Impôts et taxes;103352.38;0.0;0.0;103352.38;0.10335238000000001;201;514.1909452736319;1;;;;2;;;;;;;2024;201
2024;Non;75;Nouvelle-Aquitaine;33;Gironde;200069581;Communauté de communes Convergence Garonne;3;Oui;Non;Non;1;Non;33355;Rions;Commune;213303555;33355;RIONS;Impôts et taxes;645884.98;0.0;0.0;645884.98;0.6458849799999999;1537;420.2244502277163;1;;;;2;;;;;;;2024;1537
2024;Non;75;Nouvelle-Aquitaine;33;Gironde;243301397;Communauté de communes du Fronsadais;2;Oui;Non;Non;2;Non;33356;La Rivière;Commune;213303563;33356;LA RIVIERE;Impôts et taxes;285560.1;0.0;0.0;285560.1;0.2855601;423;675.0829787234042;1;;;;2;;;;;;;2024;423
2024;Non;75;Nouvelle-Aquitaine;33;Gironde;200043974;Communauté de communes du Sud Gironde;3;Oui;Non;Non;2;Non;33357;Roaillan;Commune;213303571;33357;ROAILLAN;Impôts et taxes;774983.83;0.0;0.0;774983.83;0.7749838299999999;1809;428.40454947484795;1;;;;2;;;;;;;2024;1809
2024;Non;75;Nouvelle-Aquitaine;33;Gironde;200069599;Communauté de communes rurales de l'Entre-Deux-Mers;2;Oui;Non;Oui;1;Non;33358;Romagne;Commune;213303589;33358;ROMAGNE;Impôts et taxes;220446.34;0.0;0.0;220446.34;0.22044634;485;454.5285360824742;1;;;;2;;;;;;;2024;485
2024;Non;75;Nouvelle-Aquitaine;33;Gironde;200044394;Communauté de communes du Réolais en Sud Gironde;2;Oui;Non;Non;1;Non;33359;Roquebrune;Commune;213303597;33359;ROQUEBRUNE;Impôts et taxes;102477.58;0.0;0.0;102477.58;0.10247758;288;355.82493055555557;1;;;;2;;;;;;;2024;288
2024;Non;75;Nouvelle-Aquitaine;33;Gironde;243301371;Communauté de communes du Pays Foyen;2;Oui;Non;Non;1;Non;33360;La Roquille;Commune;213303605;33360;LA ROQUILLE;Impôts et taxes;121629.5;0.0;0.0;121629.5;0.1216295;315;386.1253968253968;1;;;;2;;;;;;;2024;315
2024;Non;75;Nouvelle-Aquitaine;33;Gironde;243301454;Communauté de communes Castillon/Pujols;3;Oui;Non;Non;1;Non;33361;Ruch;Commune;213303613;33361;RUCH;Impôts et taxes;291460.0;0.0;0.0;291460.0;0.29146;570;511.3333333333333;1;;;;2;;;;;;;2024;570
2024;Non;75;Nouvelle-Aquitaine;33;Gironde;200070092;Communauté d'agglomération du Libournais;3;Oui;Non;Non;1;Non;33362;Sablons;Commune;213303621;33362;SABLONS;Impôts et taxes;464403.35;0.0;0.0;464403.35;0.46440335;1326;350.2287707390648;1;;;;2;;;;;;;2024;1326
2024;Non;75;Nouvelle-Aquitaine;33;Gironde;243301215;Communauté de communes du Créonnais;5;Non;Non;Non;2;Non;33363;Sadirac;Commune;213303639;33363;SADIRAC;Impôts et taxes;2761829.36;0.0;0.0;2761829.36;2.7618293599999997;4759;580.3381718848498;1;;;;2;;;;;;;2024;4759
2024;Non;75;Nouvelle-Aquitaine;33;Gironde;243301397;Communauté de communes du Fronsadais;2;Oui;Non;Non;2;Non;33364;Saillans;Commune;213303647;33364;SAILLANS;Impôts et taxes;253215.3;0.0;0.0;253215.3;0.2532153;379;668.1142480211081;1;;;;2;;;;;;;2024;379
2024;Non;75;Nouvelle-Aquitaine;33;Gironde;243301397;Communauté de communes du Fronsadais;2;Oui;Non;Non;2;Non;33365;Saint-Aignan;Commune;213303654;33365;SAINT-AIGNAN;Impôts et taxes;123136.9;0.0;0.0;123136.9;0.1231369;207;594.8642512077295;1;;;;2;;;;;;;2024;207
2024;Non;75;Nouvelle-Aquitaine;33;Gironde;243301223;Communauté de communes du Grand Cubzaguais;7;Non;Non;Non;1;Non;33366;Saint-André-de-Cubzac;Commune;213303662;33366;SAINT-ANDRE-DE-CUBZAC;Impôts et taxes;8135420.79;0.0;0.0;8135420.79;8.13542079;13039;623.9298098013651;1;;;;2;;;;;;;2024;13039
2024;Non;75;Nouvelle-Aquitaine;33;Gironde;200043974;Communauté de communes du Sud Gironde;2;Oui;Non;Oui;1;Non;33367;Saint-André-du-Bois;Commune;213303670;33367;SAINT-ANDRE-DU-BOIS;Impôts et taxes;284456.13;0.0;0.0;284456.13;0.28445613000000003;434;655.428870967742;1;;;;2;;;;;;;2024;434
2024;Non;75;Nouvelle-Aquitaine;33;Gironde;243301371;Communauté de communes du Pays Foyen;3;Oui;Non;Non;2;Non;33369;Saint-André-et-Appelles;Commune;213303696;33369;SAINT-ANDRE-ET-APPELLES;Impôts et taxes;279236.59;0.0;0.0;279236.59;0.27923659;680;410.6420441176471;1;;;;2;;;;;;;2024;680
2024;Non;75;Nouvelle-Aquitaine;33;Gironde;243300811;Communauté de communes de l'Estuaire;3;Oui;Non;Non;1;Non;33370;Saint-Androny;Commune;213303704;33370;SAINT-ANDRONY;Impôts et taxes;358225.1;0.0;0.0;358225.1;0.35822509999999996;578;619.7666089965397;1;;;;2;;;;;;;2024;578
2024;Non;75;Nouvelle-Aquitaine;33;Gironde;200069599;Communauté de communes rurales de l'Entre-Deux-Mers;0;Oui;Non;Non;2;Non;33372;Saint-Antoine-du-Queyret;Commune;213303720;33372;SAINT-ANTOINE-DU-QUEYRET;Impôts et taxes;55282.6;0.0;0.0;55282.6;0.0552826;58;953.1482758620689;1;;;;2;;;;;;;2024;58
2024;Non;75;Nouvelle-Aquitaine;33;Gironde;200070092;Communauté d'agglomération du Libournais;3;Non;Non;Non;1;Non;33373;Saint-Antoine-sur-l'Isle;Commune;213303738;33373;SAINT-ANTOINE-SUR-L'ISLE;Impôts et taxes;260773.27;0.0;0.0;260773.27;0.26077327;589;442.7389983022071;1;;;;2;;;;;;;2024;589
2024;Non;75;Nouvelle-Aquitaine;33;Gironde;243300811;Communauté de communes de l'Estuaire;3;Oui;Non;Non;1;Non;33374;Saint-Aubin-de-Blaye;Commune;213303746;33374;SAINT-AUBIN-DE-BLAYE;Impôts et taxes;457381.82;0.0;0.0;457381.82;0.45738182;855;534.9494970760234;1;;;;2;;;;;;;2024;855
2024;Non;75;Nouvelle-Aquitaine;33;Gironde;243301454;Communauté de communes Castillon/Pujols;2;Oui;Non;Non;2;Non;33375;Saint-Aubin-de-Branne;Commune;213303753;33375;SAINT-AUBIN-DE-BRANNE;Impôts et taxes;202832.0;0.0;0.0;202832.0;0.202832;387;524.1136950904393;1;;;;2;;;;;;;2024;387
2024;Non;75;Nouvelle-Aquitaine;33;Gironde;243300316;Bordeaux Métropole;6;Non;Non;Non;3;Non;33376;Saint-Aubin-de-Médoc;Commune;213303761;33376;SAINT-AUBIN-MEDOC;Impôts et taxes;7014575.47;0.0;0.0;7014575.47;7.01457547;7799;899.4198576740607;1;;;;2;;;;;;;2024;7799
2024;Non;75;Nouvelle-Aquitaine;33;Gironde;243301371;Communauté de communes du Pays Foyen;0;Oui;Non;Non;2;Non;33377;Saint-Avit-de-Soulège;Commune;213303779;33377;SAINT-AVIT-DE-SOULEGE;Impôts et taxes;52330.26;0.0;0.0;52330.26;0.05233026;80;654.12825;1;;;;2;;;;;;;2024;80
2024;Non;75;Nouvelle-Aquitaine;33;Gironde;243301371;Communauté de communes du Pays Foyen;3;Non;Non;Non;1;Non;33378;Saint-Avit-Saint-Nazaire;Commune;213303787;33378;SAINT-AVIT-SAINT-NAZAIRE;Impôts et taxes;724229.3;0.0;0.0;724229.3;0.7242293000000001;1509;479.9398939695163;1;;;;2;;;;;;;2024;1509
2024;Non;75;Nouvelle-Aquitaine;33;Gironde;200069599;Communauté de communes rurales de l'Entre-Deux-Mers;2;Oui;Non;Non;1;Non;33379;Saint-Brice;Commune;213303795;33379;SAINT-BRICE;Impôts et taxes;104568.6;0.0;0.0;104568.6;0.10456860000000001;315;331.9638095238095;1;;;;2;;;;;;;2024;315
2024;Non;75;Nouvelle-Aquitaine;33;Gironde;243301439;Communauté de communes des Portes de l'Entre-Deux-Mers;4;Non;Non;Non;2;Non;33381;Saint-Caprais-de-Bordeaux;Commune;213303811;33381;SAINT-CAPRAIS-DE-BORDEAUX;Impôts et taxes;1791391.52;0.0;0.0;1791391.52;1.7913915200000001;3490;513.2926991404012;1;;;;2;;;;;;;2024;3490
2024;Non;75;Nouvelle-Aquitaine;33;Gironde;200023794;Communauté de communes de Blaye;3;Oui;Non;Non;1;Non;33382;Saint-Christoly-de-Blaye;Commune;213303829;33382;SAINT-CHRISTOLY-DE-BLAYE;Impôts et taxes;916760.0;0.0;0.0;916760.0;0.91676;1906;480.9863588667366;1;;;;2;;;;;;;2024;1906
2024;Non;75;Nouvelle-Aquitaine;33;Gironde;200069995;Communauté de communes Médoc Cœur de Presqu'île;2;Oui;Non;Non;1;Non;33383;Saint-Christoly-Médoc;Commune;213303837;33383;SAINT-CHRISTOLY-MEDOC;Impôts et taxes;235022.76;0.0;0.0;235022.76;0.23502276;279;842.3754838709677;1;;;;2;;;;;;;2024;279
2024;Non;75;Nouvelle-Aquitaine;33;Gironde;200035533;Communauté de communes du Grand Saint-Émilionnais;2;Non;Non;Non;2;Non;33384;Saint-Christophe-des-Bardes;Commune;213303845;33384;SAINT-CHRISTOPHE-DES-BARDES;Impôts et taxes;417234.57;0.0;0.0;417234.57;0.41723457;403;1035.3215136476426;1;;;;2;;;;;;;2024;403
2024;Non;75;Nouvelle-Aquitaine;33;Gironde;200070092;Communauté d'agglomération du Libournais;3;Oui;Non;Non;1;Non;33385;Saint-Christophe-de-Double;Commune;213303852;33385;SAINT-CHRISTOPHE-DE-DOUBLE;Impôts et taxes;236853.65;0.0;0.0;236853.65;0.23685365;617;383.8794975688817;1;;;;2;;;;;;;2024;617
2024;Non;75;Nouvelle-Aquitaine;33;Gironde;200035533;Communauté de communes du Grand Saint-Émilionnais;1;Oui;Non;Non;1;Non;33386;Saint-Cibard;Commune;213303860;33386;SAINT-CIBARD;Impôts et taxes;102058.05;0.0;0.0;102058.05;0.10205805;198;515.444696969697;1;;;;2;;;;;;;2024;198
2024;Non;75;Nouvelle-Aquitaine;33;Gironde;200070092;Communauté d'agglomération du Libournais;3;Oui;Non;Non;1;Non;33387;Saint-Ciers-d'Abzac;Commune;213303878;33387;SAINT-CIERS-D'ABZAC;Impôts et taxes;430532.18;0.0;0.0;430532.18;0.43053218;1538;279.9298959687906;1;;;;2;;;;;;;2024;1538
2024;Non;75;Nouvelle-Aquitaine;33;Gironde;200023794;Communauté de communes de Blaye;3;Oui;Non;Non;1;Non;33388;Saint-Ciers-de-Canesse;Commune;213303886;33388;SAINT-CIERS-DE-CANESSE;Impôts et taxes;323053.0;0.0;0.0;323053.0;0.323053;776;416.305412371134;1;;;;2;;;;;;;2024;776
2024;Non;75;Nouvelle-Aquitaine;33;Gironde;243300811;Communauté de communes de l'Estuaire;4;Non;Non;Non;1;Non;33389;Saint-Ciers-sur-Gironde;Commune;213303894;33389;SAINT-CIERS-SUR-GIRONDE;Impôts et taxes;2103708.04;0.0;0.0;2103708.04;2.10370804;3123;673.617688120397;1;;;;2;;;;;;;2024;3123
2024;Non;75;Nouvelle-Aquitaine;33;Gironde;243301454;Communauté de communes Castillon/Pujols;2;Oui;Non;Non;1;Non;33390;Sainte-Colombe;Commune;213303902;33390;SAINTE-COLOMBE;Impôts et taxes;155749.48;0.0;0.0;155749.48;0.15574948000000002;434;358.8697695852535;1;;;;2;;;;;;;2024;434
2024;Non;75;Nouvelle-Aquitaine;33;Gironde;200043982;Communauté de communes du Bazadais;2;Non;Non;Non;1;Non;33391;Saint-Côme;Commune;213303910;33391;SAINT-COME;Impôts et taxes;119820.6;0.0;0.0;119820.6;0.1198206;336;356.6089285714286;1;;;;2;;;;;;;2024;336
2024;Non;75;Nouvelle-Aquitaine;33;Gironde;200069581;Communauté de communes Convergence Garonne;3;Oui;Non;Non;1;Non;33392;Sainte-Croix-du-Mont;Commune;213303928;33392;SAINTE-CROIX-DU-MONT;Impôts et taxes;350469.1;0.0;0.0;350469.1;0.3504691;861;407.0488966318234;1;;;;2;;;;;;;2024;861
2024;Non;75;Nouvelle-Aquitaine;33;Gironde;200070092;Communauté d'agglomération du Libournais;6;Non;Non;Non;1;Non;33393;Saint-Denis-de-Pile;Commune;213303936;33393;SAINT-DENIS-DE-PILE;Impôts et taxes;3413210.51;0.0;0.0;3413210.51;3.41321051;5889;579.5908490405841;1;;;;2;;;;;;;2024;5889
2024;Non;75;Nouvelle-Aquitaine;33;Gironde;200035533;Communauté de communes du Grand Saint-Émilionnais;3;Non;Non;Oui;3;Non;33394;Saint-Émilion;Commune;213303944;33394;SAINT-EMILION;Impôts et taxes;3582130.07;0.0;0.0;3582130.07;3.58213007;1817;1971.4529829389103;1;;;;2;;;;;;;2024;1817
2024;Non;75;Nouvelle-Aquitaine;33;Gironde;200069995;Communauté de communes Médoc Cœur de Presqu'île;3;Oui;Non;Non;1;Non;33395;Saint-Estèphe;Commune;213303951;33395;SAINT-ESTEPHE;Impôts et taxes;1480495.39;0.0;0.0;1480495.39;1.48049539;1654;895.0999939540508;1;;;;2;;;;;;;2024;1654
2024;Non;75;Nouvelle-Aquitaine;33;Gironde;200035533;Communauté de communes du Grand Saint-Émilionnais;1;Non;Non;Non;2;Non;33396;Saint-Étienne-de-Lisse;Commune;213303969;33396;SAINT-ETIENNE-DE-LISSE;Impôts et taxes;246684.85;0.0;0.0;246684.85;0.24668485;191;1291.5437172774868;1;;;;2;;;;;;;2024;191
2024;Non;75;Nouvelle-Aquitaine;33;Gironde;243301249;Communauté de communes Les Rives de la Laurence;6;Non;Non;Non;2;Non;33397;Sainte-Eulalie;Commune;213303977;33397;SAINTE-EULALIE;Impôts et taxes;4625537.13;0.0;0.0;4625537.13;4.62553713;5008;923.6296186102236;1;;;;2;;;;;;;2024;5008
2024;Non;75;Nouvelle-Aquitaine;33;Gironde;200044394;Communauté de communes du Réolais en Sud Gironde;1;Oui;Non;Non;1;Non;33398;Saint-Exupéry;Commune;213303985;33398;SAINT-EXUPERY;Impôts et taxes;71533.88;0.0;0.0;71533.88;0.07153388000000001;172;415.89465116279075;1;;;;2;;;;;;;2024;172
2024;Non;75;Nouvelle-Aquitaine;33;Gironde;200069599;Communauté de communes rurales de l'Entre-Deux-Mers;2;Oui;Non;Non;1;Non;33399;Saint-Félix-de-Foncaude;Commune;213303993;33399;SAINT-FELIX-DE-FONCAUDE;Impôts et taxes;89009.36;0.0;0.0;89009.36;0.08900936;297;299.69481481481483;1;;;;2;;;;;;;2024;297
2024;Non;75;Nouvelle-Aquitaine;33;Gironde;200069599;Communauté de communes rurales de l'Entre-Deux-Mers;2;Oui;Non;Non;2;Non;33400;Saint-Ferme;Commune;213304009;33400;SAINT-FERME;Impôts et taxes;169493.38;0.0;0.0;169493.38;0.16949338;343;494.1497959183674;1;;;;2;;;;;;;2024;343
2024;Non;75;Nouvelle-Aquitaine;33;Gironde;243301454;Communauté de communes Castillon/Pujols;1;Oui;Non;Non;1;Non;33401;Sainte-Florence;Commune;213304017;33401;SAINTE-FLORENCE;Impôts et taxes;70781.0;0.0;0.0;70781.0;0.070781;149;475.0402684563758;1;;;;2;;;;;;;2024;149
2024;Non;75;Nouvelle-Aquitaine;33;Gironde;243301371;Communauté de communes du Pays Foyen;4;Non;Non;Non;0;Oui;33402;Sainte-Foy-la-Grande;Commune;213304025;33402;SAINTE-FOY-LA-GRANDE;Impôts et taxes;1977808.68;0.0;0.0;1977808.68;1.9778086799999999;2626;753.1640060929169;1;;;;2;;;;;;;2024;2626
2024;Non;75;Nouvelle-Aquitaine;33;Gironde;200044394;Communauté de communes du Réolais en Sud Gironde;1;Oui;Non;Oui;1;Non;33403;Sainte-Foy-la-Longue;Commune;213304033;33403;SAINTE-FOY-LA-LONGUE;Impôts et taxes;94670.85;0.0;0.0;94670.85;0.09467085;140;676.2203571428572;1;;;;2;;;;;;;2024;140
2024;Non;75;Nouvelle-Aquitaine;33;Gironde;200069599;Communauté de communes rurales de l'Entre-Deux-Mers;1;Oui;Non;Non;1;Non;33404;Sainte-Gemme;Commune;213304041;33404;SAINTE-GEMME;Impôts et taxes;108733.38;0.0;0.0;108733.38;0.10873338;198;549.1584848484848;1;;;;2;;;;;;;2024;198
2024;Non;75;Nouvelle-Aquitaine;33;Gironde;200023794;Communauté de communes de Blaye;3;Non;Non;Non;2;Non;33405;Saint-Genès-de-Blaye;Commune;213304058;33405;SAINT-GENES-DE-BLAYE;Impôts et taxes;276813.0;0.0;0.0;276813.0;0.276813;510;542.7705882352941;1;;;;2;;;;;;;2024;510
2024;Non;75;Nouvelle-Aquitaine;33;Gironde;200035533;Communauté de communes du Grand Saint-Émilionnais;2;Oui;Non;Non;2;Non;33406;Saint-Genès-de-Castillon;Commune;213304066;33406;SAINT-GENES-DE-CASTILLON;Impôts et taxes;152905.26;0.0;0.0;152905.26;0.15290526000000002;378;404.5112698412699;1;;;;2;;;;;;;2024;378
2024;Non;75;Nouvelle-Aquitaine;33;Gironde;243301397;Communauté de communes du Fronsadais;3;Oui;Non;Non;1;Non;33407;Saint-Genès-de-Fronsac;Commune;213304074;33407;SAINT-GENES-DE-FRONSAC;Impôts et taxes;289958.0;0.0;0.0;289958.0;0.289958;952;304.577731092437;1;;;;2;;;;;;;2024;952
2024;Non;75;Nouvelle-Aquitaine;33;Gironde;243301215;Communauté de communes du Créonnais;2;Oui;Non;Non;5;Non;33408;Saint-Genès-de-Lombaud;Commune;213304082;33408;SAINT-GENES-DE-LOMBAUD;Impôts et taxes;258145.55;0.0;0.0;258145.55;0.25814555;401;643.7544887780548;1;;;;2;;;;;;;2024;401
2024;Non;75;Nouvelle-Aquitaine;33;Gironde;200069599;Communauté de communes rurales de l'Entre-Deux-Mers;0;Oui;Non;Oui;3;Non;33409;Saint-Genis-du-Bois;Commune;213304090;33409;SAINT-GENIS-DU-BOIS;Impôts et taxes;49918.2;0.0;0.0;49918.2;0.049918199999999996;87;573.7724137931034;1;;;;2;;;;;;;2024;87
2024;Non;75;Nouvelle-Aquitaine;33;Gironde;200043974;Communauté de communes du Sud Gironde;1;Oui;Non;Oui;2;Non;33411;Saint-Germain-de-Grave;Commune;213304116;33411;SAINT-GERMAIN-DE-GRAVE;Impôts et taxes;98507.35;0.0;0.0;98507.35;0.09850735000000001;153;643.838888888889;1;;;;2;;;;;;;2024;153
2024;Non;75;Nouvelle-Aquitaine;33;Gironde;200069995;Communauté de communes Médoc Cœur de Presqu'île;3;Oui;Non;Non;1;Non;33412;Saint-Germain-d'Esteuil;Commune;213304124;33412;SAINT-GERMAIN-D'ESTEUIL;Impôts et taxes;529607.34;0.0;0.0;529607.34;0.52960734;1329;398.50063205417604;1;;;;2;;;;;;;2024;1329
2024;Non;75;Nouvelle-Aquitaine;33;Gironde;200070092;Communauté d'agglomération du Libournais;4;Oui;Non;Non;2;Non;33413;Saint-Germain-du-Puch;Commune;213304132;33413;SAINT-GERMAIN-DU-PUCH;Impôts et taxes;1422944.97;0.0;0.0;1422944.97;1.4229449699999999;2327;611.4933261710356;1;;;;2;;;;;;;2024;2327
2024;Non;75;Nouvelle-Aquitaine;33;Gironde;243301397;Communauté de communes du Fronsadais;2;Oui;Non;Non;1;Non;33414;Saint-Germain-de-la-Rivière;Commune;213304140;33414;SAINT-GERMAIN-LA-RIVIERE;Impôts et taxes;269660.35;0.0;0.0;269660.35;0.26966035;398;677.5385678391959;1;;;;2;;;;;;;2024;398
2024;Non;75;Nouvelle-Aquitaine;33;Gironde;243301223;Communauté de communes du Grand Cubzaguais;3;Non;Non;Non;2;Non;33415;Saint-Gervais;Commune;213304157;33415;SAINT-GERVAIS;Impôts et taxes;643207.0;0.0;0.0;643207.0;0.643207;1968;326.832825203252;1;;;;2;;;;;;;2024;1968
2024;Non;75;Nouvelle-Aquitaine;33;Gironde;200023794;Communauté de communes de Blaye;3;Oui;Non;Non;1;Non;33416;Saint-Girons-d'Aiguevives;Commune;213304165;33416;SAINT-GIRONS-D'AIGUEVIVES;Impôts et taxes;363366.0;0.0;0.0;363366.0;0.363366;963;377.32710280373834;1;;;;2;;;;;;;2024;963
2024;Non;75;Nouvelle-Aquitaine;33;Gironde;243301389;Communauté de communes Médullienne;4;Non;Non;Non;2;Non;33417;Sainte-Hélène;Commune;213304173;33417;SAINTE-HELENE;Impôts et taxes;1498427.52;0.0;0.0;1498427.52;1.4984275200000001;3052;490.9657667103539;1;;;;2;;;;;;;2024;3052
2024;Non;75;Nouvelle-Aquitaine;33;Gironde;200044394;Communauté de communes du Réolais en Sud Gironde;2;Oui;Non;Non;1;Non;33418;Saint-Hilaire-de-la-Noaille;Commune;213304181;33418;SAINT-HILAIRE-DE-LA-NOAILLE;Impôts et taxes;150335.0;0.0;0.0;150335.0;0.150335;384;391.4973958333333;1;;;;2;;;;;;;2024;384
2024;Non;75;Nouvelle-Aquitaine;33;Gironde;200069599;Communauté de communes rurales de l'Entre-Deux-Mers;0;Oui;Non;Non;1;Non;33419;Saint-Hilaire-du-Bois;Commune;213304199;33419;SAINT-HILAIRE-DU-BOIS;Impôts et taxes;53802.28;0.0;0.0;53802.28;0.05380228;81;664.2256790123456;1;;;;2;;;;;;;2024;81
2024;Non;75;Nouvelle-Aquitaine;33;Gironde;200035533;Communauté de communes du Grand Saint-Émilionnais;1;Non;Non;Non;2;Non;33420;Saint-Hippolyte;Commune;213304207;33420;SAINT-HIPPOLYTE;Impôts et taxes;118387.25;0.0;0.0;118387.25;0.11838725;132;896.873106060606;1;;;;2;;;;;;;2024;132
2024;Non;75;Nouvelle-Aquitaine;33;Gironde;243301454;Communauté de communes Castillon/Pujols;2;Oui;Non;Non;2;Non;33421;Saint-Jean-de-Blaignac;Commune;213304215;33421;SAINT-JEAN-DE-BLAIGNAC;Impôts et taxes;195793.75;0.0;0.0;195793.75;0.19579375;460;425.63858695652175;1;;;;2;;;;;;;2024;460
2024;Non;75;Nouvelle-Aquitaine;33;Gironde;243301165;Communauté de communes Jalle-Eau-Bourde;6;Non;Non;Non;2;Non;33422;Saint-Jean-d'Illac;Commune;213304223;33422;SAINT-JEAN-D'ILLAC;Impôts et taxes;11382051.31;0.0;0.0;11382051.31;11.382051310000001;9479;1200.764986812955;1;;;;2;;;;;;;2024;9479
2024;Non;75;Nouvelle-Aquitaine;33;Gironde;200069995;Communauté de communes Médoc Cœur de Presqu'île;3;Oui;Non;Non;2;Non;33423;Saint-Julien-Beychevelle;Commune;213304231;33423;SAINT-JULIEN-DE-BEYCHEVELLE;Impôts et taxes;886291.25;0.0;0.0;886291.25;0.88629125;616;1438.7844967532467;1;;;;2;;;;;;;2024;616
2024;Non;75;Nouvelle-Aquitaine;33;Gironde;200069995;Communauté de communes Médoc Cœur de Presqu'île;6;Non;Non;Non;1;Non;33424;Saint-Laurent-Médoc;Commune;213304249;33424;SAINT-LAURENT-MEDOC;Impôts et taxes;3372821.71;0.0;0.0;3372821.71;3.3728217099999998;5035;669.8752154915591;1;;;;2;;;;;;;2024;5035
2024;Non;75;Nouvelle-Aquitaine;33;Gironde;243301223;Communauté de communes du Grand Cubzaguais;3;Non;Non;Non;2;Non;33425;Saint-Laurent-d'Arce;Commune;213304256;33425;SAINT-LAURENT-D'ARCE;Impôts et taxes;681054.0;0.0;0.0;681054.0;0.681054;1555;437.9768488745981;1;;;;2;;;;;;;2024;1555
2024;Non;75;Nouvelle-Aquitaine;33;Gironde;200035533;Communauté de communes du Grand Saint-Émilionnais;2;Non;Non;Non;4;Non;33426;Saint-Laurent-des-Combes;Commune;213304264;33426;SAINT-LAURENT-DES-COMBES;Impôts et taxes;255210.0;0.0;0.0;255210.0;0.25521;241;1058.9626556016597;1;;;;2;;;;;;;2024;241
2024;Non;75;Nouvelle-Aquitaine;33;Gironde;200069599;Communauté de communes rurales de l'Entre-Deux-Mers;2;Oui;Non;Oui;2;Non;33427;Saint-Laurent-du-Bois;Commune;213304272;33427;SAINT-LAURENT-DU-BOIS;Impôts et taxes;166552.0;0.0;0.0;166552.0;0.166552;255;653.1450980392157;1;;;;2;;;;;;;2024;255
2024;Non;75;Nouvelle-Aquitaine;33;Gironde;200044394;Communauté de communes du Réolais en Sud Gironde;0;Oui;Non;Oui;1;Non;33428;Saint-Laurent-du-Plan;Commune;213304280;33428;SAINT-LAURENT-DU-PLAN;Impôts et taxes;62055.14;0.0;0.0;62055.14;0.06205514;83;747.6522891566265;1;;;;2;;;;;;;2024;83
2024;Non;75;Nouvelle-Aquitaine;33;Gironde;200043974;Communauté de communes du Sud Gironde;2;Oui;Non;Non;1;Non;33429;Saint-Léger-de-Balson;Commune;213304298;33429;SAINT-LEGER-DE-BALSON;Impôts et taxes;170707.0;0.0;0.0;170707.0;0.170707;324;526.8734567901234;1;;;;2;;;;;;;2024;324
2024;Non;75;Nouvelle-Aquitaine;33;Gironde;243301215;Communauté de communes du Créonnais;2;Oui;Non;Non;4;Non;33431;Saint-Léon;Commune;213304314;33431;SAINT-LEON;Impôts et taxes;121939.97;0.0;0.0;121939.97;0.12193997;321;379.87529595015576;1;;;;2;;;;;;;2024;321
2024;Non;75;Nouvelle-Aquitaine;33;Gironde;200043974;Communauté de communes du Sud Gironde;2;Non;Non;Non;1;Non;33432;Saint-Loubert;Commune;213304322;33432;SAINT-LOUBERT;Impôts et taxes;90756.05;0.0;0.0;90756.05;0.09075605;240;378.15020833333335;1;;;;2;;;;;;;2024;240
2024;Non;75;Nouvelle-Aquitaine;33;Gironde;243301249;Communauté de communes Les Rives de la Laurence;7;Non;Non;Non;2;Non;33433;Saint-Loubès;Commune;213304330;33433;SAINT-LOUBES;Impôts et taxes;9489862.02;0.0;0.0;9489862.02;9.48986202;10113;938.3824799762681;1;;;;2;;;;;;;2024;10113
2024;Non;75;Nouvelle-Aquitaine;33;Gironde;243300316;Bordeaux Métropole;4;Non;Non;Non;1;Non;33434;Saint-Louis-de-Montferrand;Commune;213304348;33434;SAINT-LOUIS-DE-MONTFERRAND;Impôts et taxes;1217339.72;0.0;0.0;1217339.72;1.21733972;2160;563.5832037037037;1;;;;2;;;;;;;2024;2160
2024;Non;75;Nouvelle-Aquitaine;33;Gironde;200043974;Communauté de communes du Sud Gironde;4;Non;Non;Oui;1;Non;33435;Saint-Macaire;Commune;213304355;33435;SAINT-MACAIRE;Impôts et taxes;1336628.7;0.0;0.0;1336628.7;1.3366287;2123;629.5943005181347;1;;;;2;;;;;;;2024;2123
2024;Non;75;Nouvelle-Aquitaine;33;Gironde;243301405;Communauté de communes du Val de l'Eyre;3;Oui;Non;Non;1;Non;33436;Saint-Magne;Commune;213304363;33436;SAINT-MAGNE;Impôts et taxes;444039.03;0.0;0.0;444039.03;0.44403903;1184;375.03296452702705;1;;;;2;;;;;;;2024;1184
2024;Non;75;Nouvelle-Aquitaine;33;Gironde;243301454;Communauté de communes Castillon/Pujols;4;Non;Non;Non;1;Non;33437;Saint-Magne-de-Castillon;Commune;213304371;33437;SAINT-MAGNE-DE-CASTILLON;Impôts et taxes;1233091.7;0.0;0.0;1233091.7;1.2330917;2116;582.7465500945179;1;;;;2;;;;;;;2024;2116
2024;Non;75;Nouvelle-Aquitaine;33;Gironde;200043974;Communauté de communes du Sud Gironde;4;Non;Non;Oui;1;Non;33438;Saint-Maixant;Commune;213304389;33438;SAINT-MAIXANT;Impôts et taxes;844585.51;0.0;0.0;844585.51;0.84458551;2085;405.0769832134293;1;;;;2;;;;;;;2024;2085
2024;Non;75;Nouvelle-Aquitaine;33;Gironde;243301181;Communauté de communes Latitude Nord Gironde;3;Non;Non;Non;1;Non;33439;Saint-Mariens;Commune;213304397;33439;SAINT-MARIENS;Impôts et taxes;309165.17;0.0;0.0;309165.17;0.30916517;1644;188.0566727493917;1;;;;2;;;;;;;2024;1644
2024;Non;75;Nouvelle-Aquitaine;33;Gironde;200043974;Communauté de communes du Sud Gironde;2;Oui;Non;Oui;1;Non;33440;Saint-Martial;Commune;213304405;33440;SAINT-MARTIAL;Impôts et taxes;138893.6;0.0;0.0;138893.6;0.1388936;240;578.7233333333334;1;;;;2;;;;;;;2024;240
2024;Non;75;Nouvelle-Aquitaine;33;Gironde;200023794;Communauté de communes de Blaye;3;Non;Non;Non;2;Non;33441;Saint-Martin-Lacaussade;Commune;213304413;33441;SAINT-MARTIN-LACAUSSADE;Impôts et taxes;601185.87;0.0;0.0;601185.87;0.60118587;1264;475.6217325949367;1;;;;2;;;;;;;2024;1264
2024;Non;75;Nouvelle-Aquitaine;33;Gironde;200070092;Communauté d'agglomération du Libournais;3;Oui;Non;Non;1;Non;33442;Saint-Martin-de-Laye;Commune;213304421;33442;SAINT-MARTIN-DE-LAYE;Impôts et taxes;195907.35;0.0;0.0;195907.35;0.19590735;558;351.0884408602151;1;;;;2;;;;;;;2024;558
2024;Non;75;Nouvelle-Aquitaine;33;Gironde;200069599;Communauté de communes rurales de l'Entre-Deux-Mers;1;Oui;Non;Non;1;Non;33443;Saint-Martin-de-Lerm;Commune;213304439;33443;SAINT MARTIN DE LERM;Impôts et taxes;56305.61;0.0;0.0;56305.61;0.05630561;160;351.9100625;1;;;;2;;;;;;;2024;160
2024;Non;75;Nouvelle-Aquitaine;33;Gironde;200044394;Communauté de communes du Réolais en Sud Gironde;3;Non;Non;Oui;2;Non;33444;Saint-Martin-de-Sescas;Commune;213304447;33444;SAINT-MARTIN-DE-SESCAS;Impôts et taxes;325211.95;0.0;0.0;325211.95;0.32521195;578;562.6504325259516;1;;;;2;;;;;;;2024;578
2024;Non;75;Nouvelle-Aquitaine;33;Gironde;200070092;Communauté d'agglomération du Libournais;3;Oui;Non;Non;2;Non;33445;Saint-Martin-du-Bois;Commune;213304454;33445;SAINT-MARTIN-DU-BOIS;Impôts et taxes;347662.0;0.0;0.0;347662.0;0.347662;848;409.97877358490564;1;;;;2;;;;;;;2024;848
2024;Non;75;Nouvelle-Aquitaine;33;Gironde;200069599;Communauté de communes rurales de l'Entre-Deux-Mers;1;Oui;Non;Non;2;Non;33446;Saint-Martin-du-Puy;Commune;213304462;33446;SAINT-MARTIN-DU-PUY;Impôts et taxes;107899.2;0.0;0.0;107899.2;0.1078992;162;666.0444444444445;1;;;;2;;;;;;;2024;162
2024;Non;75;Nouvelle-Aquitaine;33;Gironde;200070092;Communauté d'agglomération du Libournais;4;Non;Non;Non;1;Non;33447;Saint-Médard-de-Guizières;Commune;213304470;33447;SAINT-MEDARD-DE-GUIZIERES;Impôts et taxes;1415019.1;0.0;0.0;1415019.1;1.4150191;2407;587.8766514333196;1;;;;2;;;;;;;2024;2407
2024;Non;75;Nouvelle-Aquitaine;33;Gironde;243301264;Communauté de communes de Montesquieu;4;Non;Non;Non;2;Non;33448;Saint-Médard-d'Eyrans;Commune;213304488;33448;SAINT-MEDARD-D'EYRANS;Impôts et taxes;2165611.8;0.0;0.0;2165611.8;2.1656117999999998;3305;655.2531921331315;1;;;;2;;;;;;;2024;3305
2024;Non;75;Nouvelle-Aquitaine;33;Gironde;243300316;Bordeaux Métropole;8;Non;Non;Non;2;Non;33449;Saint-Médard-en-Jalles;Commune;213304496;33449;SAINT-MEDARD-EN-JALLES;Impôts et taxes;33533593.21;0.0;0.0;33533593.21;33.53359321;33062;1014.2639044824874;1;;;;2;;;;;;;2024;33062
2024;Non;75;Nouvelle-Aquitaine;33;Gironde;200043982;Communauté de communes du Bazadais;2;Oui;Non;Non;1;Non;33450;Saint-Michel-de-Castelnau;Commune;213304504;33450;SAINT-MICHEL-DE-CASTELNAU;Impôts et taxes;138068.1;0.0;0.0;138068.1;0.1380681;247;558.9801619433199;1;;;;2;;;;;;;2024;247
2024;Non;75;Nouvelle-Aquitaine;33;Gironde;243301397;Communauté de communes du Fronsadais;3;Oui;Non;Non;2;Non;33451;Saint-Michel-de-Fronsac;Commune;213304512;33451;SAINT-MICHEL-DE-FRONSAC;Impôts et taxes;309297.7;0.0;0.0;309297.7;0.3092977;535;578.1265420560748;1;;;;2;;;;;;;2024;535
2024;Non;75;Nouvelle-Aquitaine;33;Gironde;200069581;Communauté de communes Convergence Garonne;3;Oui;Non;Non;1;Non;33452;Saint-Michel-de-Rieufret;Commune;213304520;33452;SAINT-MICHEL-DE-RIEUFRET;Impôts et taxes;482990.52;0.0;0.0;482990.52;0.48299052000000003;898;537.8513585746102;1;;;;2;;;;;;;2024;898
2024;Non;75;Nouvelle-Aquitaine;33;Gironde;200044394;Communauté de communes du Réolais en Sud Gironde;2;Oui;Non;Non;1;Non;33453;Saint-Michel-de-Lapujade;Commune;213304538;33453;SAINT-MICHEL-DE-LAPUJADE;Impôts et taxes;112571.0;0.0;0.0;112571.0;0.112571;220;511.68636363636364;1;;;;2;;;;;;;2024;220
2024;Non;75;Nouvelle-Aquitaine;33;Gironde;243301264;Communauté de communes de Montesquieu;3;Oui;Non;Non;3;Non;33454;Saint-Morillon;Commune;213304546;33454;SAINT-MORILLON;Impôts et taxes;822320.64;0.0;0.0;822320.64;0.82232064;1829;449.6012247129579;1;;;;2;;;;;;;2024;1829
2024;Non;75;Nouvelle-Aquitaine;33;Gironde;243300811;Communauté de communes de l'Estuaire;2;Oui;Non;Non;1;Non;33456;Saint-Palais;Commune;213304561;33456;SAINT-PALAIS;Impôts et taxes;270833.91;0.0;0.0;270833.91;0.27083390999999996;499;542.7533266533065;1;;;;2;;;;;;;2024;499
2024;Non;75;Nouvelle-Aquitaine;33;Gironde;200043974;Communauté de communes du Sud Gironde;3;Non;Non;Non;2;Non;33457;Saint-Pardon-de-Conques;Commune;213304579;33457;SAINT-PARDON-DE-CONQUES;Impôts et taxes;300892.53;0.0;0.0;300892.53;0.30089253000000005;630;477.6071904761905;1;;;;2;;;;;;;2024;630
2024;Non;75;Nouvelle-Aquitaine;33;Gironde;200023794;Communauté de communes de Blaye;3;Non;Non;Non;1;Non;33458;Saint-Paul;Commune;213304587;33458;SAINT-PAUL-DE-BLAYE;Impôts et taxes;456406.0;0.0;0.0;456406.0;0.456406;1041;438.43035542747356;1;;;;2;;;;;;;2024;1041
2024;Non;75;Nouvelle-Aquitaine;33;Gironde;200035533;Communauté de communes du Grand Saint-Émilionnais;1;Oui;Non;Non;2;Non;33459;Saint-Pey-d'Armens;Commune;213304595;33459;SAINT-PEY-D'ARMENS;Impôts et taxes;204144.37;0.0;0.0;204144.37;0.20414437;185;1103.483081081081;1;;;;2;;;;;;;2024;185
2024;Non;75;Nouvelle-Aquitaine;33;Gironde;243301454;Communauté de communes Castillon/Pujols;3;Oui;Non;Non;2;Non;33460;Saint-Pey-de-Castets;Commune;213304603;33460;SAINT-PEY-DE-CASTETS;Impôts et taxes;256933.0;0.0;0.0;256933.0;0.256933;608;422.58717105263156;1;;;;2;;;;;;;2024;608
2024;Non;75;Nouvelle-Aquitaine;33;Gironde;200035533;Communauté de communes du Grand Saint-Émilionnais;2;Oui;Non;Non;1;Non;33461;Saint-Philippe-d'Aiguille;Commune;213304611;33461;SAINT-PHILIPPE-D'AIGUILLE;Impôts et taxes;199752.83;0.0;0.0;199752.83;0.19975283;387;516.1571834625323;1;;;;2;;;;;;;2024;387
2024;Non;75;Nouvelle-Aquitaine;33;Gironde;243301371;Communauté de communes du Pays Foyen;3;Non;Non;Non;2;Non;33462;Saint-Philippe-du-Seignal;Commune;213304629;33462;SAINT-PHILIPPE-DU-SEIGNAL;Impôts et taxes;155251.93;0.0;0.0;155251.93;0.15525192999999998;510;304.41554901960785;1;;;;2;;;;;;;2024;510
2024;Non;75;Nouvelle-Aquitaine;33;Gironde;200044394;Communauté de communes du Réolais en Sud Gironde;3;Non;Non;Oui;1;Non;33463;Saint-Pierre-d'Aurillac;Commune;213304637;33463;SAINT-PIERRE-D'AURILLAC;Impôts et taxes;777353.51;0.0;0.0;777353.51;0.77735351;1330;584.4763233082707;1;;;;2;;;;;;;2024;1330
2024;Non;75;Nouvelle-Aquitaine;33;Gironde;200069599;Communauté de communes rurales de l'Entre-Deux-Mers;2;Oui;Non;Oui;2;Non;33464;Saint-Pierre-de-Bat;Commune;213304645;33464;SAINT-PIERRE-DE-BAT;Impôts et taxes;113746.0;0.0;0.0;113746.0;0.113746;292;389.541095890411;1;;;;2;;;;;;;2024;292
2024;Non;75;Nouvelle-Aquitaine;33;Gironde;200043974;Communauté de communes du Sud Gironde;3;Non;Non;Non;2;Non;33465;Saint-Pierre-de-Mons;Commune;213304652;33465;SAINT-PIERRE-DE-MONS;Impôts et taxes;579146.04;0.0;0.0;579146.04;0.57914604;1259;460.0047974583003;1;;;;2;;;;;;;2024;1259
2024;Non;75;Nouvelle-Aquitaine;33;Gironde;200070092;Communauté d'agglomération du Libournais;4;Non;Non;Non;1;Non;33466;Saint-Quentin-de-Baron;Commune;213304660;33466;SAINT-QUENTIN-DE-BARON;Impôts et taxes;994754.22;0.0;0.0;994754.22;0.99475422;2708;367.33907680945345;1;;;;2;;;;;;;2024;2708
2024;Non;75;Nouvelle-Aquitaine;33;Gironde;243301371;Communauté de communes du Pays Foyen;2;Oui;Non;Non;2;Non;33467;Saint-Quentin-de-Caplong;Commune;213304678;33467;SAINT-QUENTIN-DE-CAPLONG;Impôts et taxes;146006.7;0.0;0.0;146006.7;0.14600670000000002;250;584.0268000000001;1;;;;2;;;;;;;2024;250
2024;Non;75;Nouvelle-Aquitaine;33;Gironde;243301454;Communauté de communes Castillon/Pujols;2;Oui;Non;Non;1;Non;33468;Sainte-Radegonde;Commune;213304686;33468;SAINTE-RADEGONDE;Impôts et taxes;171954.0;0.0;0.0;171954.0;0.171954;438;392.5890410958904;1;;;;2;;;;;;;2024;438
2024;Non;75;Nouvelle-Aquitaine;33;Gironde;243301397;Communauté de communes du Fronsadais;3;Non;Non;Non;2;Non;33470;Saint-Romain-la-Virvée;Commune;213304702;33470;SAINT-ROMAIN-LA-VIRVEE;Impôts et taxes;465580.3;0.0;0.0;465580.3;0.4655803;938;496.35426439232407;1;;;;2;;;;;;;2024;938
2024;Non;75;Nouvelle-Aquitaine;33;Gironde;200069995;Communauté de communes Médoc Cœur de Presqu'île;3;Oui;Non;Non;2;Non;33471;Saint-Sauveur;Commune;213304710;33471;SAINT-SAUVEUR;Impôts et taxes;571364.0;0.0;0.0;571364.0;0.571364;1286;444.2954898911353;1;;;;2;;;;;;;2024;1286
2024;Non;75;Nouvelle-Aquitaine;33;Gironde;200070092;Communauté d'agglomération du Libournais;2;Oui;Non;Non;1;Non;33472;Saint-Sauveur-de-Puynormand;Commune;213304728;33472;SAINT-SAUVEUR-DE-PUYNORMAND;Impôts et taxes;167930.46;0.0;0.0;167930.46;0.16793046;372;451.42596774193544;1;;;;2;;;;;;;2024;372
2024;Non;75;Nouvelle-Aquitaine;33;Gironde;243301181;Communauté de communes Latitude Nord Gironde;4;Non;Non;Non;1;Non;33473;Saint-Savin;Commune;213304736;33473;SAINT-SAVIN;Impôts et taxes;954397.18;0.0;0.0;954397.18;0.9543971800000001;3384;282.0322635933806;1;;;;2;;;;;;;2024;3384
2024;Non;75;Nouvelle-Aquitaine;33;Gironde;243301264;Communauté de communes de Montesquieu;5;Oui;Non;Non;2;Non;33474;Saint-Selve;Commune;213304744;33474;SAINT-SELVE;Impôts et taxes;1874756.67;0.0;0.0;1874756.67;1.87475667;3628;516.7466014332965;1;;;;2;;;;;;;2024;3628
2024;Non;75;Nouvelle-Aquitaine;33;Gironde;200023794;Communauté de communes de Blaye;2;Non;Non;Non;1;Non;33475;Saint-Seurin-de-Bourg;Commune;213304751;33475;SAINT-SEURIN-DE-BOURG;Impôts et taxes;190655.0;0.0;0.0;190655.0;0.190655;418;456.1124401913876;1;;;;2;;;;;;;2024;418
2024;Non;75;Nouvelle-Aquitaine;33;Gironde;200069995;Communauté de communes Médoc Cœur de Presqu'île;3;Oui;Non;Non;1;Non;33476;Saint-Seurin-de-Cadourne;Commune;213304769;33476;SAINT-SEURIN-DE-CADOURNE;Impôts et taxes;526789.54;0.0;0.0;526789.54;0.52678954;708;744.0530225988701;1;;;;2;;;;;;;2024;708
2024;Non;75;Nouvelle-Aquitaine;33;Gironde;243300811;Communauté de communes de l'Estuaire;3;Non;Non;Non;2;Non;33477;Saint-Seurin-de-Cursac;Commune;213304777;33477;SAINT-SEURIN-DE-CURSAC;Impôts et taxes;506118.05;0.0;0.0;506118.05;0.50611805;783;646.3832056194125;1;;;;2;;;;;;;2024;783
2024;Non;75;Nouvelle-Aquitaine;33;Gironde;200070092;Communauté d'agglomération du Libournais;4;Non;Non;Non;1;Non;33478;Saint-Seurin-sur-l'Isle;Commune;213304785;33478;SAINT-SEURIN-SUR-L'ISLE;Impôts et taxes;3868372.34;0.0;0.0;3868372.34;3.8683723399999996;3175;1218.3849889763778;1;;;;2;;;;;;;2024;3175
2024;Non;75;Nouvelle-Aquitaine;33;Gironde;200044394;Communauté de communes du Réolais en Sud Gironde;2;Oui;Non;Non;2;Non;33479;Saint-Sève;Commune;213304793;33479;SAINT-SEVE;Impôts et taxes;98997.0;0.0;0.0;98997.0;0.098997;252;392.8452380952381;1;;;;2;;;;;;;2024;252
2024;Non;75;Nouvelle-Aquitaine;33;Gironde;200035533;Communauté de communes du Grand Saint-Émilionnais;3;Non;Non;Non;2;Non;33480;Saint-Sulpice-de-Faleyrens;Commune;213304801;33480;SAINT-SULPICE-DE-FALEYRENS;Impôts et taxes;1061703.46;0.0;0.0;1061703.46;1.06170346;1346;788.7841456166419;1;;;;2;;;;;;;2024;1346
2024;Non;75;Nouvelle-Aquitaine;33;Gironde;200069599;Communauté de communes rurales de l'Entre-Deux-Mers;2;Oui;Non;Non;1;Non;33481;Saint-Sulpice-de-Guilleragues;Commune;213304819;33481;SAINT-SULPICE-DE-GUILLERAGUES;Impôts et taxes;95334.14;0.0;0.0;95334.14;0.09533414;236;403.95822033898304;1;;;;2;;;;;;;2024;236
2024;Non;75;Nouvelle-Aquitaine;33;Gironde;200069599;Communauté de communes rurales de l'Entre-Deux-Mers;2;Oui;Non;Non;1;Non;33482;Saint-Sulpice-de-Pommiers;Commune;213304827;33482;SAINT-SULPICE-DE-POMMIERS;Impôts et taxes;84332.48;0.0;0.0;84332.48;0.08433248;266;317.0393984962406;1;;;;2;;;;;;;2024;266
2024;Non;75;Nouvelle-Aquitaine;33;Gironde;243301249;Communauté de communes Les Rives de la Laurence;5;Non;Non;Non;3;Non;33483;Saint-Sulpice-et-Cameyrac;Commune;213304835;33483;SAINT-SULPICE-ET-CAMEYRAC;Impôts et taxes;2650124.04;0.0;0.0;2650124.04;2.65012404;4945;535.9199271991911;1;;;;2;;;;;;;2024;4945
2024;Non;75;Nouvelle-Aquitaine;33;Gironde;200043974;Communauté de communes du Sud Gironde;3;Oui;Non;Non;1;Non;33484;Saint-Symphorien;Commune;213304843;33484;SAINT-SYMPHORIEN;Impôts et taxes;984555.99;0.0;0.0;984555.99;0.9845559899999999;1855;530.7579460916442;1;;;;2;;;;;;;2024;1855
2024;Non;75;Nouvelle-Aquitaine;33;Gironde;200035533;Communauté de communes du Grand Saint-Émilionnais;3;Oui;Non;Non;1;Non;33485;Sainte-Terre;Commune;213304850;33485;SAINTE-TERRE;Impôts et taxes;511655.9;0.0;0.0;511655.9;0.5116559;1929;265.2441161223432;1;;;;2;;;;;;;2024;1929
2024;Non;75;Nouvelle-Aquitaine;33;Gironde;243301223;Communauté de communes du Grand Cubzaguais;2;Oui;Non;Non;1;Non;33486;Saint-Trojan;Commune;213304868;33486;SAINT-TROJAN;Impôts et taxes;140998.0;0.0;0.0;140998.0;0.140998;374;377.0;1;;;;2;;;;;;;2024;374
2024;Non;75;Nouvelle-Aquitaine;33;Gironde;243300316;Bordeaux Métropole;3;Non;Non;Non;1;Non;33487;Saint-Vincent-de-Paul;Commune;213304876;33487;SAINT-VINCENT-DE-PAUL;Impôts et taxes;522979.48;0.0;0.0;522979.48;0.5229794799999999;1004;520.8958964143426;1;;;;2;;;;;;;2024;1004
2024;Non;75;Nouvelle-Aquitaine;33;Gironde;243301454;Communauté de communes Castillon/Pujols;2;Oui;Non;Non;2;Non;33488;Saint-Vincent-de-Pertignas;Commune;213304884;33488;SAINT-VINCENT-DE-PERTIGNAS;Impôts et taxes;148227.0;0.0;0.0;148227.0;0.148227;351;422.2991452991453;1;;;;2;;;;;;;2024;351
2024;Non;75;Nouvelle-Aquitaine;33;Gironde;243301181;Communauté de communes Latitude Nord Gironde;2;Oui;Non;Non;2;Non;33489;Saint-Vivien-de-Blaye;Commune;213304892;33489;SAINT-VIVIEN-DE-BLAYE;Impôts et taxes;91875.0;0.0;0.0;91875.0;0.091875;372;246.9758064516129;1;;;;2;;;;;;;2024;372
2024;Non;75;Nouvelle-Aquitaine;33;Gironde;200070720;Communauté de communes Médoc Atlantique;3;Non;Non;Non;2;Non;33490;Saint-Vivien-de-Médoc;Commune;213304900;33490;SAINT-VIVIEN-MEDOC;Impôts et taxes;1024751.56;6962.1;0.0;1031713.66;1.03171366;1821;566.5643382756728;1;;;;2;;;;;;;2024;1821
2024;Non;75;Nouvelle-Aquitaine;33;Gironde;200044394;Communauté de communes du Réolais en Sud Gironde;2;Oui;Non;Non;1;Non;33491;Saint-Vivien-de-Monségur;Commune;213304918;33491;SAINT-VIVIEN-DE-MONSEGUR;Impôts et taxes;146017.0;0.0;0.0;146017.0;0.146017;403;362.32506203473946;1;;;;2;;;;;;;2024;403
2024;Non;75;Nouvelle-Aquitaine;33;Gironde;243301181;Communauté de communes Latitude Nord Gironde;4;Non;Non;Non;1;Non;33492;Saint-Yzan-de-Soudiac;Commune;213304926;33492;SAINT-YZAN-DE-SOUDIAC;Impôts et taxes;533485.46;288.6;0.0;533774.06;0.53377406;2557;208.75012123582326;1;;;;2;;;;;;;2024;2557
2024;Non;75;Nouvelle-Aquitaine;33;Gironde;200069995;Communauté de communes Médoc Cœur de Presqu'île;2;Oui;Non;Non;1;Non;33493;Saint-Yzans-de-Médoc;Commune;213304934;33493;SAINT-YZANS-DE-MEDOC;Impôts et taxes;191717.72;0.0;0.0;191717.72;0.19171772;369;519.560216802168;1;;;;2;;;;;;;2024;369
2024;Non;75;Nouvelle-Aquitaine;33;Gironde;243301389;Communauté de communes Médullienne;3;Oui;Non;Non;2;Non;33494;Salaunes;Commune;213304942;33494;SALAUNES;Impôts et taxes;725310.87;0.0;0.0;725310.87;0.7253108699999999;1240;584.928120967742;1;;;;2;;;;;;;2024;1240
2024;Non;75;Nouvelle-Aquitaine;33;Gironde;243301355;Communauté de communes Les Coteaux Bordelais;4;Non;Non;Non;2;Non;33496;Sallebœuf;Commune;213304967;33496;SALLEBOEUF;Impôts et taxes;1354945.0;0.0;0.0;1354945.0;1.354945;2769;489.32647165041533;1;;;;2;;;;;;;2024;2769
2024;Non;75;Nouvelle-Aquitaine;33;Gironde;243301405;Communauté de communes du Val de l'Eyre;6;Non;Non;Non;2;Non;33498;Salles;Commune;213304983;33498;SALLES;Impôts et taxes;5888002.5;0.0;0.0;5888002.5;5.8880025;8011;734.9897016602172;1;;;;2;;;;;;;2024;8011
2024;Non;75;Nouvelle-Aquitaine;33;Gironde;243301454;Communauté de communes Castillon/Pujols;2;Oui;Non;Non;1;Non;33499;Les Salles-de-Castillon;Commune;213304991;33499;LES SALLES- DE- CASTILLON;Impôts et taxes;173019.0;0.0;0.0;173019.0;0.173019;331;522.7160120845922;1;;;;2;;;;;;;2024;331
2024;Non;75;Nouvelle-Aquitaine;33;Gironde;200023794;Communauté de communes de Blaye;2;Non;Non;Non;1;Non;33500;Samonac;Commune;213305006;33500;SAMONAC;Impôts et taxes;209253.0;0.0;0.0;209253.0;0.209253;461;453.9110629067245;1;;;;2;;;;;;;2024;461
2024;Non;75;Nouvelle-Aquitaine;33;Gironde;243301264;Communauté de communes de Montesquieu;4;Non;Non;Non;2;Non;33501;Saucats;Commune;213305014;33501;SAUCATS;Impôts et taxes;2131558.1;0.0;0.0;2131558.1;2.1315581;3447;618.380649840441;1;;;;2;;;;;;;2024;3447
2024;Non;75;Nouvelle-Aquitaine;33;Gironde;200023794;Communauté de communes de Blaye;3;Oui;Non;Non;1;Non;33502;Saugon;Commune;213305022;33502;SAUGON;Impôts et taxes;335136.0;0.0;0.0;335136.0;0.335136;505;663.6356435643564;1;;;;2;;;;;;;2024;505
2024;Non;75;Nouvelle-Aquitaine;33;Gironde;243301389;Communauté de communes Médullienne;3;Oui;Non;Non;2;Non;33503;Saumos;Commune;213305030;33503;SAUMOS;Impôts et taxes;211410.7;0.0;0.0;211410.7;0.2114107;556;380.23507194244604;1;;;;2;;;;;;;2024;556
2024;Non;75;Nouvelle-Aquitaine;33;Gironde;200043974;Communauté de communes du Sud Gironde;3;Oui;Non;Non;1;Non;33504;Sauternes;Commune;213305048;33504;SAUTERNES;Impôts et taxes;378427.54;0.0;0.0;378427.54;0.37842754;848;446.25889150943397;1;;;;2;;;;;;;2024;848
2024;Non;75;Nouvelle-Aquitaine;33;Gironde;243301215;Communauté de communes du Créonnais;3;Oui;Non;Non;1;Non;33505;La Sauve;Commune;213305055;33505;LA SAUVE MAJEURE;Impôts et taxes;785762.62;0.0;0.0;785762.62;0.78576262;1639;479.4158755338621;1;;;;2;;;;;;;2024;1639
2024;Non;75;Nouvelle-Aquitaine;33;Gironde;200069599;Communauté de communes rurales de l'Entre-Deux-Mers;3;Oui;Non;Non;1;Non;33506;Sauveterre-de-Guyenne;Commune;213305063;33506;SAUVETERRE-DE-GUYENNE;Impôts et taxes;1661500.14;0.0;0.0;1661500.14;1.6615001399999998;1888;880.0318538135592;1;;;;2;;;;;;;2024;1888
2024;Non;75;Nouvelle-Aquitaine;33;Gironde;200043982;Communauté de communes du Bazadais;2;Oui;Non;Non;2;Non;33507;Sauviac;Commune;213305071;33507;SAUVIAC;Impôts et taxes;114602.9;0.0;0.0;114602.9;0.1146029;335;342.09820895522387;1;;;;2;;;;;;;2024;335
2024;Non;75;Nouvelle-Aquitaine;33;Gironde;200044394;Communauté de communes du Réolais en Sud Gironde;3;Oui;Non;Non;1;Non;33508;Savignac;Commune;213305089;33508;SAVIGNAC;Impôts et taxes;358958.0;0.0;0.0;358958.0;0.358958;655;548.0274809160305;1;;;;2;;;;;;;2024;655
2024;Non;75;Nouvelle-Aquitaine;33;Gironde;200070092;Communauté d'agglomération du Libournais;3;Oui;Non;Non;1;Non;33509;Savignac-de-l'Isle;Commune;213305097;33509;SAVIGNAC-DE-L'ISLE;Impôts et taxes;213128.03;0.0;0.0;213128.03;0.21312803;570;373.9088245614035;1;;;;2;;;;;;;2024;570
2024;Non;75;Nouvelle-Aquitaine;33;Gironde;200043974;Communauté de communes du Sud Gironde;2;Oui;Non;Oui;1;Non;33510;Semens;Commune;213305105;33510;SEMENS;Impôts et taxes;93446.49;0.0;0.0;93446.49;0.09344649000000001;225;415.31773333333336;1;;;;2;;;;;;;2024;225
2024;Non;75;Nouvelle-Aquitaine;33;Gironde;200043982;Communauté de communes du Bazadais;2;Oui;Non;Non;1;Non;33511;Sendets;Commune;213305113;33511;SENDETS;Impôts et taxes;88813.56;0.0;0.0;88813.56;0.08881356;350;253.75302857142856;1;;;;2;;;;;;;2024;350
2024;Non;75;Nouvelle-Aquitaine;33;Gironde;200043982;Communauté de communes du Bazadais;2;Oui;Non;Non;1;Non;33512;Sigalens;Commune;213305121;33512;SIGALENS;Impôts et taxes;120016.5;0.0;0.0;120016.5;0.1200165;354;339.02966101694915;1;;;;2;;;;;;;2024;354
2024;Non;75;Nouvelle-Aquitaine;33;Gironde;200043982;Communauté de communes du Bazadais;1;Oui;Non;Non;3;Non;33513;Sillas;Commune;213305139;33513;SILLAS;Impôts et taxes;69367.3;0.0;0.0;69367.3;0.0693673;120;578.0608333333333;1;;;;2;;;;;;;2024;120
2024;Non;75;Nouvelle-Aquitaine;33;Gironde;200070720;Communauté de communes Médoc Atlantique;4;Non;Non;Oui;2;Non;33514;Soulac-sur-Mer;Commune;213305147;33514;SOULAC-SUR-MER;Impôts et taxes;7967886.11;1388.8;0.0;7969274.91;7.96927491;2955;2696.8781421319795;1;;;;2;;;;;;;2024;2955
2024;Non;75;Nouvelle-Aquitaine;33;Gironde;200069599;Communauté de communes rurales de l'Entre-Deux-Mers;2;Oui;Non;Oui;1;Non;33515;Soulignac;Commune;213305154;33515;SOULIGNAC;Impôts et taxes;106738.62;0.0;0.0;106738.62;0.10673861999999999;423;252.33716312056737;1;;;;2;;;;;;;2024;423
2024;Non;75;Nouvelle-Aquitaine;33;Gironde;200069599;Communauté de communes rurales de l'Entre-Deux-Mers;1;Oui;Non;Non;1;Non;33516;Soussac;Commune;213305162;33516;SOUSSAC;Impôts et taxes;126125.0;0.0;0.0;126125.0;0.126125;192;656.9010416666666;1;;;;2;;;;;;;2024;192
2024;Non;75;Nouvelle-Aquitaine;33;Gironde;243301447;Communauté de communes Médoc Estuaire;3;Non;Non;Non;2;Non;33517;Soussans;Commune;213305170;33517;SOUSSANS;Impôts et taxes;817888.18;0.0;0.0;817888.18;0.8178881800000001;1716;476.62481351981353;1;;;;2;;;;;;;2024;1716
2024;Non;75;Nouvelle-Aquitaine;33;Gironde;243301439;Communauté de communes des Portes de l'Entre-Deux-Mers;3;Non;Non;Non;2;Non;33518;Tabanac;Commune;213305188;33518;TABANAC;Impôts et taxes;553625.08;0.0;0.0;553625.08;0.55362508;1107;500.11299006323395;1;;;;2;;;;;;;2024;1107
2024;Non;75;Nouvelle-Aquitaine;33;Gironde;243300316;Bordeaux Métropole;7;Non;Non;Non;2;Non;33519;Le Taillan-Médoc;Commune;213305196;33519;LE TAILLAN-MEDOC;Impôts et taxes;9817921.47;0.0;0.0;9817921.47;9.81792147;10882;902.2166394045213;1;;;;2;;;;;;;2024;10882
2024;Non;75;Nouvelle-Aquitaine;33;Gironde;200069599;Communauté de communes rurales de l'Entre-Deux-Mers;2;Oui;Non;Non;1;Non;33520;Taillecavat;Commune;213305204;33520;TAILLECAVAT;Impôts et taxes;92643.7;0.0;0.0;92643.7;0.0926437;274;338.1156934306569;1;;;;2;;;;;;;2024;274
2024;Non;75;Nouvelle-Aquitaine;33;Gironde;200070720;Communauté de communes Médoc Atlantique;3;Oui;Non;Non;1;Non;33521;Talais;Commune;213305212;33521;TALAIS;Impôts et taxes;524553.12;0.0;0.0;524553.12;0.52455312;773;678.5939456662354;1;;;;2;;;;;;;2024;773
2024;Non;75;Nouvelle-Aquitaine;33;Gironde;243300316;Bordeaux Métropole;8;Non;Non;Non;2;Oui;33522;Talence;Commune;213305220;33522;TALENCE;Impôts et taxes;37942504.53;0.0;0.0;37942504.53;37.94250453;46278;819.8821152599508;1;;;;2;;;;;;;2024;46278
2024;Non;75;Nouvelle-Aquitaine;33;Gironde;200069599;Communauté de communes rurales de l'Entre-Deux-Mers;4;Oui;Non;Oui;1;Non;33523;Targon;Commune;213305238;33523;TARGON;Impôts et taxes;980393.83;0.0;0.0;980393.83;0.9803938299999999;2069;473.8491203479942;1;;;;2;;;;;;;2024;2069
2024;Non;75;Nouvelle-Aquitaine;33;Gironde;243301397;Communauté de communes du Fronsadais;2;Non;Non;Non;1;Non;33524;Tarnès;Commune;213305246;33524;TARNES;Impôts et taxes;110361.7;0.0;0.0;110361.7;0.1103617;314;351.4703821656051;1;;;;2;;;;;;;2024;314
2024;Non;75;Nouvelle-Aquitaine;33;Gironde;243301223;Communauté de communes du Grand Cubzaguais;3;Oui;Non;Non;1;Non;33525;Tauriac;Commune;213305253;33525;TAURIAC;Impôts et taxes;675383.0;0.0;0.0;675383.0;0.675383;1348;501.0259643916914;1;;;;2;;;;;;;2024;1348
2024;Non;75;Nouvelle-Aquitaine;33;Gironde;200035533;Communauté de communes du Grand Saint-Émilionnais;1;Oui;Non;Non;2;Non;33526;Tayac;Commune;213305261;33526;TAYAC;Impôts et taxes;69052.91;0.0;0.0;69052.91;0.06905291000000001;130;531.1762307692308;1;;;;2;;;;;;;2024;130
2024;Non;75;Nouvelle-Aquitaine;33;Gironde;243300563;Communauté d'agglomération Bassin d'Arcachon Sud (COBAS);6;Non;Non;Non;2;Non;33527;Le Teich;Commune;213305279;33527;LE TEICH;Impôts et taxes;6166648.59;0.0;0.0;6166648.59;6.166648589999999;9197;670.5065336522779;1;;;;2;;;;;;;2024;9197
2024;Non;75;Nouvelle-Aquitaine;33;Gironde;243301389;Communauté de communes Médullienne;3;Oui;Non;Non;2;Non;33528;Le Temple;Commune;213305287;33528;LE TEMPLE;Impôts et taxes;307709.09;0.0;0.0;307709.09;0.30770909;651;472.6714132104455;1;;;;2;;;;;;;2024;651
2024;Non;75;Nouvelle-Aquitaine;33;Gironde;243300563;Communauté d'agglomération Bassin d'Arcachon Sud (COBAS);8;Non;Non;Oui;3;Non;33529;La Teste-de-Buch;Commune;213305295;33529;LA TESTE-DE-BUCH;Impôts et taxes;38775074.33;0.0;0.0;38775074.33;38.775074329999995;26923;1440.2211614604612;1;;;;2;;;;;;;2024;26923
2024;Non;75;Nouvelle-Aquitaine;33;Gironde;243301223;Communauté de communes du Grand Cubzaguais;3;Oui;Non;Non;1;Non;33530;Teuillac;Commune;213305303;33530;TEUILLAC;Impôts et taxes;336276.48;0.0;0.0;336276.48;0.33627648;893;376.5694064949608;1;;;;2;;;;;;;2024;893
2024;Non;75;Nouvelle-Aquitaine;33;Gironde;200070092;Communauté d'agglomération du Libournais;2;Oui;Non;Non;2;Non;33531;Tizac-de-Curton;Commune;213305311;33531;TIZAC-DE-CURTON;Impôts et taxes;180608.13;0.0;0.0;180608.13;0.18060813;371;486.8143665768194;1;;;;2;;;;;;;2024;371
2024;Non;75;Nouvelle-Aquitaine;33;Gironde;200070092;Communauté d'agglomération du Libournais;2;Oui;Non;Non;2;Non;33532;Tizac-de-Lapouyade;Commune;213305329;33532;TIZAC-DE-LAPOUYADE;Impôts et taxes;155535.78;0.0;0.0;155535.78;0.15553578;477;326.0708176100629;1;;;;2;;;;;;;2024;477
2024;Non;75;Nouvelle-Aquitaine;33;Gironde;200043974;Communauté de communes du Sud Gironde;4;Non;Non;Non;2;Non;33533;Toulenne;Commune;213305337;33533;TOULENNE;Impôts et taxes;1694822.42;0.0;0.0;1694822.42;1.69482242;2839;596.9786615005283;1;;;;2;;;;;;;2024;2839
2024;Non;75;Nouvelle-Aquitaine;33;Gironde;243301439;Communauté de communes des Portes de l'Entre-Deux-Mers;3;Non;Non;Non;2;Non;33534;Le Tourne;Commune;213305345;33534;LE TOURNE;Impôts et taxes;462326.96;0.0;0.0;462326.96;0.46232696;834;554.3488729016786;1;;;;2;;;;;;;2024;834
2024;Non;75;Nouvelle-Aquitaine;33;Gironde;243301355;Communauté de communes Les Coteaux Bordelais;6;Non;Non;Non;2;Non;33535;Tresses;Commune;213305352;33535;TRESSES;Impôts et taxes;4258164.57;0.0;0.0;4258164.57;4.25816457;5145;827.6315976676385;1;;;;2;;;;;;;2024;5145
2024;Non;75;Nouvelle-Aquitaine;33;Gironde;200043974;Communauté de communes du Sud Gironde;2;Oui;Non;Non;1;Non;33536;Le Tuzan;Commune;213305360;33536;LE TUZAN;Impôts et taxes;175396.92;0.0;0.0;175396.92;0.17539692;264;664.3822727272727;1;;;;2;;;;;;;2024;264
2024;Non;75;Nouvelle-Aquitaine;33;Gironde;200043974;Communauté de communes du Sud Gironde;2;Oui;Non;Non;1;Non;33537;Uzeste;Commune;213305378;33537;UZESTE;Impôts et taxes;202865.72;0.0;0.0;202865.72;0.20286572;487;416.56205338809036;1;;;;2;;;;;;;2024;487
2024;Non;75;Nouvelle-Aquitaine;33;Gironde;200070720;Communauté de communes Médoc Atlantique;3;Oui;Non;Non;1;Non;33538;Valeyrac;Commune;213305386;33538;VALEYRAC;Impôts et taxes;255391.61;0.0;0.0;255391.61;0.25539161;550;464.3483818181818;1;;;;2;;;;;;;2024;550
2024;Non;75;Nouvelle-Aquitaine;33;Gironde;200070092;Communauté d'agglomération du Libournais;5;Non;Non;Non;2;Non;33539;Vayres;Commune;213305394;33539;VAYRES;Impôts et taxes;2508132.33;0.0;0.0;2508132.33;2.50813233;4260;588.7634577464789;1;;;;2;;;;;;;2024;4260
2024;Non;75;Nouvelle-Aquitaine;33;Gironde;200070720;Communauté de communes Médoc Atlantique;4;Oui;Non;Oui;2;Non;33540;Vendays-Montalivet;Commune;213305402;33540;VENDAYS-MONTALIVET;Impôts et taxes;2945926.61;0.0;0.0;2945926.61;2.94592661;2721;1082.6632157295112;1;;;;2;;;;;;;2024;2721
2024;Non;75;Nouvelle-Aquitaine;33;Gironde;200070720;Communauté de communes Médoc Atlantique;3;Non;Non;Non;2;Non;33541;Vensac;Commune;213305410;33541;VENSAC;Impôts et taxes;604547.64;0.0;0.0;604547.64;0.60454764;1108;545.6206137184116;1;;;;2;;;;;;;2024;1108
2024;Non;75;Nouvelle-Aquitaine;33;Gironde;243301397;Communauté de communes du Fronsadais;3;Non;Non;Non;1;Non;33542;Vérac;Commune;213305428;33542;VERAC;Impôts et taxes;491070.8;0.0;0.0;491070.8;0.4910708;945;519.6516402116403;1;;;;2;;;;;;;2024;945
2024;Non;75;Nouvelle-Aquitaine;33;Gironde;200043974;Communauté de communes du Sud Gironde;3;Non;Non;Oui;1;Non;33543;Verdelais;Commune;213305436;33543;VERDELAIS;Impôts et taxes;541720.46;0.0;0.0;541720.46;0.54172046;1046;517.897189292543;1;;;;2;;;;;;;2024;1046
2024;Non;75;Nouvelle-Aquitaine;33;Gironde;200070720;Communauté de communes Médoc Atlantique;3;Oui;Non;Oui;2;Non;33544;Le Verdon-sur-Mer;Commune;213305444;33544;LE VERDON-SUR-MER;Impôts et taxes;1931422.2;0.0;0.0;1931422.2;1.9314221999999999;1380;1399.581304347826;1;;;;2;;;;;;;2024;1380
2024;Non;75;Nouvelle-Aquitaine;33;Gironde;200069995;Communauté de communes Médoc Cœur de Presqu'île;3;Oui;Non;Non;1;Non;33545;Vertheuil;Commune;213305451;33545;VERTHEUIL;Impôts et taxes;706541.01;0.0;0.0;706541.01;0.70654101;1328;532.0338930722892;1;;;;2;;;;;;;2024;1328
2024;Non;75;Nouvelle-Aquitaine;33;Gironde;200035533;Communauté de communes du Grand Saint-Émilionnais;3;Oui;Non;Non;1;Non;33546;Vignonet;Commune;213305469;33546;VIGNONET;Impôts et taxes;292586.53;0.0;0.0;292586.53;0.29258653;504;580.5288293650794;1;;;;2;;;;;;;2024;504
2024;Non;75;Nouvelle-Aquitaine;33;Gironde;200043974;Communauté de communes du Sud Gironde;3;Oui;Non;Non;1;Non;33547;Villandraut;Commune;213305477;33547;VILLANDRAUT;Impôts et taxes;548734.0;0.0;0.0;548734.0;0.548734;1156;474.6833910034602;1;;;;2;;;;;;;2024;1156
2024;Non;75;Nouvelle-Aquitaine;33;Gironde;243301397;Communauté de communes du Fronsadais;3;Oui;Non;Non;2;Non;33548;Villegouge;Commune;213305485;33548;VILLEGOUGE;Impôts et taxes;607081.33;0.0;0.0;607081.33;0.60708133;1307;464.48456771231827;1;;;;2;;;;;;;2024;1307
2024;Non;75;Nouvelle-Aquitaine;33;Gironde;243301215;Communauté de communes du Créonnais;2;Oui;Non;Non;1;Non;33549;Villenave-de-Rions;Commune;213305493;33549;VILLENAVE-DE-RIONS;Impôts et taxes;165109.78;0.0;0.0;165109.78;0.16510978;379;435.64585751978893;1;;;;2;;;;;;;2024;379
2024;Non;75;Nouvelle-Aquitaine;33;Gironde;243300316;Bordeaux Métropole;8;Non;Non;Non;2;Non;33550;Villenave-d'Ornon;Commune;213305501;33550;VILLENAVE-D'ORNON;Impôts et taxes;37395671.55;0.0;0.0;37395671.55;37.395671549999996;40776;917.1000478222483;1;;;;2;;;;;;;2024;40776
2024;Non;75;Nouvelle-Aquitaine;33;Gironde;200023794;Communauté de communes de Blaye;2;Oui;Non;Non;1;Non;33551;Villeneuve;Commune;213305519;33551;VILLENEUVE;Impôts et taxes;238742.0;0.0;0.0;238742.0;0.238742;415;575.2819277108433;1;;;;2;;;;;;;2024;415
2024;Non;75;Nouvelle-Aquitaine;33;Gironde;200069581;Communauté de communes Convergence Garonne;3;Non;Non;Non;2;Non;33552;Virelade;Commune;213305527;33552;VIRELADE;Impôts et taxes;619356.7;0.0;0.0;619356.7;0.6193567;1123;551.5197684772929;1;;;;2;;;;;;;2024;1123
2024;Non;75;Nouvelle-Aquitaine;33;Gironde;243301223;Communauté de communes du Grand Cubzaguais;3;Non;Non;Non;1;Non;33553;Virsac;Commune;213305535;33553;VIRSAC;Impôts et taxes;387255.0;0.0;0.0;387255.0;0.387255;1311;295.3890160183066;1;;;;2;;;;;;;2024;1311
2024;Non;75;Nouvelle-Aquitaine;33;Gironde;243301249;Communauté de communes Les Rives de la Laurence;4;Non;Non;Non;3;Non;33554;Yvrac;Commune;213305543;33554;YVRAC;Impôts et taxes;2303488.21;0.0;0.0;2303488.21;2.30348821;2913;790.7614864400961;1;;;;2;;;;;;;2024;2913
2024;Non;75;Nouvelle-Aquitaine;33;Gironde;243301504;Communauté d'agglomération du Bassin d'Arcachon Nord;6;Non;Non;Non;2;Non;33555;Marcheprime;Commune;213305550;33555;MARCHEPRIME;Impôts et taxes;4265257.46;0.0;0.0;4265257.46;4.26525746;5457;781.6121422026755;1;;;;2;;;;;;;2024;5457
2024;Non;75;Nouvelle-Aquitaine;33;Gironde;200043982;Communauté de communes du Bazadais;2;Oui;Non;Non;2;Non;33017;Aubiac;Commune;213305568;33017;AUBIAC;Impôts et taxes;142843.8;0.0;0.0;142843.8;0.1428438;295;484.2162711864406;1;;;;2;;;;;;;2024;295
2024;Non;75;Nouvelle-Aquitaine;33;Gironde;200069599;Communauté de communes rurales de l'Entre-Deux-Mers;3;Oui;Non;Oui;1;Non;33008;Porte-de-Benauge;Commune;200083772;33008;PORTE-DE-BENAUGE;TVA;1851.79;0.0;0.0;1851.79;0.0018517899999999999;508;3.645255905511811;1;;;;;;;;;;;2024;508
2024;Non;75;Nouvelle-Aquitaine;33;Gironde;200069581;Communauté de communes Convergence Garonne;3;Non;Non;Non;1;Non;33040;Béguey;Commune;213300403;33040;BEGUEY;TVA;4201.69;0.0;0.0;4201.69;0.004201689999999999;1221;3.441187551187551;1;;;;;;;;;;;2024;1221
2024;Non;75;Nouvelle-Aquitaine;33;Gironde;243300316;Bordeaux Métropole;5;Non;Non;Non;4;Non;33065;Bouliac;Commune;213300650;33065;BOULIAC;TVA;45.59;0.0;0.0;45.59;4.559e-05;3848;0.011847713097713099;1;;;;;;;;;;;2024;3848
2024;Non;75;Nouvelle-Aquitaine;33;Gironde;200044394;Communauté de communes du Réolais en Sud Gironde;2;Non;Non;Non;1;Non;33102;Casseuil;Commune;213301021;33102;CASSEUIL;TVA;239.0;0.0;0.0;239.0;0.000239;378;0.6322751322751323;1;;;;;;;;;;;2024;378
2024;Non;75;Nouvelle-Aquitaine;33;Gironde;200069581;Communauté de communes Convergence Garonne;2;Oui;Non;Non;2;Non;33176;Gabarnac;Commune;213301765;33176;GABARNAC;TVA;2691.26;0.0;0.0;2691.26;0.00269126;363;7.413939393939395;1;;;;;;;;;;;2024;363
2024;Non;75;Nouvelle-Aquitaine;33;Gironde;200044394;Communauté de communes du Réolais en Sud Gironde;3;Non;Non;Non;1;Non;33287;Mongauzy;Commune;213302870;33287;MONGAUZY;TVA;716.66;0.0;0.0;716.66;0.0007166599999999999;654;1.0958103975535167;1;;;;;;;;;;;2024;654
2024;Non;75;Nouvelle-Aquitaine;33;Gironde;200043974;Communauté de communes du Sud Gironde;4;Non;Non;Oui;1;Non;33438;Saint-Maixant;Commune;213304389;33438;SAINT-MAIXANT;TVA;5541.49;0.0;0.0;5541.49;0.00554149;2085;2.65778896882494;1;;;;;;;;;;;2024;2085
2024;Non;75;Nouvelle-Aquitaine;64;Pyrénées-Atlantiques;200067106;Communauté d'agglomération du Pays Basque;4;Non;Non;Non;3;Non;64009;Ahetze;Commune;216400093;64009;AHETZE;TVA;40772.54;0.0;0.0;40772.54;0.04077254;2081;19.592763094666026;1;;;;;;;;;;;2024;2081
2024;Non;75;Nouvelle-Aquitaine;64;Pyrénées-Atlantiques;200067106;Communauté d'agglomération du Pays Basque;4;Non;Non;Non;3;Non;64035;Arbonne;Commune;216400358;64035;ARBONNE;TVA;35303.0;0.0;0.0;35303.0;0.035303;2410;14.648547717842323;1;;;;;;;;;;;2024;2410
2024;Non;75;Nouvelle-Aquitaine;64;Pyrénées-Atlantiques;200067106;Communauté d'agglomération du Pays Basque;5;Non;Non;Non;4;Non;64038;Arcangues;Commune;216400382;64038;ARCANGUES;TVA;73.0;0.0;0.0;73.0;7.3e-05;3526;0.020703346568349403;1;;;;;;;;;;;2024;3526
2024;Non;75;Nouvelle-Aquitaine;64;Pyrénées-Atlantiques;200039204;Communauté de communes de Lacq-Orthez;5;Non;Non;Non;2;Non;64061;Artix;Commune;216400614;64061;ARTIX;TVA;1327.62;0.0;0.0;1327.62;0.0013276199999999998;3506;0.37867084997147743;1;;;;;;;;;;;2024;3506
2024;Non;75;Nouvelle-Aquitaine;64;Pyrénées-Atlantiques;200067106;Communauté d'agglomération du Pays Basque;4;Non;Non;Non;4;Non;64100;Bassussarry;Commune;216401000;64100;BASSUSSARRY;TVA;7782.0;0.0;0.0;7782.0;0.007782;3399;2.2894969108561343;1;;;;;;;;;;;2024;3399
2024;Non;75;Nouvelle-Aquitaine;64;Pyrénées-Atlantiques;200067106;Communauté d'agglomération du Pays Basque;3;Non;Oui;Non;2;Non;64130;Biriatou;Commune;216401307;64130;BIRIATOU;TVA;399.75;0.0;0.0;399.75;0.00039975;1237;0.32316087308003233;1;;;;;;;;;;;2024;1237
2024;Non;75;Nouvelle-Aquitaine;64;Pyrénées-Atlantiques;200067106;Communauté d'agglomération du Pays Basque;6;Non;Non;Non;3;Non;64407;Mouguerre;Commune;216404079;64407;MOUGUERRE;TVA;558.96;0.0;0.0;558.96;0.0005589600000000001;5443;0.10269336762814625;1;;;;;;;;;;;2024;5443
2024;Non;75;Nouvelle-Aquitaine;64;Pyrénées-Atlantiques;200067262;Communauté de communes du Haut Béarn;3;Oui;Non;Non;2;Non;64421;Ogeu-les-Bains;Commune;216404210;64421;OGEU-LES-BAINS;TVA;30033.51;0.0;0.0;30033.51;0.03003351;1301;23.084942352036894;1;;;;;;;;;;;2024;1301
2024;Non;75;Nouvelle-Aquitaine;64;Pyrénées-Atlantiques;246401756;Communauté de communes Pays de Nay;2;Non;Non;Non;2;Non;64444;Pardies-Piétat;Commune;216404442;64444;PARDIES-PIETAT;TVA;7614.06;0.0;0.0;7614.06;0.007614060000000001;473;16.09737843551797;1;;;;;;;;;;;2024;473
2024;Non;75;Nouvelle-Aquitaine;64;Pyrénées-Atlantiques;246400337;Communauté de communes de la Vallée d'Ossau;3;Oui;Oui;Non;2;Non;64463;Rébénacq;Commune;216404632;64463;REBENACQ;TVA;15476.29;0.0;0.0;15476.29;0.01547629;653;23.70029096477795;1;;;;;;;;;;;2024;653
2024;Non;75;Nouvelle-Aquitaine;64;Pyrénées-Atlantiques;200067106;Communauté d'agglomération du Pays Basque;4;Non;Non;Non;1;Non;64493;Saint-Palais;Commune;216404939;64493;SAINT-PALAIS;TVA;62674.16;0.0;0.0;62674.16;0.06267416;2133;29.383103609939056;1;;;;;;;;;;;2024;2133
2024;Non;75;Nouvelle-Aquitaine;64;Pyrénées-Atlantiques;200067106;Communauté d'agglomération du Pays Basque;4;Non;Non;Non;2;Non;64540;Urcuit;Commune;216405407;64540;URCUIT;TVA;12.8;0.0;0.0;12.8;1.2800000000000001e-05;2992;0.0042780748663101605;1;;;;;;;;;;;2024;2992
2024;Non;75;Nouvelle-Aquitaine;33;Gironde;243301223;Communauté de communes du Grand Cubzaguais;5;Non;Non;Non;1;Non;33018;Val de Virvée;Commune;200058071;33018;VAL-DE-VIRVEE;Dépenses d'investissement;843305.05;0.0;0.0;843305.05;0.84330505;3748;225.00134738527217;1;;;;;;;;;;;2024;3748
2024;Non;75;Nouvelle-Aquitaine;33;Gironde;200043974;Communauté de communes du Sud Gironde;3;Oui;Non;Non;1;Non;33106;Castets et Castillon;Commune;200064301;33106;CASTETS-ET-CASTILLON;Dépenses d'investissement;1108125.71;0.0;0.0;1108125.71;1.10812571;1545;717.2334692556634;1;;;;;;;;;;;2024;1545
2024;Non;75;Nouvelle-Aquitaine;33;Gironde;243301447;Communauté de communes Médoc Estuaire;4;Non;Non;Non;2;Non;33268;Margaux-Cantenac;Commune;200068013;33268;MARGAUX-CANTENAC;Dépenses d'investissement;1034986.88;0.0;0.0;1034986.88;1.03498688;2861;361.7570360013981;1;;;;;;;;;;;2024;2861
2024;Non;75;Nouvelle-Aquitaine;33;Gironde;200069599;Communauté de communes rurales de l'Entre-Deux-Mers;3;Oui;Non;Oui;1;Non;33008;Porte-de-Benauge;Commune;200083772;33008;PORTE-DE-BENAUGE;Dépenses d'investissement;60164.33;0.0;0.0;60164.33;0.06016433;508;118.43372047244095;1;;;;;;;;;;;2024;508
2024;Non;75;Nouvelle-Aquitaine;33;Gironde;200069995;Communauté de communes Médoc Cœur de Presqu'île;2;Oui;Non;Non;1;Non;33055;Blaignan-Prignac;Commune;200083780;33055;BLAIGNAN-PRIGNAC;Dépenses d'investissement;183546.89;0.0;0.0;183546.89;0.18354689000000002;463;396.4295680345573;1;;;;;;;;;;;2024;463
2024;Non;75;Nouvelle-Aquitaine;33;Gironde;243300811;Communauté de communes de l'Estuaire;3;Oui;Non;Non;1;Non;33380;Val-de-Livenne;Commune;200083830;33380;VAL DE LIVENNE;Dépenses d'investissement;342871.92;60687.36;0.0;403559.28;0.40355928;1816;222.22427312775332;1;;;;;;;;;;;2024;1816
2024;Non;75;Nouvelle-Aquitaine;33;Gironde;200070092;Communauté d'agglomération du Libournais;4;Oui;Non;Non;1;Non;33001;Abzac;Commune;213300015;33001;ABZAC;Dépenses d'investissement;466488.01;46174.71;25000.0;487662.72;0.48766272;2038;239.2849460255152;1;;;;;;;;;;;2024;2038
2024;Non;75;Nouvelle-Aquitaine;33;Gironde;200044394;Communauté de communes du Réolais en Sud Gironde;3;Oui;Non;Non;1;Non;33002;Aillas;Commune;213300023;33002;AILLAS;Dépenses d'investissement;99785.67;0.0;0.0;99785.67;0.09978566999999999;838;119.0759785202864;1;;;;;;;;;;;2024;838
2024;Non;75;Nouvelle-Aquitaine;33;Gironde;243300316;Bordeaux Métropole;7;Non;Non;Non;1;Non;33003;Ambarès-et-Lagrave;Commune;213300031;33003;AMBARES-ET-LAGRAVE;Dépenses d'investissement;5313512.35;0.0;0.0;5313512.35;5.31351235;16963;313.241310499322;1;;;;;;;;;;;2024;16963
2024;Non;75;Nouvelle-Aquitaine;33;Gironde;243300316;Bordeaux Métropole;4;Non;Non;Non;1;Non;33004;Ambès;Commune;213300049;33004;AMBES;Dépenses d'investissement;530451.47;0.0;0.0;530451.47;0.5304514699999999;3230;164.22646130030958;1;;;;;;;;;;;2024;3230
2024;Non;75;Nouvelle-Aquitaine;33;Gironde;243301504;Communauté d'agglomération du Bassin d'Arcachon Nord;7;Non;Non;Oui;3;Non;33005;Andernos-les-Bains;Commune;213300056;33005;ANDERNOS-LES-BAINS;Dépenses d'investissement;10279357.05;2561587.62;0.0;12840944.67;12.84094467;12746;1007.4489777184999;1;;;;;;;;;;;2024;12746
2024;Non;75;Nouvelle-Aquitaine;33;Gironde;243300811;Communauté de communes de l'Estuaire;3;Oui;Non;Non;1;Non;33006;Anglade;Commune;213300064;33006;ANGLADE;Dépenses d'investissement;45934.33;23293.63;0.0;69227.96;0.06922796;918;75.41172113289761;1;;;;;;;;;;;2024;918
2024;Non;75;Nouvelle-Aquitaine;33;Gironde;200069581;Communauté de communes Convergence Garonne;3;Non;Non;Non;2;Non;33007;Arbanats;Commune;213300072;33007;ARBANATS;Dépenses d'investissement;1519073.59;0.0;0.0;1519073.59;1.51907359;1366;1112.0597291361642;1;;;;;;;;;;;2024;1366
2024;Non;75;Nouvelle-Aquitaine;33;Gironde;243300563;Communauté d'agglomération Bassin d'Arcachon Sud (COBAS);7;Non;Non;Oui;4;Non;33009;Arcachon;Commune;213300098;33009;ARCACHON;Dépenses d'investissement;22071656.74;795468.75;0.0;22867125.49;22.86712549;11579;1974.8791337766645;1;;;;;;;;;;;2024;11579
2024;Non;75;Nouvelle-Aquitaine;33;Gironde;243301447;Communauté de communes Médoc Estuaire;3;Oui;Non;Non;2;Non;33010;Arcins;Commune;213300106;33010;ARCINS;Dépenses d'investissement;411651.44;0.0;0.0;411651.44;0.41165144;553;744.3968173598554;1;;;;;;;;;;;2024;553
2024;Non;75;Nouvelle-Aquitaine;33;Gironde;243301504;Communauté d'agglomération du Bassin d'Arcachon Nord;6;Non;Non;Oui;3;Non;33011;Arès;Commune;213300114;33011;ARES;Dépenses d'investissement;2817532.94;15785.34;0.0;2833318.28;2.83331828;6567;431.4478879244708;1;;;;;;;;;;;2024;6567
2024;Non;75;Nouvelle-Aquitaine;33;Gironde;243301447;Communauté de communes Médoc Estuaire;5;Non;Non;Non;2;Non;33012;Arsac;Commune;213300122;33012;ARSAC;Dépenses d'investissement;1420886.67;0.0;0.0;1420886.67;1.42088667;4018;353.63033101045295;1;;;;;;;;;;;2024;4018
2024;Non;75;Nouvelle-Aquitaine;33;Gironde;243300316;Bordeaux Métropole;6;Non;Non;Non;2;Non;33013;Artigues-près-Bordeaux;Commune;213300130;33013;ARTIGUES-PRES-BORDEAUX;Dépenses d'investissement;6349994.14;2152.27;0.0;6352146.41;6.3521464100000005;8722;728.2901180921807;1;;;;;;;;;;;2024;8722
2024;Non;75;Nouvelle-Aquitaine;33;Gironde;200035533;Communauté de communes du Grand Saint-Émilionnais;3;Oui;Non;Non;2;Non;33014;Les Artigues-de-Lussac;Commune;213300148;33014;LES ARTIGUES-DE-LUSSAC;Dépenses d'investissement;51586.18;24177.87;0.0;75764.05;0.07576405;1136;66.6937059859155;1;;;;;;;;;;;2024;1136
2024;Non;75;Nouvelle-Aquitaine;33;Gironde;200070092;Communauté d'agglomération du Libournais;4;Non;Non;Non;2;Non;33015;Arveyres;Commune;213300155;33015;ARVEYRES;Dépenses d'investissement;593676.55;0.0;0.0;593676.55;0.5936765500000001;2065;287.4946973365618;1;;;;;;;;;;;2024;2065
2024;Non;75;Nouvelle-Aquitaine;33;Gironde;243301397;Communauté de communes du Fronsadais;2;Non;Non;Non;2;Non;33016;Asques;Commune;213300163;33016;ASQUES;Dépenses d'investissement;65151.86;0.0;0.0;65151.86;0.06515186;442;147.40239819004526;1;;;;;;;;;;;2024;442
2024;Non;75;Nouvelle-Aquitaine;33;Gironde;243301504;Communauté d'agglomération du Bassin d'Arcachon Nord;6;Non;Non;Oui;2;Non;33019;Audenge;Commune;213300197;33019;AUDENGE;Dépenses d'investissement;7976127.22;1137123.7;0.0;9113250.92;9.11325092;9511;958.1800988329303;1;;;;;;;;;;;2024;9511
2024;Non;75;Nouvelle-Aquitaine;33;Gironde;243301371;Communauté de communes du Pays Foyen;1;Oui;Non;Non;1;Non;33020;Auriolles;Commune;213300205;33020;AURIOLLES;Dépenses d'investissement;15501.19;0.0;0.0;15501.19;0.01550119;144;107.64715277777778;1;;;;;;;;;;;2024;144
2024;Non;75;Nouvelle-Aquitaine;33;Gironde;200044394;Communauté de communes du Réolais en Sud Gironde;3;Oui;Non;Non;1;Non;33021;Auros;Commune;213300213;33021;AUROS;Dépenses d'investissement;729391.87;613506.72;268326.81;1074571.78;1.07457178;1067;1007.0963261480788;1;;;;;;;;;;;2024;1067
2024;Non;75;Nouvelle-Aquitaine;33;Gironde;243301389;Communauté de communes Médullienne;4;Non;Non;Non;2;Non;33022;Avensan;Commune;213300221;33022;AVENSAN;Dépenses d'investissement;663126.13;29629.82;0.0;692755.95;0.6927559499999999;3119;222.10835203590892;1;;;;;;;;;;;2024;3119
2024;Non;75;Nouvelle-Aquitaine;33;Gironde;243301264;Communauté de communes de Montesquieu;3;Non;Non;Non;2;Non;33023;Ayguemorte-les-Graves;Commune;213300239;33023;AYGUEMORTE-LES-GRAVES;Dépenses d'investissement;261914.71;0.0;0.0;261914.71;0.26191471;1411;185.62346562721473;1;;;;;;;;;;;2024;1411
2024;Non;75;Nouvelle-Aquitaine;33;Gironde;200044394;Communauté de communes du Réolais en Sud Gironde;2;Non;Non;Non;1;Non;33024;Bagas;Commune;213300247;33024;BAGAS;Dépenses d'investissement;217895.32;0.0;0.0;217895.32;0.21789532;297;733.6542760942762;1;;;;;;;;;;;2024;297
2024;Non;75;Nouvelle-Aquitaine;33;Gironde;200069599;Communauté de communes rurales de l'Entre-Deux-Mers;2;Oui;Non;Oui;1;Non;33025;Baigneaux;Commune;213300254;33025;BAIGNEAUX;Dépenses d'investissement;57170.02;0.0;0.0;57170.02;0.057170019999999995;450;127.04448888888888;1;;;;;;;;;;;2024;450
2024;Non;75;Nouvelle-Aquitaine;33;Gironde;200043974;Communauté de communes du Sud Gironde;3;Oui;Non;Non;1;Non;33026;Balizac;Commune;213300262;33026;BALIZAC;Dépenses d'investissement;48342.43;4152.29;0.0;52494.72;0.05249472;519;101.14589595375723;1;;;;;;;;;;;2024;519
2024;Non;75;Nouvelle-Aquitaine;33;Gironde;200044394;Communauté de communes du Réolais en Sud Gironde;2;Oui;Non;Non;1;Non;33027;Barie;Commune;213300270;33027;BARIE;Dépenses d'investissement;68400.12;0.0;0.0;68400.12;0.06840012;290;235.86248275862067;1;;;;;;;;;;;2024;290
2024;Non;75;Nouvelle-Aquitaine;33;Gironde;243301215;Communauté de communes du Créonnais;3;Non;Non;Non;2;Non;33028;Baron;Commune;213300288;33028;BARON;Dépenses d'investissement;192248.1;0.0;0.0;192248.1;0.1922481;1209;159.01414392059553;1;;;;;;;;;;;2024;1209
2024;Non;75;Nouvelle-Aquitaine;33;Gironde;243301405;Communauté de communes du Val de l'Eyre;6;Non;Non;Non;2;Non;33029;Le Barp;Commune;213300296;33029;LE BARP;Dépenses d'investissement;3498006.15;0.0;0.0;3498006.15;3.4980061499999997;5736;609.8337081589958;1;;;;;;;;;;;2024;5736
2024;Non;75;Nouvelle-Aquitaine;33;Gironde;200069581;Communauté de communes Convergence Garonne;4;Oui;Non;Non;1;Non;33030;Barsac;Commune;213300304;33030;BARSAC;Dépenses d'investissement;897727.59;91261.87;0.0;988989.46;0.98898946;2089;473.4272187649593;1;;;;;;;;;;;2024;2089
2024;Non;75;Nouvelle-Aquitaine;33;Gironde;200044394;Communauté de communes du Réolais en Sud Gironde;1;Oui;Non;Non;2;Non;33031;Bassanne;Commune;213300312;33031;BASSANNE;Dépenses d'investissement;29865.02;0.0;0.0;29865.02;0.02986502;134;222.87328358208956;1;;;;;;;;;;;2024;134
2024;Non;75;Nouvelle-Aquitaine;33;Gironde;243300316;Bordeaux Métropole;6;Non;Non;Non;1;Oui;33032;Bassens;Commune;213300320;33032;BASSENS;Dépenses d'investissement;5012377.5;0.0;0.0;5012377.5;5.0123775;7909;633.7561638639525;1;;;;;;;;;;;2024;7909
2024;Non;75;Nouvelle-Aquitaine;33;Gironde;243301439;Communauté de communes des Portes de l'Entre-Deux-Mers;3;Non;Non;Non;2;Non;33033;Baurech;Commune;213300338;33033;BAURECH;Dépenses d'investissement;673445.15;0.0;0.0;673445.15;0.67344515;972;692.844804526749;1;;;;;;;;;;;2024;972
2024;Non;75;Nouvelle-Aquitaine;33;Gironde;200070092;Communauté d'agglomération du Libournais;2;Oui;Non;Non;1;Non;33034;Bayas;Commune;213300346;33034;BAYAS;Dépenses d'investissement;135305.39;0.0;0.0;135305.39;0.13530539000000003;465;290.9793333333334;1;;;;;;;;;;;2024;465
2024;Non;75;Nouvelle-Aquitaine;33;Gironde;200023794;Communauté de communes de Blaye;3;Non;Non;Non;2;Non;33035;Bayon-sur-Gironde;Commune;213300353;33035;BAYON-SUR-GIRONDE;Dépenses d'investissement;362098.13;0.0;0.0;362098.13;0.36209813;734;493.3217029972752;1;;;;;;;;;;;2024;734
2024;Non;75;Nouvelle-Aquitaine;33;Gironde;200043982;Communauté de communes du Bazadais;6;Non;Non;Non;1;Non;33036;Bazas;Commune;213300361;33036;BAZAS;Dépenses d'investissement;1923294.93;0.0;0.0;1923294.93;1.92329493;5059;380.17294524609605;1;;;;;;;;;;;2024;5059
2024;Non;75;Nouvelle-Aquitaine;33;Gironde;243301264;Communauté de communes de Montesquieu;4;Non;Non;Non;2;Non;33037;Beautiran;Commune;213300379;33037;BEAUTIRAN;Dépenses d'investissement;864208.2;308167.55;0.0;1172375.75;1.17237575;2484;471.97091384863126;1;;;;;;;;;;;2024;2484
2024;Non;75;Nouvelle-Aquitaine;33;Gironde;200069995;Communauté de communes Médoc Cœur de Presqu'île;3;Oui;Non;Non;1;Non;33038;Bégadan;Commune;213300387;33038;BEGADAN;Dépenses d'investissement;265929.06;0.0;0.0;265929.06;0.26592906;911;291.90895718990123;1;;;;;;;;;;;2024;911
2024;Non;75;Nouvelle-Aquitaine;33;Gironde;243300316;Bordeaux Métropole;8;Non;Non;Non;2;Oui;33039;Bègles;Commune;213300395;33039;BEGLES;Dépenses d'investissement;13711012.7;0.0;0.0;13711012.7;13.7110127;31161;440.0055421841404;1;;;;;;;;;;;2024;31161
2024;Non;75;Nouvelle-Aquitaine;33;Gironde;200069581;Communauté de communes Convergence Garonne;3;Non;Non;Non;1;Non;33040;Béguey;Commune;213300403;33040;BEGUEY;Dépenses d'investissement;279148.42;0.0;0.0;279148.42;0.27914842;1221;228.62278460278458;1;;;;;;;;;;;2024;1221
2024;Non;75;Nouvelle-Aquitaine;33;Gironde;243301405;Communauté de communes du Val de l'Eyre;6;Non;Non;Non;2;Non;33042;Belin-Béliet;Commune;213300429;33042;BELIN-BELIET;Dépenses d'investissement;2406742.31;9432.7;0.0;2416175.01;2.41617501;6141;393.44976551050314;1;;;;;;;;;;;2024;6141
2024;Non;75;Nouvelle-Aquitaine;33;Gironde;200069599;Communauté de communes rurales de l'Entre-Deux-Mers;2;Oui;Non;Oui;1;Non;33043;Bellebat;Commune;213300437;33043;BELLEBAT;Dépenses d'investissement;74160.78;0.0;0.0;74160.78;0.07416078;326;227.4870552147239;1;;;;;;;;;;;2024;326
2024;Non;75;Nouvelle-Aquitaine;33;Gironde;200069599;Communauté de communes rurales de l'Entre-Deux-Mers;2;Oui;Non;Oui;3;Non;33044;Bellefond;Commune;213300445;33044;BELLEFOND;Dépenses d'investissement;24251.49;0.0;0.0;24251.49;0.02425149;220;110.23404545454547;1;;;;;;;;;;;2024;220
2024;Non;75;Nouvelle-Aquitaine;33;Gironde;200035533;Communauté de communes du Grand Saint-Émilionnais;2;Oui;Non;Non;1;Non;33045;Belvès-de-Castillon;Commune;213300452;33045;BELVES-DE-CASTILLON;Dépenses d'investissement;31885.57;8998.26;0.0;40883.83;0.04088383;339;120.60126843657818;1;;;;;;;;;;;2024;339
2024;Non;75;Nouvelle-Aquitaine;33;Gironde;200043982;Communauté de communes du Bazadais;3;Oui;Non;Non;2;Non;33046;Bernos-Beaulac;Commune;213300460;33046;BERNOS-BEAULAC;Dépenses d'investissement;307594.66;15366.61;0.0;322961.27;0.32296127;1166;276.98222126929676;1;;;;;;;;;;;2024;1166
2024;Non;75;Nouvelle-Aquitaine;33;Gironde;200023794;Communauté de communes de Blaye;3;Oui;Non;Non;2;Non;33047;Berson;Commune;213300478;33047;BERSON;Dépenses d'investissement;550904.25;553375.77;0.0;1104280.02;1.10428002;1854;595.6202912621359;1;;;;;;;;;;;2024;1854
2024;Non;75;Nouvelle-Aquitaine;33;Gironde;200044394;Communauté de communes du Réolais en Sud Gironde;2;Oui;Non;Non;1;Non;33048;Berthez;Commune;213300486;33048;BERTHEZ;Dépenses d'investissement;90834.65;0.0;0.0;90834.65;0.09083464999999999;288;315.3980902777778;1;;;;;;;;;;;2024;288
2024;Non;75;Nouvelle-Aquitaine;33;Gironde;243301249;Communauté de communes Les Rives de la Laurence;4;Non;Non;Non;2;Non;33049;Beychac-et-Caillau;Commune;213300494;33049;BEYCHAC-ET-CAILLAU;Dépenses d'investissement;785735.15;0.0;0.0;785735.15;0.78573515;2614;300.58728003060446;1;;;;;;;;;;;2024;2614
2024;Non;75;Nouvelle-Aquitaine;33;Gironde;200043974;Communauté de communes du Sud Gironde;3;Oui;Non;Non;1;Non;33050;Bieujac;Commune;213300502;33050;BIEUJAC;Dépenses d'investissement;70188.95;0.0;0.0;70188.95;0.07018895;665;105.5472932330827;1;;;;;;;;;;;2024;665
2024;Non;75;Nouvelle-Aquitaine;33;Gironde;243301504;Communauté d'agglomération du Bassin d'Arcachon Nord;7;Non;Non;Non;2;Non;33051;Biganos;Commune;213300510;33051;BIGANOS;Dépenses d'investissement;5143562.4;0.0;0.0;5143562.4;5.1435624;11232;457.9382478632479;1;;;;;;;;;;;2024;11232
2024;Non;75;Nouvelle-Aquitaine;33;Gironde;200070092;Communauté d'agglomération du Libournais;3;Non;Non;Non;2;Non;33052;Les Billaux;Commune;213300528;33052;LES BILLAUX;Dépenses d'investissement;115905.18;0.0;0.0;115905.18;0.11590518;1201;96.50722731057452;1;;;;;;;;;;;2024;1201
2024;Non;75;Nouvelle-Aquitaine;33;Gironde;200043982;Communauté de communes du Bazadais;2;Oui;Non;Non;1;Non;33053;Birac;Commune;213300536;33053;BIRAC;Dépenses d'investissement;174613.16;0.0;0.0;174613.16;0.17461316000000002;239;730.5989958158996;1;;;;;;;;;;;2024;239
2024;Non;75;Nouvelle-Aquitaine;33;Gironde;200044394;Communauté de communes du Réolais en Sud Gironde;2;Oui;Non;Non;2;Non;33054;Blaignac;Commune;213300544;33054;BLAIGNAC;Dépenses d'investissement;70294.95;0.0;0.0;70294.95;0.07029495;310;226.75790322580644;1;;;;;;;;;;;2024;310
2024;Non;75;Nouvelle-Aquitaine;33;Gironde;243300316;Bordeaux Métropole;7;Non;Non;Non;2;Non;33056;Blanquefort;Commune;213300569;33056;BLANQUEFORT;Dépenses d'investissement;3556156.39;0.0;82400.0;3473756.39;3.47375639;16636;208.80959305121425;1;;;;;;;;;;;2024;16636
2024;Non;75;Nouvelle-Aquitaine;33;Gironde;200069599;Communauté de communes rurales de l'Entre-Deux-Mers;3;Oui;Non;Non;1;Non;33057;Blasimon;Commune;213300577;33057;BLASIMON;Dépenses d'investissement;131288.07;163126.34;0.0;294414.41;0.29441440999999996;960;306.6816770833333;1;;;;;;;;;;;2024;960
2024;Non;75;Nouvelle-Aquitaine;33;Gironde;200023794;Communauté de communes de Blaye;6;Non;Non;Non;1;Non;33058;Blaye;Commune;213300585;33058;BLAYE;Dépenses d'investissement;941894.77;60688.72;0.0;1002583.49;1.00258349;5077;197.47557415796732;1;;;;;;;;;;;2024;5077
2024;Non;75;Nouvelle-Aquitaine;33;Gironde;243301215;Communauté de communes du Créonnais;2;Oui;Non;Non;2;Non;33059;Blésignac;Commune;213300593;33059;BLESIGNAC;Dépenses d'investissement;54825.03;0.0;0.0;54825.03;0.05482503;314;174.60200636942676;1;;;;;;;;;;;2024;314
2024;Non;75;Nouvelle-Aquitaine;33;Gironde;200043974;Communauté de communes du Sud Gironde;3;Oui;Non;Non;2;Non;33060;Bommes;Commune;213300601;33060;BOMMES;Dépenses d'investissement;26368.85;13584.63;0.0;39953.48;0.039953480000000006;508;78.64858267716536;1;;;;;;;;;;;2024;508
2024;Non;75;Nouvelle-Aquitaine;33;Gironde;243301355;Communauté de communes Les Coteaux Bordelais;3;Non;Non;Non;3;Non;33061;Bonnetan;Commune;213300619;33061;BONNETAN;Dépenses d'investissement;272985.88;0.0;0.0;272985.88;0.27298588;1043;261.7314285714286;1;;;;;;;;;;;2024;1043
2024;Non;75;Nouvelle-Aquitaine;33;Gironde;200070092;Communauté d'agglomération du Libournais;3;Oui;Non;Non;2;Non;33062;Bonzac;Commune;213300627;33062;BONZAC;Dépenses d'investissement;136112.4;0.0;0.0;136112.4;0.1361124;791;172.0763590391909;1;;;;;;;;;;;2024;791
2024;Non;75;Nouvelle-Aquitaine;33;Gironde;243300316;Bordeaux Métropole;10;Non;Non;Oui;3;Oui;33063;Bordeaux;Commune;213300635;33063;BORDEAUX;Dépenses d'investissement;172140736.16;0.0;0.0;172140736.16;172.14073616;265255;648.9632095907712;1;;;;;;;;;;;2024;265255
2024;Non;75;Nouvelle-Aquitaine;33;Gironde;243301454;Communauté de communes Castillon/Pujols;0;Oui;Non;Non;1;Non;33064;Bossugan;Commune;213300643;33064;BOSSUGAN;Dépenses d'investissement;9112.44;0.0;0.0;9112.44;0.009112440000000001;43;211.9172093023256;1;;;;;;;;;;;2024;43
2024;Non;75;Nouvelle-Aquitaine;33;Gironde;243300316;Bordeaux Métropole;5;Non;Non;Non;4;Non;33065;Bouliac;Commune;213300650;33065;BOULIAC;Dépenses d'investissement;2900945.49;390000.0;421156.08;2869789.41;2.86978941;3848;745.7872687110188;1;;;;;;;;;;;2024;3848
2024;Non;75;Nouvelle-Aquitaine;33;Gironde;200044394;Communauté de communes du Réolais en Sud Gironde;0;Oui;Non;Non;1;Non;33066;Bourdelles;Commune;213300668;33066;BOURDELLES;Dépenses d'investissement;24448.79;0.0;0.0;24448.79;0.02444879;97;252.04938144329898;1;;;;;;;;;;;2024;97
2024;Non;75;Nouvelle-Aquitaine;33;Gironde;243301223;Communauté de communes du Grand Cubzaguais;4;Non;Non;Non;1;Non;33067;Bourg;Commune;213300676;33067;BOURG;Dépenses d'investissement;334038.99;10966.0;0.0;345004.99;0.34500499;2312;149.2236115916955;1;;;;;;;;;;;2024;2312
2024;Non;75;Nouvelle-Aquitaine;33;Gironde;200043974;Communauté de communes du Sud Gironde;1;Oui;Non;Non;1;Non;33068;Bourideys;Commune;213300684;33068;BOURIDEYS;Dépenses d'investissement;85521.73;0.0;0.0;85521.73;0.08552172999999999;102;838.4483333333333;1;;;;;;;;;;;2024;102
2024;Non;75;Nouvelle-Aquitaine;33;Gironde;243300316;Bordeaux Métropole;8;Non;Non;Non;4;Oui;33069;Le Bouscat;Commune;213300692;33069;LE BOUSCAT;Dépenses d'investissement;10997409.63;0.0;0.0;10997409.63;10.99740963;24640;446.32344277597406;1;;;;;;;;;;;2024;24640
2024;Non;75;Nouvelle-Aquitaine;33;Gironde;243301389;Communauté de communes Médullienne;3;Oui;Non;Non;1;Non;33070;Brach;Commune;213300700;33070;BRACH;Dépenses d'investissement;213767.05;57040.74;0.0;270807.79;0.27080779;863;313.79813441483196;1;;;;;;;;;;;2024;863
2024;Non;75;Nouvelle-Aquitaine;33;Gironde;243301454;Communauté de communes Castillon/Pujols;3;Non;Non;Non;1;Non;33071;Branne;Commune;213300718;33071;BRANNE;Dépenses d'investissement;327549.3;0.0;0.0;327549.3;0.3275493;1326;247.0205882352941;1;;;;;;;;;;;2024;1326
2024;Non;75;Nouvelle-Aquitaine;33;Gironde;200044394;Communauté de communes du Réolais en Sud Gironde;2;Oui;Non;Non;1;Non;33072;Brannens;Commune;213300726;33072;BRANNENS;Dépenses d'investissement;85696.23;0.0;0.0;85696.23;0.08569623;244;351.2140573770492;1;;;;;;;;;;;2024;244
2024;Non;75;Nouvelle-Aquitaine;33;Gironde;243300811;Communauté de communes de l'Estuaire;3;Oui;Non;Non;1;Non;33073;Braud-et-Saint-Louis;Commune;213300734;33073;BRAUD-ET-SAINT-LOUIS;Dépenses d'investissement;10336779.17;72515.51;0.0;10409294.68;10.40929468;1540;6759.282259740259;1;;;;;;;;;;;2024;1540
2024;Non;75;Nouvelle-Aquitaine;33;Gironde;200044394;Communauté de communes du Réolais en Sud Gironde;2;Oui;Non;Non;1;Non;33074;Brouqueyran;Commune;213300742;33074;BROUQUEYRAN;Dépenses d'investissement;39964.73;0.0;0.0;39964.73;0.039964730000000004;211;189.40630331753556;1;;;;;;;;;;;2024;211
2024;Non;75;Nouvelle-Aquitaine;33;Gironde;243300316;Bordeaux Métropole;8;Non;Non;Non;2;Non;33075;Bruges;Commune;213300759;33075;BRUGES;Dépenses d'investissement;7487377.24;0.0;0.0;7487377.24;7.48737724;20437;366.36381269266525;1;;;;;;;;;;;2024;20437
2024;Non;75;Nouvelle-Aquitaine;33;Gironde;200069581;Communauté de communes Convergence Garonne;3;Oui;Non;Non;2;Non;33076;Budos;Commune;213300767;33076;BUDOS;Dépenses d'investissement;61810.82;0.0;0.0;61810.82;0.06181082;828;74.65074879227053;1;;;;;;;;;;;2024;828
2024;Non;75;Nouvelle-Aquitaine;33;Gironde;243301264;Communauté de communes de Montesquieu;4;Oui;Non;Non;2;Non;33077;Cabanac-et-Villagrains;Commune;213300775;33077;CABANAC-ET-VILLAGRAINS;Dépenses d'investissement;625154.37;211237.16;0.0;836391.53;0.83639153;2444;342.2223936170213;1;;;;;;;;;;;2024;2444
2024;Non;75;Nouvelle-Aquitaine;33;Gironde;243301454;Communauté de communes Castillon/Pujols;3;Oui;Non;Non;2;Non;33078;Cabara;Commune;213300783;33078;CABARA;Dépenses d'investissement;194814.38;0.0;0.0;194814.38;0.19481438;506;385.0086561264822;1;;;;;;;;;;;2024;506
2024;Non;75;Nouvelle-Aquitaine;33;Gironde;200070092;Communauté d'agglomération du Libournais;2;Non;Non;Non;2;Non;33079;Cadarsac;Commune;213300791;33079;CADARSAC;Dépenses d'investissement;65175.98;0.0;0.0;65175.98;0.06517598000000001;354;184.11293785310735;1;;;;;;;;;;;2024;354
2024;Non;75;Nouvelle-Aquitaine;33;Gironde;243301264;Communauté de communes de Montesquieu;6;Non;Non;Non;2;Non;33080;Cadaujac;Commune;213300809;33080;CADAUJAC;Dépenses d'investissement;2029441.63;274152.81;0.0;2303594.44;2.30359444;6742;341.67820231385343;1;;;;;;;;;;;2024;6742
2024;Non;75;Nouvelle-Aquitaine;33;Gironde;200069581;Communauté de communes Convergence Garonne;4;Non;Non;Non;1;Non;33081;Cadillac-sur-Garonne;Commune;213300817;33081;CADILLAC SUR GARONNE;Dépenses d'investissement;688092.81;0.0;0.0;688092.81;0.6880928100000001;2812;244.69872332859177;1;;;;;;;;;;;2024;2812
2024;Non;75;Nouvelle-Aquitaine;33;Gironde;243301397;Communauté de communes du Fronsadais;3;Non;Non;Non;2;Non;33082;Cadillac-en-Fronsadais;Commune;213300825;33082;CADILLAC-EN-FRONSADAIS;Dépenses d'investissement;475379.91;0.0;0.0;475379.91;0.47537990999999996;1371;346.7395404814004;1;;;;;;;;;;;2024;1371
2024;Non;75;Nouvelle-Aquitaine;33;Gironde;243301355;Communauté de communes Les Coteaux Bordelais;3;Non;Non;Non;2;Non;33083;Camarsac;Commune;213300833;33083;CAMARSAC;Dépenses d'investissement;150679.77;75225.18;0.0;225904.95;0.22590495000000002;1036;218.05497104247107;1;;;;;;;;;;;2024;1036
2024;Non;75;Nouvelle-Aquitaine;33;Gironde;243301439;Communauté de communes des Portes de l'Entre-Deux-Mers;3;Non;Non;Non;2;Non;33084;Cambes;Commune;213300841;33084;CAMBES;Dépenses d'investissement;1086016.58;0.0;0.0;1086016.58;1.0860165800000001;1829;593.7761509021324;1;;;;;;;;;;;2024;1829
2024;Non;75;Nouvelle-Aquitaine;33;Gironde;243301439;Communauté de communes des Portes de l'Entre-Deux-Mers;4;Non;Non;Non;3;Non;33085;Camblanes-et-Meynac;Commune;213300858;33085;CAMBLANES-ET-MEYNAC;Dépenses d'investissement;1627152.34;0.0;0.0;1627152.34;1.62715234;3238;502.5177084620136;1;;;;;;;;;;;2024;3238
2024;Non;75;Nouvelle-Aquitaine;33;Gironde;243301215;Communauté de communes du Créonnais;2;Oui;Non;Non;2;Non;33086;Camiac-et-Saint-Denis;Commune;213300866;33086;CAMIAC-ET-SAINT-DENIS;Dépenses d'investissement;74576.11;0.0;0.0;74576.11;0.07457611;367;203.20465940054495;1;;;;;;;;;;;2024;367
2024;Non;75;Nouvelle-Aquitaine;33;Gironde;200044394;Communauté de communes du Réolais en Sud Gironde;2;Non;Non;Non;1;Non;33087;Camiran;Commune;213300874;33087;CAMIRAN;Dépenses d'investissement;30733.31;0.0;0.0;30733.31;0.03073331;420;73.17454761904762;1;;;;;;;;;;;2024;420
2024;Non;75;Nouvelle-Aquitaine;33;Gironde;200070092;Communauté d'agglomération du Libournais;3;Non;Non;Non;1;Non;33088;Camps-sur-l'Isle;Commune;213300882;33088;CAMPS-SUR-L'ISLE;Dépenses d'investissement;751386.56;0.0;0.0;751386.56;0.75138656;629;1194.5732273449921;1;;;;;;;;;;;2024;629
2024;Non;75;Nouvelle-Aquitaine;33;Gironde;200023794;Communauté de communes de Blaye;3;Oui;Non;Non;1;Non;33089;Campugnan;Commune;213300890;33089;CAMPUGNAN;Dépenses d'investissement;220024.58;0.0;0.0;220024.58;0.22002458;519;423.9394605009634;1;;;;;;;;;;;2024;519
2024;Non;75;Nouvelle-Aquitaine;33;Gironde;243301165;Communauté de communes Jalle-Eau-Bourde;6;Non;Non;Non;2;Non;33090;Canéjan;Commune;213300908;33090;CANEJAN;Dépenses d'investissement;1953605.44;575666.88;0.0;2529272.32;2.52927232;5994;421.9673540206873;1;;;;;;;;;;;2024;5994
2024;Non;75;Nouvelle-Aquitaine;33;Gironde;243301215;Communauté de communes du Créonnais;3;Oui;Non;Non;2;Non;33093;Capian;Commune;213300932;33093;CAPIAN;Dépenses d'investissement;103839.0;0.0;0.0;103839.0;0.103839;796;130.45100502512562;1;;;;;;;;;;;2024;796
2024;Non;75;Nouvelle-Aquitaine;33;Gironde;243301371;Communauté de communes du Pays Foyen;2;Oui;Non;Non;2;Non;33094;Caplong;Commune;213300940;33094;CAPLONG;Dépenses d'investissement;83791.28;0.0;0.0;83791.28;0.08379128;239;350.59112970711294;1;;;;;;;;;;;2024;239
2024;Non;75;Nouvelle-Aquitaine;33;Gironde;200043982;Communauté de communes du Bazadais;3;Oui;Non;Non;2;Non;33095;Captieux;Commune;213300957;33095;CAPTIEUX;Dépenses d'investissement;285337.27;172770.43;114000.0;344107.7;0.3441077;1356;253.76674041297937;1;;;;;;;;;;;2024;1356
2024;Non;75;Nouvelle-Aquitaine;33;Gironde;243300316;Bordeaux Métropole;6;Non;Non;Non;2;Non;33096;Carbon-Blanc;Commune;213300965;33096;CARBON-BLANC;Dépenses d'investissement;2550763.67;0.0;0.0;2550763.67;2.55076367;8386;304.1692904841402;1;;;;;;;;;;;2024;8386
2024;Non;75;Nouvelle-Aquitaine;33;Gironde;200070720;Communauté de communes Médoc Atlantique;4;Oui;Non;Oui;3;Non;33097;Carcans;Commune;213300973;33097;CARCANS;Dépenses d'investissement;3335401.81;557640.53;0.0;3893042.34;3.89304234;2454;1586.4068215158923;1;;;;;;;;;;;2024;2454
2024;Non;75;Nouvelle-Aquitaine;33;Gironde;200069581;Communauté de communes Convergence Garonne;3;Oui;Non;Non;2;Non;33098;Cardan;Commune;213300981;33098;CARDAN;Dépenses d'investissement;64858.47;0.0;0.0;64858.47;0.06485847;520;124.72782692307692;1;;;;;;;;;;;2024;520
2024;Non;75;Nouvelle-Aquitaine;33;Gironde;243301355;Communauté de communes Les Coteaux Bordelais;5;Non;Non;Non;3;Non;33099;Carignan-de-Bordeaux;Commune;213300999;33099;CARIGNAN-DE-BORDEAUX;Dépenses d'investissement;1353440.16;7600.0;0.0;1361040.16;1.36104016;4282;317.85150864082203;1;;;;;;;;;;;2024;4282
2024;Non;75;Nouvelle-Aquitaine;33;Gironde;200023794;Communauté de communes de Blaye;3;Non;Non;Non;2;Non;33100;Cars;Commune;213301005;33100;CARS;Dépenses d'investissement;518475.46;0.0;0.0;518475.46;0.51847546;1232;420.8404707792208;1;;;;;;;;;;;2024;1232
2024;Non;75;Nouvelle-Aquitaine;33;Gironde;243300811;Communauté de communes de l'Estuaire;3;Non;Non;Non;1;Non;33101;Cartelègue;Commune;213301013;33101;CARTELEGUE;Dépenses d'investissement;202838.05;48856.78;0.0;251694.83;0.25169483;1286;195.71915241057542;1;;;;;;;;;;;2024;1286
2024;Non;75;Nouvelle-Aquitaine;33;Gironde;200044394;Communauté de communes du Réolais en Sud Gironde;2;Non;Non;Non;1;Non;33102;Casseuil;Commune;213301021;33102;CASSEUIL;Dépenses d'investissement;55896.25;0.0;0.0;55896.25;0.05589625;378;147.87367724867724;1;;;;;;;;;;;2024;378
2024;Non;75;Nouvelle-Aquitaine;33;Gironde;200069599;Communauté de communes rurales de l'Entre-Deux-Mers;0;Oui;Non;Non;1;Non;33103;Castelmoron-d'Albret;Commune;213301039;33103;CASTELMORON-D'ALBRET;Dépenses d'investissement;17903.05;0.0;0.0;17903.05;0.01790305;53;337.7933962264151;1;;;;;;;;;;;2024;53
2024;Non;75;Nouvelle-Aquitaine;33;Gironde;243301389;Communauté de communes Médullienne;5;Non;Non;Non;2;Non;33104;Castelnau-de-Médoc;Commune;213301047;33104;CASTELNAU-MEDOC;Dépenses d'investissement;1816525.5;0.0;0.0;1816525.5;1.8165255;4899;370.79516227801594;1;;;;;;;;;;;2024;4899
2024;Non;75;Nouvelle-Aquitaine;33;Gironde;200069599;Communauté de communes rurales de l'Entre-Deux-Mers;2;Oui;Non;Non;1;Non;33105;Castelviel;Commune;213301054;33105;CASTELVIEL;Dépenses d'investissement;6224.95;0.0;0.0;6224.95;0.00622495;214;29.088551401869157;1;;;;;;;;;;;2024;214
2024;Non;75;Nouvelle-Aquitaine;33;Gironde;243301454;Communauté de communes Castillon/Pujols;4;Non;Non;Non;1;Non;33108;Castillon-la-Bataille;Commune;213301088;33108;CASTILLON-LA-BATAILLE;Dépenses d'investissement;2073099.29;0.0;0.0;2073099.29;2.07309929;3305;627.2615098335855;1;;;;;;;;;;;2024;3305
2024;Non;75;Nouvelle-Aquitaine;33;Gironde;243301264;Communauté de communes de Montesquieu;4;Non;Non;Non;2;Non;33109;Castres-Gironde;Commune;213301096;33109;CASTRES-GIRONDE;Dépenses d'investissement;1163771.46;0.0;0.0;1163771.46;1.16377146;2611;445.7186748372271;1;;;;;;;;;;;2024;2611
2024;Non;75;Nouvelle-Aquitaine;33;Gironde;200044394;Communauté de communes du Réolais en Sud Gironde;3;Non;Non;Oui;1;Non;33111;Caudrot;Commune;213301112;33111;CAUDROT;Dépenses d'investissement;1028642.9;12636.2;0.0;1041279.1;1.0412791;1120;929.7134821428572;1;;;;;;;;;;;2024;1120
2024;Non;75;Nouvelle-Aquitaine;33;Gironde;200069599;Communauté de communes rurales de l'Entre-Deux-Mers;1;Oui;Non;Non;1;Non;33112;Caumont;Commune;213301120;33112;CAUMONT;Dépenses d'investissement;194829.01;13595.1;0.0;208424.11;0.20842411;139;1499.4540287769782;1;;;;;;;;;;;2024;139
2024;Non;75;Nouvelle-Aquitaine;33;Gironde;200043982;Communauté de communes du Bazadais;1;Oui;Non;Non;2;Non;33113;Cauvignac;Commune;213301138;33113;CAUVIGNAC;Dépenses d'investissement;75770.55;0.0;0.0;75770.55;0.07577055;146;518.9763698630137;1;;;;;;;;;;;2024;146
2024;Non;75;Nouvelle-Aquitaine;33;Gironde;243301181;Communauté de communes Latitude Nord Gironde;4;Non;Non;Non;1;Non;33114;Cavignac;Commune;213301146;33114;CAVIGNAC;Dépenses d'investissement;969257.67;19719.0;0.0;988976.67;0.98897667;2404;411.38796589018307;1;;;;;;;;;;;2024;2404
2024;Non;75;Nouvelle-Aquitaine;33;Gironde;200043974;Communauté de communes du Sud Gironde;2;Oui;Non;Non;2;Non;33115;Cazalis;Commune;213301153;33115;CAZALIS;Dépenses d'investissement;20668.29;0.0;0.0;20668.29;0.020668290000000002;243;85.0546913580247;1;;;;;;;;;;;2024;243
2024;Non;75;Nouvelle-Aquitaine;33;Gironde;200043982;Communauté de communes du Bazadais;2;Oui;Non;Non;2;Non;33116;Cazats;Commune;213301161;33116;CAZATS;Dépenses d'investissement;110765.77;0.0;0.0;110765.77;0.11076577;406;272.8220935960591;1;;;;;;;;;;;2024;406
2024;Non;75;Nouvelle-Aquitaine;33;Gironde;200069599;Communauté de communes rurales de l'Entre-Deux-Mers;2;Oui;Non;Non;1;Non;33117;Cazaugitat;Commune;213301179;33117;CAZAUGITAT;Dépenses d'investissement;22421.83;0.0;0.0;22421.83;0.02242183;216;103.80476851851853;1;;;;;;;;;;;2024;216
2024;Non;75;Nouvelle-Aquitaine;33;Gironde;243301439;Communauté de communes des Portes de l'Entre-Deux-Mers;4;Non;Non;Non;3;Non;33118;Cénac;Commune;213301187;33118;CENAC;Dépenses d'investissement;1781606.17;18526.58;0.0;1800132.75;1.80013275;2167;830.7026995846793;1;;;;;;;;;;;2024;2167
2024;Non;75;Nouvelle-Aquitaine;33;Gironde;243300316;Bordeaux Métropole;8;Non;Non;Non;1;Oui;33119;Cenon;Commune;213301195;33119;CENON;Dépenses d'investissement;6114487.15;488425.78;185900.0;6417012.93;6.417012929999999;27014;237.54397460575996;1;;;;;;;;;;;2024;27014
2024;Non;75;Nouvelle-Aquitaine;33;Gironde;200069581;Communauté de communes Convergence Garonne;4;Non;Non;Non;1;Non;33120;Cérons;Commune;213301203;33120;CERONS;Dépenses d'investissement;657924.62;0.0;0.0;657924.62;0.65792462;2173;302.77248964565115;1;;;;;;;;;;;2024;2173
2024;Non;75;Nouvelle-Aquitaine;33;Gironde;200069599;Communauté de communes rurales de l'Entre-Deux-Mers;1;Oui;Non;Oui;2;Non;33121;Cessac;Commune;213301211;33121;CESSAC;Dépenses d'investissement;40053.56;0.0;0.0;40053.56;0.040053559999999995;198;202.29070707070707;1;;;;;;;;;;;2024;198
2024;Non;75;Nouvelle-Aquitaine;33;Gironde;243301165;Communauté de communes Jalle-Eau-Bourde;7;Non;Non;Non;3;Non;33122;Cestas;Commune;213301229;33122;CESTAS;Dépenses d'investissement;4391349.25;1066465.47;400000.0;5057814.72;5.05781472;17070;296.298460456942;1;;;;;;;;;;;2024;17070
2024;Non;75;Nouvelle-Aquitaine;33;Gironde;243301181;Communauté de communes Latitude Nord Gironde;4;Non;Non;Non;1;Non;33123;Cézac;Commune;213301237;33123;CEZAC;Dépenses d'investissement;1085891.28;0.0;0.0;1085891.28;1.08589128;2728;398.05398826979473;1;;;;;;;;;;;2024;2728
2024;Non;75;Nouvelle-Aquitaine;33;Gironde;200070092;Communauté d'agglomération du Libournais;3;Oui;Non;Non;1;Non;33124;Chamadelle;Commune;213301245;33124;CHAMADELLE;Dépenses d'investissement;371280.25;0.0;0.0;371280.25;0.37128025;737;503.7723880597015;1;;;;;;;;;;;2024;737
2024;Non;75;Nouvelle-Aquitaine;33;Gironde;200069995;Communauté de communes Médoc Cœur de Presqu'île;4;Oui;Non;Non;2;Non;33125;Cissac-Médoc;Commune;213301252;33125;CISSAC-MEDOC;Dépenses d'investissement;614376.98;0.0;0.0;614376.98;0.61437698;2292;268.05278359511345;1;;;;;;;;;;;2024;2292
2024;Non;75;Nouvelle-Aquitaine;33;Gironde;243301181;Communauté de communes Latitude Nord Gironde;3;Oui;Non;Non;1;Non;33126;Civrac-de-Blaye;Commune;213301260;33126;CIVRAC-DE-BLAYE;Dépenses d'investissement;1354878.0;9782.79;0.0;1364660.79;1.36466079;835;1634.3242994011975;1;;;;;;;;;;;2024;835
2024;Non;75;Nouvelle-Aquitaine;33;Gironde;243301454;Communauté de communes Castillon/Pujols;2;Oui;Non;Non;2;Non;33127;Civrac-sur-Dordogne;Commune;213301278;33127;CIVRAC-SUR-DORDOGNE;Dépenses d'investissement;28694.45;0.0;0.0;28694.45;0.02869445;220;130.4293181818182;1;;;;;;;;;;;2024;220
2024;Non;75;Nouvelle-Aquitaine;33;Gironde;200069995;Communauté de communes Médoc Cœur de Presqu'île;3;Oui;Non;Non;1;Non;33128;Civrac-en-Médoc;Commune;213301286;33128;CIVRAC-EN-MEDOC;Dépenses d'investissement;130268.19;0.0;0.0;130268.19;0.13026819;653;199.49186830015313;1;;;;;;;;;;;2024;653
2024;Non;75;Nouvelle-Aquitaine;33;Gironde;200069599;Communauté de communes rurales de l'Entre-Deux-Mers;1;Oui;Non;Non;1;Non;33129;Cleyrac;Commune;213301294;33129;CLEYRAC;Dépenses d'investissement;17023.12;0.0;0.0;17023.12;0.01702312;151;112.73589403973509;1;;;;;;;;;;;2024;151
2024;Non;75;Nouvelle-Aquitaine;33;Gironde;200043974;Communauté de communes du Sud Gironde;3;Oui;Non;Non;2;Non;33130;Coimères;Commune;213301302;33130;COIMERES;Dépenses d'investissement;69500.96;0.0;0.0;69500.96;0.06950096;1100;63.182690909090915;1;;;;;;;;;;;2024;1100
2024;Non;75;Nouvelle-Aquitaine;33;Gironde;200069599;Communauté de communes rurales de l'Entre-Deux-Mers;2;Oui;Non;Non;1;Non;33131;Coirac;Commune;213301310;33131;COIRAC;Dépenses d'investissement;142712.41;0.0;0.0;142712.41;0.14271241;217;657.6608755760369;1;;;;;;;;;;;2024;217
2024;Non;75;Nouvelle-Aquitaine;33;Gironde;200023794;Communauté de communes de Blaye;3;Non;Non;Non;2;Non;33132;Comps;Commune;213301328;33132;COMPS;Dépenses d'investissement;232279.48;0.0;0.0;232279.48;0.23227948;554;419.2770397111914;1;;;;;;;;;;;2024;554
2024;Non;75;Nouvelle-Aquitaine;33;Gironde;243301454;Communauté de communes Castillon/Pujols;0;Oui;Non;Non;2;Non;33133;Coubeyrac;Commune;213301336;33133;COUBEYRAC;Dépenses d'investissement;0.0;0.0;0.0;0.0;0.0;71;0.0;1;;;;;;;;;;;2024;71
2024;Non;75;Nouvelle-Aquitaine;33;Gironde;200069995;Communauté de communes Médoc Cœur de Presqu'île;2;Oui;Non;Non;1;Non;33134;Couquèques;Commune;213301344;33134;COUQUEQUES;Dépenses d'investissement;93859.92;0.0;0.0;93859.92;0.09385992;273;343.80923076923074;1;;;;;;;;;;;2024;273
2024;Non;75;Nouvelle-Aquitaine;33;Gironde;200069599;Communauté de communes rurales de l'Entre-Deux-Mers;1;Oui;Non;Oui;1;Non;33135;Courpiac;Commune;213301351;33135;COURPIAC;Dépenses d'investissement;8643.24;0.0;0.0;8643.24;0.00864324;124;69.70354838709677;1;;;;;;;;;;;2024;124
2024;Non;75;Nouvelle-Aquitaine;33;Gironde;200069599;Communauté de communes rurales de l'Entre-Deux-Mers;2;Oui;Non;Non;1;Non;33136;Cours-de-Monségur;Commune;213301369;33136;COURS-DE-MONSEGUR;Dépenses d'investissement;135124.86;0.0;0.0;135124.86;0.13512485999999999;260;519.7109999999999;1;;;;;;;;;;;2024;260
2024;Non;75;Nouvelle-Aquitaine;33;Gironde;200043982;Communauté de communes du Bazadais;2;Oui;Non;Non;1;Non;33137;Cours-les-Bains;Commune;213301377;33137;COURS-LES-BAINS;Dépenses d'investissement;35863.69;0.0;0.0;35863.69;0.035863690000000004;222;161.54815315315315;1;;;;;;;;;;;2024;222
2024;Non;75;Nouvelle-Aquitaine;33;Gironde;200070092;Communauté d'agglomération du Libournais;6;Non;Non;Non;1;Oui;33138;Coutras;Commune;213301385;33138;COUTRAS;Dépenses d'investissement;6154123.97;0.0;67500.0;6086623.97;6.08662397;8795;692.0550278567367;1;;;;;;;;;;;2024;8795
2024;Non;75;Nouvelle-Aquitaine;33;Gironde;200069599;Communauté de communes rurales de l'Entre-Deux-Mers;0;Oui;Non;Non;1;Non;33139;Coutures;Commune;213301393;33139;COUTURES-SUR-DROPT;Dépenses d'investissement;16669.44;0.0;0.0;16669.44;0.016669439999999997;96;173.64;1;;;;;;;;;;;2024;96
2024;Non;75;Nouvelle-Aquitaine;33;Gironde;243301215;Communauté de communes du Créonnais;5;Non;Non;Non;1;Non;33140;Créon;Commune;213301401;33140;CREON;Dépenses d'investissement;1017442.51;0.0;0.0;1017442.51;1.01744251;4985;204.10080441323973;1;;;;;;;;;;;2024;4985
2024;Non;75;Nouvelle-Aquitaine;33;Gironde;243301355;Communauté de communes Les Coteaux Bordelais;3;Non;Non;Non;2;Non;33141;Croignon;Commune;213301419;33141;CROIGNON;Dépenses d'investissement;190291.06;548412.89;0.0;738703.95;0.73870395;744;992.8816532258064;1;;;;;;;;;;;2024;744
2024;Non;75;Nouvelle-Aquitaine;33;Gironde;243301181;Communauté de communes Latitude Nord Gironde;3;Non;Non;Non;1;Non;33142;Cubnezais;Commune;213301427;33142;CUBNEZAIS;Dépenses d'investissement;364234.26;0.0;0.0;364234.26;0.36423426000000003;1825;199.58041643835617;1;;;;;;;;;;;2024;1825
2024;Non;75;Nouvelle-Aquitaine;33;Gironde;243301223;Communauté de communes du Grand Cubzaguais;4;Non;Non;Non;1;Non;33143;Cubzac-les-Ponts;Commune;213301435;33143;CUBZAC-LES-PONTS;Dépenses d'investissement;1485957.41;14266.68;0.0;1500224.09;1.5002240900000001;2620;572.6046145038168;1;;;;;;;;;;;2024;2620
2024;Non;75;Nouvelle-Aquitaine;33;Gironde;200043982;Communauté de communes du Bazadais;3;Oui;Non;Non;1;Non;33144;Cudos;Commune;213301443;33144;CUDOS;Dépenses d'investissement;79961.28;0.0;0.0;79961.28;0.07996128;920;86.9144347826087;1;;;;;;;;;;;2024;920
2024;Non;75;Nouvelle-Aquitaine;33;Gironde;243301215;Communauté de communes du Créonnais;3;Oui;Non;Non;2;Non;33145;Cursan;Commune;213301450;33145;CURSAN;Dépenses d'investissement;476955.88;8989.92;0.0;485945.8;0.4859458;683;711.4872620790629;1;;;;;;;;;;;2024;683
2024;Non;75;Nouvelle-Aquitaine;33;Gironde;243301447;Communauté de communes Médoc Estuaire;4;Non;Non;Non;1;Non;33146;Cussac-Fort-Médoc;Commune;213301468;33146;CUSSAC-FORT-MEDOC;Dépenses d'investissement;1008600.11;59826.11;0.0;1068426.22;1.0684262199999999;2401;444.99217825905873;1;;;;;;;;;;;2024;2401
2024;Non;75;Nouvelle-Aquitaine;33;Gironde;200070092;Communauté d'agglomération du Libournais;2;Oui;Non;Non;1;Non;33147;Daignac;Commune;213301476;33147;DAIGNAC;Dépenses d'investissement;35251.37;0.0;0.0;35251.37;0.035251370000000004;478;73.7476359832636;1;;;;;;;;;;;2024;478
2024;Non;75;Nouvelle-Aquitaine;33;Gironde;200070092;Communauté d'agglomération du Libournais;0;Oui;Non;Non;2;Non;33148;Dardenac;Commune;213301484;33148;DARDENAC;Dépenses d'investissement;32528.79;0.0;0.0;32528.79;0.03252879;95;342.4083157894737;1;;;;;;;;;;;2024;95
2024;Non;75;Nouvelle-Aquitaine;33;Gironde;200069599;Communauté de communes rurales de l'Entre-Deux-Mers;1;Oui;Non;Non;1;Non;33149;Daubèze;Commune;213301492;33149;DAUBEZE;Dépenses d'investissement;32860.5;0.0;0.0;32860.5;0.0328605;155;212.0032258064516;1;;;;;;;;;;;2024;155
2024;Non;75;Nouvelle-Aquitaine;33;Gironde;200069599;Communauté de communes rurales de l'Entre-Deux-Mers;2;Oui;Non;Non;1;Non;33150;Dieulivol;Commune;213301500;33150;DIEULIVOL;Dépenses d'investissement;304004.74;0.0;0.0;304004.74;0.30400474;342;888.9027485380117;1;;;;;;;;;;;2024;342
2024;Non;75;Nouvelle-Aquitaine;33;Gironde;243301181;Communauté de communes Latitude Nord Gironde;3;Oui;Non;Non;1;Non;33151;Donnezac;Commune;213301518;33151;DONNEZAC;Dépenses d'investissement;222472.92;83346.3;0.0;305819.22;0.30581921999999995;937;326.3812379935965;1;;;;;;;;;;;2024;937
2024;Non;75;Nouvelle-Aquitaine;33;Gironde;200069581;Communauté de communes Convergence Garonne;1;Oui;Non;Non;2;Non;33152;Donzac;Commune;213301526;33152;DONZAC;Dépenses d'investissement;74913.07;0.0;0.0;74913.07;0.07491307000000001;124;604.1376612903226;1;;;;;;;;;;;2024;124
2024;Non;75;Nouvelle-Aquitaine;33;Gironde;243301454;Communauté de communes Castillon/Pujols;2;Oui;Non;Non;3;Non;33153;Doulezon;Commune;213301534;33153;DOULEZON;Dépenses d'investissement;241120.42;0.0;0.0;241120.42;0.24112042;272;886.4721323529412;1;;;;;;;;;;;2024;272
2024;Non;75;Nouvelle-Aquitaine;33;Gironde;200070092;Communauté d'agglomération du Libournais;4;Non;Non;Non;1;Non;33154;Les Églisottes-et-Chalaures;Commune;213301542;33154;LES EGLISOTTES ET CHALAURES;Dépenses d'investissement;1510348.75;0.0;0.0;1510348.75;1.51034875;2249;671.5645842596709;1;;;;;;;;;;;2024;2249
2024;Non;75;Nouvelle-Aquitaine;33;Gironde;200043982;Communauté de communes du Bazadais;1;Oui;Non;Non;1;Non;33155;Escaudes;Commune;213301559;33155;ESCAUDES;Dépenses d'investissement;79436.21;0.0;0.0;79436.21;0.07943621000000001;165;481.4315757575758;1;;;;;;;;;;;2024;165
2024;Non;75;Nouvelle-Aquitaine;33;Gironde;200069581;Communauté de communes Convergence Garonne;2;Oui;Non;Oui;1;Non;33156;Escoussans;Commune;213301567;33156;ESCOUSSANS;Dépenses d'investissement;153967.46;0.0;0.0;153967.46;0.15396746;283;544.054628975265;1;;;;;;;;;;;2024;283
2024;Non;75;Nouvelle-Aquitaine;33;Gironde;200070092;Communauté d'agglomération du Libournais;3;Oui;Non;Non;1;Non;33157;Espiet;Commune;213301575;33157;ESPIET;Dépenses d'investissement;143646.9;0.0;0.0;143646.9;0.1436469;775;185.35083870967742;1;;;;;;;;;;;2024;775
2024;Non;75;Nouvelle-Aquitaine;33;Gironde;200044394;Communauté de communes du Réolais en Sud Gironde;2;Oui;Non;Non;1;Non;33158;Les Esseintes;Commune;213301583;33158;LES ESSEINTES;Dépenses d'investissement;138459.93;0.0;0.0;138459.93;0.13845992999999998;247;560.5665182186234;1;;;;;;;;;;;2024;247
2024;Non;75;Nouvelle-Aquitaine;33;Gironde;243300811;Communauté de communes de l'Estuaire;3;Oui;Non;Non;1;Non;33159;Étauliers;Commune;213301591;33159;ETAULIERS;Dépenses d'investissement;331179.34;0.0;0.0;331179.34;0.33117934000000004;1546;214.2169081500647;1;;;;;;;;;;;2024;1546
2024;Non;75;Nouvelle-Aquitaine;33;Gironde;243301371;Communauté de communes du Pays Foyen;3;Oui;Non;Non;1;Non;33160;Eynesse;Commune;213301609;33160;EYNESSE;Dépenses d'investissement;89139.48;0.0;0.0;89139.48;0.08913948;617;144.472414910859;1;;;;;;;;;;;2024;617
2024;Non;75;Nouvelle-Aquitaine;33;Gironde;243300811;Communauté de communes de l'Estuaire;3;Oui;Non;Non;1;Non;33161;Eyrans;Commune;213301617;33161;EYRANS;Dépenses d'investissement;166293.45;31031.17;0.0;197324.62;0.19732462;759;259.97973649538864;1;;;;;;;;;;;2024;759
2024;Non;75;Nouvelle-Aquitaine;33;Gironde;243300316;Bordeaux Métropole;8;Non;Non;Non;2;Oui;33162;Eysines;Commune;213301625;33162;EYSINES;Dépenses d'investissement;9666144.7;0.0;0.0;9666144.7;9.666144699999998;24691;391.48453687578467;1;;;;;;;;;;;2024;24691
2024;Non;75;Nouvelle-Aquitaine;33;Gironde;200069599;Communauté de communes rurales de l'Entre-Deux-Mers;2;Oui;Non;Oui;2;Non;33163;Faleyras;Commune;213301633;33163;FALEYRAS;Dépenses d'investissement;20871.35;0.0;0.0;20871.35;0.020871349999999997;435;47.98011494252873;1;;;;;;;;;;;2024;435
2024;Non;75;Nouvelle-Aquitaine;33;Gironde;200043974;Communauté de communes du Sud Gironde;3;Non;Non;Non;2;Non;33164;Fargues;Commune;213301641;33164;FARGUES-DE-LANGON;Dépenses d'investissement;419713.37;0.0;0.0;419713.37;0.41971337;1638;256.23526862026864;1;;;;;;;;;;;2024;1638
2024;Non;75;Nouvelle-Aquitaine;33;Gironde;243301355;Communauté de communes Les Coteaux Bordelais;4;Non;Non;Non;2;Non;33165;Fargues-Saint-Hilaire;Commune;213301658;33165;FARGUES-SAINT-HILAIRE;Dépenses d'investissement;877259.43;291558.31;0.0;1168817.74;1.16881774;3430;340.7631895043732;1;;;;;;;;;;;2024;3430
2024;Non;75;Nouvelle-Aquitaine;33;Gironde;200070092;Communauté d'agglomération du Libournais;3;Oui;Non;Non;1;Non;33166;Le Fieu;Commune;213301666;33166;LE FIEU;Dépenses d'investissement;229340.7;0.0;0.0;229340.7;0.2293407;501;457.76586826347307;1;;;;;;;;;;;2024;501
2024;Non;75;Nouvelle-Aquitaine;33;Gironde;243300316;Bordeaux Métropole;7;Non;Non;Non;1;Oui;33167;Floirac;Commune;213301674;33167;FLOIRAC;Dépenses d'investissement;6286522.76;0.0;0.0;6286522.76;6.2865227599999995;17877;351.6542350506237;1;;;;;;;;;;;2024;17877
2024;Non;75;Nouvelle-Aquitaine;33;Gironde;243301454;Communauté de communes Castillon/Pujols;3;Oui;Non;Non;1;Non;33168;Flaujagues;Commune;213301682;33168;FLAUJAGUES;Dépenses d'investissement;140492.95;0.0;0.0;140492.95;0.14049295;611;229.93936170212768;1;;;;;;;;;;;2024;611
2024;Non;75;Nouvelle-Aquitaine;33;Gironde;200044394;Communauté de communes du Réolais en Sud Gironde;1;Oui;Non;Non;1;Non;33169;Floudès;Commune;213301690;33169;FLOUDES;Dépenses d'investissement;91249.97;0.0;0.0;91249.97;0.09124997;112;814.7318750000001;1;;;;;;;;;;;2024;112
2024;Non;75;Nouvelle-Aquitaine;33;Gironde;200044394;Communauté de communes du Réolais en Sud Gironde;3;Oui;Non;Non;1;Non;33170;Fontet;Commune;213301708;33170;FONTET;Dépenses d'investissement;290333.04;0.0;0.0;290333.04;0.29033304;776;374.1405154639175;1;;;;;;;;;;;2024;776
2024;Non;75;Nouvelle-Aquitaine;33;Gironde;200044394;Communauté de communes du Réolais en Sud Gironde;2;Oui;Non;Non;1;Non;33171;Fossès-et-Baleyssac;Commune;213301716;33171;FOSSES-ET-BALEYSSAC;Dépenses d'investissement;93363.73;0.0;0.0;93363.73;0.09336372999999999;232;402.42987068965516;1;;;;;;;;;;;2024;232
2024;Non;75;Nouvelle-Aquitaine;33;Gironde;200023794;Communauté de communes de Blaye;2;Non;Non;Non;2;Non;33172;Fours;Commune;213301724;33172;FOURS;Dépenses d'investissement;407891.05;0.0;0.0;407891.05;0.40789105;282;1446.4221631205673;1;;;;;;;;;;;2024;282
2024;Non;75;Nouvelle-Aquitaine;33;Gironde;200035533;Communauté de communes du Grand Saint-Émilionnais;1;Oui;Non;Non;2;Non;33173;Francs;Commune;213301732;33173;FRANCS;Dépenses d'investissement;58450.38;0.0;0.0;58450.38;0.058450379999999996;188;310.90627659574466;1;;;;;;;;;;;2024;188
2024;Non;75;Nouvelle-Aquitaine;33;Gironde;243301397;Communauté de communes du Fronsadais;3;Oui;Non;Non;2;Non;33174;Fronsac;Commune;213301740;33174;FRONSAC;Dépenses d'investissement;603871.44;0.0;0.0;603871.44;0.6038714399999999;1153;523.7393235039028;1;;;;;;;;;;;2024;1153
2024;Non;75;Nouvelle-Aquitaine;33;Gironde;200069599;Communauté de communes rurales de l'Entre-Deux-Mers;3;Oui;Non;Oui;1;Non;33175;Frontenac;Commune;213301757;33175;FRONTENAC;Dépenses d'investissement;324452.69;0.0;0.0;324452.69;0.32445269;776;418.1091365979382;1;;;;;;;;;;;2024;776
2024;Non;75;Nouvelle-Aquitaine;33;Gironde;200069581;Communauté de communes Convergence Garonne;2;Oui;Non;Non;2;Non;33176;Gabarnac;Commune;213301765;33176;GABARNAC;Dépenses d'investissement;702625.57;0.0;0.0;702625.57;0.7026255699999999;363;1935.6076308539944;1;;;;;;;;;;;2024;363
2024;Non;75;Nouvelle-Aquitaine;33;Gironde;200069995;Communauté de communes Médoc Cœur de Presqu'île;4;Non;Non;Non;2;Non;33177;Gaillan-en-Médoc;Commune;213301773;33177;GAILLAN-EN-MEDOC;Dépenses d'investissement;485453.89;0.0;0.0;485453.89;0.48545389;2407;201.6842085583714;1;;;;;;;;;;;2024;2407
2024;Non;75;Nouvelle-Aquitaine;33;Gironde;200043982;Communauté de communes du Bazadais;2;Oui;Non;Non;2;Non;33178;Gajac;Commune;213301781;33178;GAJAC;Dépenses d'investissement;28177.84;0.0;0.0;28177.84;0.02817784;377;74.74228116710876;1;;;;;;;;;;;2024;377
2024;Non;75;Nouvelle-Aquitaine;33;Gironde;243301397;Communauté de communes du Fronsadais;4;Non;Non;Non;2;Non;33179;Galgon;Commune;213301799;33179;GALGON;Dépenses d'investissement;911459.91;0.0;0.0;911459.91;0.91145991;3115;292.60350240770464;1;;;;;;;;;;;2024;3115
2024;Non;75;Nouvelle-Aquitaine;33;Gironde;200043982;Communauté de communes du Bazadais;2;Oui;Non;Non;1;Non;33180;Gans;Commune;213301807;33180;GANS;Dépenses d'investissement;48346.52;0.0;0.0;48346.52;0.04834652;204;236.9927450980392;1;;;;;;;;;;;2024;204
2024;Non;75;Nouvelle-Aquitaine;33;Gironde;200035533;Communauté de communes du Grand Saint-Émilionnais;2;Oui;Non;Non;3;Non;33181;Gardegan-et-Tourtirac;Commune;213301815;33181;GARDEGAN-ET-TOURTIRAC;Dépenses d'investissement;82727.79;0.0;0.0;82727.79;0.08272779;280;295.4563928571428;1;;;;;;;;;;;2024;280
2024;Non;75;Nouvelle-Aquitaine;33;Gironde;200023794;Communauté de communes de Blaye;3;Non;Non;Non;2;Non;33182;Gauriac;Commune;213301823;33182;GAURIAC;Dépenses d'investissement;201871.42;0.0;0.0;201871.42;0.20187142000000002;729;276.9155281207133;1;;;;;;;;;;;2024;729
2024;Non;75;Nouvelle-Aquitaine;33;Gironde;243301223;Communauté de communes du Grand Cubzaguais;3;Non;Non;Non;1;Non;33183;Gauriaguet;Commune;213301831;33183;GAURIAGUET;Dépenses d'investissement;154306.13;0.0;0.0;154306.13;0.15430613;1494;103.2838888888889;1;;;;;;;;;;;2024;1494
2024;Non;75;Nouvelle-Aquitaine;33;Gironde;200023794;Communauté de communes de Blaye;3;Oui;Non;Non;2;Non;33184;Générac;Commune;213301849;33184;GENERAC;Dépenses d'investissement;71557.55;0.0;0.0;71557.55;0.07155755;563;127.10044404973358;1;;;;;;;;;;;2024;563
2024;Non;75;Nouvelle-Aquitaine;33;Gironde;200070092;Communauté d'agglomération du Libournais;4;Oui;Non;Non;2;Non;33185;Génissac;Commune;213301856;33185;GENISSAC;Dépenses d'investissement;990534.38;0.0;0.0;990534.38;0.99053438;2044;484.60586105675145;1;;;;;;;;;;;2024;2044
2024;Non;75;Nouvelle-Aquitaine;33;Gironde;243301454;Communauté de communes Castillon/Pujols;3;Oui;Non;Non;1;Non;33186;Gensac;Commune;213301864;33186;GENSAC;Dépenses d'investissement;197206.6;0.0;0.0;197206.6;0.1972066;701;281.3218259629101;1;;;;;;;;;;;2024;701
2024;Non;75;Nouvelle-Aquitaine;33;Gironde;200044394;Communauté de communes du Réolais en Sud Gironde;3;Non;Non;Non;1;Non;33187;Gironde-sur-Dropt;Commune;213301872;33187;GIRONDE-SUR-DROPT;Dépenses d'investissement;641209.13;415514.27;0.0;1056723.4;1.0567233999999999;1333;792.7407351837959;1;;;;;;;;;;;2024;1333
2024;Non;75;Nouvelle-Aquitaine;33;Gironde;200043982;Communauté de communes du Bazadais;1;Oui;Non;Non;1;Non;33188;Giscos;Commune;213301880;33188;GISCOS;Dépenses d'investissement;61981.78;0.0;0.0;61981.78;0.06198178;186;333.23537634408603;1;;;;;;;;;;;2024;186
2024;Non;75;Nouvelle-Aquitaine;33;Gironde;200069599;Communauté de communes rurales de l'Entre-Deux-Mers;2;Oui;Non;Non;1;Non;33189;Gornac;Commune;213301898;33189;GORNAC;Dépenses d'investissement;70899.18;0.0;0.0;70899.18;0.07089917999999999;449;157.90463251670377;1;;;;;;;;;;;2024;449
2024;Non;75;Nouvelle-Aquitaine;33;Gironde;200043982;Communauté de communes du Bazadais;0;Oui;Non;Non;2;Non;33190;Goualade;Commune;213301906;33190;GOUALADE;Dépenses d'investissement;48350.94;0.0;0.0;48350.94;0.04835094;96;503.65562500000004;1;;;;;;;;;;;2024;96
2024;Non;75;Nouvelle-Aquitaine;33;Gironde;200070092;Communauté d'agglomération du Libournais;3;Non;Non;Non;1;Non;33191;Gours;Commune;213301914;33191;GOURS;Dépenses d'investissement;277745.56;0.0;0.0;277745.56;0.27774556;551;504.07542649727765;1;;;;;;;;;;;2024;551
2024;Non;75;Nouvelle-Aquitaine;33;Gironde;243300316;Bordeaux Métropole;8;Non;Non;Non;2;Oui;33192;Gradignan;Commune;213301922;33192;GRADIGNAN;Dépenses d'investissement;13745229.71;0.0;0.0;13745229.71;13.74522971;26190;524.8274039709813;1;;;;;;;;;;;2024;26190
2024;Non;75;Nouvelle-Aquitaine;33;Gironde;200070720;Communauté de communes Médoc Atlantique;3;Oui;Non;Oui;2;Non;33193;Grayan-et-l'Hôpital;Commune;213301930;33193;GRAYAN-L'HOPITAL;Dépenses d'investissement;249670.02;393304.36;0.0;642974.38;0.64297438;1566;410.58389527458496;1;;;;;;;;;;;2024;1566
2024;Non;75;Nouvelle-Aquitaine;33;Gironde;243301454;Communauté de communes Castillon/Pujols;3;Non;Non;Non;2;Non;33194;Grézillac;Commune;213301948;33194;GREZILLAC;Dépenses d'investissement;115051.64;0.0;0.0;115051.64;0.11505164;699;164.5946208869814;1;;;;;;;;;;;2024;699
2024;Non;75;Nouvelle-Aquitaine;33;Gironde;200043982;Communauté de communes du Bazadais;3;Oui;Non;Non;1;Non;33195;Grignols;Commune;213301955;33195;GRIGNOLS;Dépenses d'investissement;220480.73;0.0;0.0;220480.73;0.22048073;1216;181.3163898026316;1;;;;;;;;;;;2024;1216
2024;Non;75;Nouvelle-Aquitaine;33;Gironde;243301454;Communauté de communes Castillon/Pujols;1;Oui;Non;Non;2;Non;33196;Guillac;Commune;213301963;33196;GUILLAC;Dépenses d'investissement;164100.46;0.0;0.0;164100.46;0.16410046;169;971.0086390532543;1;;;;;;;;;;;2024;169
2024;Non;75;Nouvelle-Aquitaine;33;Gironde;200069581;Communauté de communes Convergence Garonne;2;Oui;Non;Non;1;Non;33197;Guillos;Commune;213301971;33197;GUILLOS;Dépenses d'investissement;134074.34;0.0;0.0;134074.34;0.13407434;461;290.8337093275488;1;;;;;;;;;;;2024;461
2024;Non;75;Nouvelle-Aquitaine;33;Gironde;200070092;Communauté d'agglomération du Libournais;3;Oui;Non;Non;1;Non;33198;Guîtres;Commune;213301989;33198;GUITRES;Dépenses d'investissement;1602204.91;0.0;0.0;1602204.91;1.60220491;1652;969.8576937046005;1;;;;;;;;;;;2024;1652
2024;Non;75;Nouvelle-Aquitaine;33;Gironde;243300563;Communauté d'agglomération Bassin d'Arcachon Sud (COBAS);8;Non;Non;Oui;3;Non;33199;Gujan-Mestras;Commune;213301997;33199;GUJAN-MESTRAS;Dépenses d'investissement;10536530.94;40789.0;0.0;10577319.94;10.577319939999999;22854;462.8213853154809;1;;;;;;;;;;;2024;22854
2024;Non;75;Nouvelle-Aquitaine;33;Gironde;243300316;Bordeaux Métropole;7;Non;Non;Non;2;Non;33200;Le Haillan;Commune;213302003;33200;LE HAILLAN;Dépenses d'investissement;6790074.35;54980.1;0.0;6845054.45;6.84505445;11759;582.1119525469853;1;;;;;;;;;;;2024;11759
2024;Non;75;Nouvelle-Aquitaine;33;Gironde;243301215;Communauté de communes du Créonnais;3;Oui;Non;Non;2;Non;33201;Haux;Commune;213302011;33201;HAUX;Dépenses d'investissement;287070.77;81799.4;0.0;368870.17;0.36887017;854;431.9322833723653;1;;;;;;;;;;;2024;854
2024;Non;75;Nouvelle-Aquitaine;33;Gironde;200043974;Communauté de communes du Sud Gironde;3;Oui;Non;Non;1;Non;33202;Hostens;Commune;213302029;33202;HOSTENS;Dépenses d'investissement;639294.7;67310.26;0.0;706604.96;0.70660496;1509;468.26041086812455;1;;;;;;;;;;;2024;1509
2024;Non;75;Nouvelle-Aquitaine;33;Gironde;200070720;Communauté de communes Médoc Atlantique;5;Non;Non;Non;2;Non;33203;Hourtin;Commune;213302037;33203;HOURTIN;Dépenses d'investissement;1592516.27;579428.01;0.0;2171944.28;2.17194428;4060;534.961645320197;1;;;;;;;;;;;2024;4060
2024;Non;75;Nouvelle-Aquitaine;33;Gironde;200044394;Communauté de communes du Réolais en Sud Gironde;3;Oui;Non;Non;2;Non;33204;Hure;Commune;213302045;33204;HURE;Dépenses d'investissement;245060.56;0.0;0.0;245060.56;0.24506056;566;432.9691872791519;1;;;;;;;;;;;2024;566
2024;Non;75;Nouvelle-Aquitaine;33;Gironde;200069581;Communauté de communes Convergence Garonne;3;Oui;Non;Non;2;Non;33205;Illats;Commune;213302052;33205;ILLATS;Dépenses d'investissement;476030.57;15727.58;0.0;491758.15;0.49175815;1409;349.01217175301633;1;;;;;;;;;;;2024;1409
2024;Non;75;Nouvelle-Aquitaine;33;Gironde;243301264;Communauté de communes de Montesquieu;3;Non;Non;Non;2;Non;33206;Isle-Saint-Georges;Commune;213302060;33206;ISLE-SAINT-GEORGES;Dépenses d'investissement;140359.51;0.0;0.0;140359.51;0.14035951000000002;523;268.3738240917782;1;;;;;;;;;;;2024;523
2024;Non;75;Nouvelle-Aquitaine;33;Gironde;200070092;Communauté d'agglomération du Libournais;6;Non;Non;Non;2;Non;33207;Izon;Commune;213302078;33207;IZON;Dépenses d'investissement;2810338.99;0.0;0.0;2810338.99;2.8103389900000004;6398;439.2527336667709;1;;;;;;;;;;;2024;6398
2024;Non;75;Nouvelle-Aquitaine;33;Gironde;200070720;Communauté de communes Médoc Atlantique;3;Oui;Non;Non;1;Non;33208;Jau-Dignac-et-Loirac;Commune;213302086;33208;JAU-DIGNAC-LOIRAC;Dépenses d'investissement;382220.54;0.0;0.0;382220.54;0.38222054;966;395.67343685300204;1;;;;;;;;;;;2024;966
2024;Non;75;Nouvelle-Aquitaine;33;Gironde;243301454;Communauté de communes Castillon/Pujols;2;Oui;Non;Non;2;Non;33209;Jugazan;Commune;213302094;33209;JUGAZAN;Dépenses d'investissement;80128.88;0.0;0.0;80128.88;0.08012888;280;286.1745714285714;1;;;;;;;;;;;2024;280
2024;Non;75;Nouvelle-Aquitaine;33;Gironde;243301454;Communauté de communes Castillon/Pujols;2;Oui;Non;Non;1;Non;33210;Juillac;Commune;213302102;33210;JUILLAC;Dépenses d'investissement;10167.37;0.0;0.0;10167.37;0.01016737;224;45.39004464285715;1;;;;;;;;;;;2024;224
2024;Non;75;Nouvelle-Aquitaine;33;Gironde;243301447;Communauté de communes Médoc Estuaire;3;Oui;Non;Non;2;Non;33211;Labarde;Commune;213302110;33211;LABARDE;Dépenses d'investissement;90793.33;0.0;0.0;90793.33;0.09079333;612;148.35511437908497;1;;;;;;;;;;;2024;612
2024;Non;75;Nouvelle-Aquitaine;33;Gironde;200043982;Communauté de communes du Bazadais;1;Oui;Non;Non;1;Non;33212;Labescau;Commune;213302128;33212;LABESCAU;Dépenses d'investissement;33339.91;0.0;0.0;33339.91;0.03333991;128;260.468046875;1;;;;;;;;;;;2024;128
2024;Non;75;Nouvelle-Aquitaine;33;Gironde;243301264;Communauté de communes de Montesquieu;5;Non;Non;Non;3;Non;33213;La Brède;Commune;213302136;33213;LA BREDE;Dépenses d'investissement;1966648.53;0.0;0.0;1966648.53;1.96664853;4966;396.0226600886025;1;;;;;;;;;;;2024;4966
2024;Non;75;Nouvelle-Aquitaine;33;Gironde;200070720;Communauté de communes Médoc Atlantique;6;Non;Non;Oui;4;Non;33214;Lacanau;Commune;213302144;33214;LACANAU;Dépenses d'investissement;10489013.42;2530540.18;0.0;13019553.6;13.0195536;5115;2545.367272727273;1;;;;;;;;;;;2024;5115
2024;Non;75;Nouvelle-Aquitaine;33;Gironde;200069599;Communauté de communes rurales de l'Entre-Deux-Mers;1;Oui;Non;Oui;2;Non;33215;Ladaux;Commune;213302151;33215;LADAUX;Dépenses d'investissement;128115.99;0.0;0.0;128115.99;0.12811599;195;657.0050769230769;1;;;;;;;;;;;2024;195
2024;Non;75;Nouvelle-Aquitaine;33;Gironde;200043982;Communauté de communes du Bazadais;1;Oui;Non;Non;1;Non;33216;Lados;Commune;213302169;33216;LADOS;Dépenses d'investissement;81545.39;0.0;0.0;81545.39;0.08154539;179;455.5608379888268;1;;;;;;;;;;;2024;179
2024;Non;75;Nouvelle-Aquitaine;33;Gironde;200070092;Communauté d'agglomération du Libournais;3;Oui;Non;Non;1;Non;33218;Lagorce;Commune;213302185;33218;LAGORCE;Dépenses d'investissement;518651.5;0.0;0.0;518651.5;0.5186515;1639;316.44386821232456;1;;;;;;;;;;;2024;1639
2024;Non;75;Nouvelle-Aquitaine;33;Gironde;243301397;Communauté de communes du Fronsadais;4;Non;Non;Non;2;Non;33219;La Lande-de-Fronsac;Commune;213302193;33219;LA LANDE-DE-FRONSAC;Dépenses d'investissement;1197989.51;0.0;0.0;1197989.51;1.19798951;2685;446.17858845437615;1;;;;;;;;;;;2024;2685
2024;Non;75;Nouvelle-Aquitaine;33;Gironde;243301447;Communauté de communes Médoc Estuaire;3;Oui;Non;Non;1;Non;33220;Lamarque;Commune;213302201;33220;LAMARQUE;Dépenses d'investissement;301763.5;230000.0;0.0;531763.5;0.5317635;1350;393.8988888888889;1;;;;;;;;;;;2024;1350
2024;Non;75;Nouvelle-Aquitaine;33;Gironde;200044394;Communauté de communes du Réolais en Sud Gironde;3;Non;Non;Non;1;Non;33221;Lamothe-Landerron;Commune;213302219;33221;LAMOTHE-LANDERRON;Dépenses d'investissement;186475.5;0.0;0.0;186475.5;0.1864755;1143;163.14566929133858;1;;;;;;;;;;;2024;1143
2024;Non;75;Nouvelle-Aquitaine;33;Gironde;200070092;Communauté d'agglomération du Libournais;3;Non;Non;Non;2;Non;33222;Lalande-de-Pomerol;Commune;213302227;33222;LALANDE-DE-POMEROL;Dépenses d'investissement;146626.81;0.0;0.0;146626.81;0.14662681;657;223.1762709284627;1;;;;;;;;;;;2024;657
2024;Non;75;Nouvelle-Aquitaine;33;Gironde;243301371;Communauté de communes du Pays Foyen;2;Oui;Non;Non;1;Non;33223;Landerrouat;Commune;213302235;33223;LANDERROUAT;Dépenses d'investissement;25973.37;0.0;0.0;25973.37;0.02597337;230;112.92769565217391;1;;;;;;;;;;;2024;230
2024;Non;75;Nouvelle-Aquitaine;33;Gironde;200069599;Communauté de communes rurales de l'Entre-Deux-Mers;1;Oui;Non;Non;2;Non;33224;Landerrouet-sur-Ségur;Commune;213302243;33224;LANDERROUET-SUR-SEGUR;Dépenses d'investissement;16162.64;0.0;0.0;16162.64;0.01616264;105;153.92990476190477;1;;;;;;;;;;;2024;105
2024;Non;75;Nouvelle-Aquitaine;33;Gironde;200069581;Communauté de communes Convergence Garonne;4;Oui;Non;Non;2;Non;33225;Landiras;Commune;213302250;33225;LANDIRAS;Dépenses d'investissement;1437096.44;984.0;0.0;1438080.44;1.43808044;2231;644.590067234424;1;;;;;;;;;;;2024;2231
2024;Non;75;Nouvelle-Aquitaine;33;Gironde;243301439;Communauté de communes des Portes de l'Entre-Deux-Mers;4;Non;Non;Non;2;Non;33226;Langoiran;Commune;213302268;33226;LANGOIRAN;Dépenses d'investissement;425737.82;0.0;0.0;425737.82;0.42573782;2228;191.085197486535;1;;;;;;;;;;;2024;2228
2024;Non;75;Nouvelle-Aquitaine;33;Gironde;200043974;Communauté de communes du Sud Gironde;6;Non;Non;Non;2;Non;33227;Langon;Commune;213302276;33227;LANGON;Dépenses d'investissement;3263136.46;518960.74;0.0;3782097.2;3.7820972000000004;7503;504.0779954684793;1;;;;;;;;;;;2024;7503
2024;Non;75;Nouvelle-Aquitaine;33;Gironde;243301223;Communauté de communes du Grand Cubzaguais;3;Oui;Non;Non;1;Non;33228;Lansac;Commune;213302284;33228;LANSAC;Dépenses d'investissement;40283.45;0.0;0.0;40283.45;0.04028345;684;58.893932748538006;1;;;;;;;;;;;2024;684
2024;Non;75;Nouvelle-Aquitaine;33;Gironde;243301504;Communauté d'agglomération du Bassin d'Arcachon Nord;6;Non;Non;Oui;3;Non;33229;Lanton;Commune;213302292;33229;LANTON;Dépenses d'investissement;3616043.38;0.0;0.0;3616043.38;3.61604338;7417;487.5344991236349;1;;;;;;;;;;;2024;7417
2024;Non;75;Nouvelle-Aquitaine;33;Gironde;200070092;Communauté d'agglomération du Libournais;3;Oui;Non;Non;1;Non;33230;Lapouyade;Commune;213302300;33230;LAPOUYADE;Dépenses d'investissement;1498281.35;0.0;0.0;1498281.35;1.49828135;536;2795.301026119403;1;;;;;;;;;;;2024;536
2024;Non;75;Nouvelle-Aquitaine;33;Gironde;200069581;Communauté de communes Convergence Garonne;2;Non;Non;Non;4;Non;33231;Laroque;Commune;213302318;33231;LAROQUE;Dépenses d'investissement;100511.33;0.0;0.0;100511.33;0.10051133;292;344.21688356164384;1;;;;;;;;;;;2024;292
2024;Non;75;Nouvelle-Aquitaine;33;Gironde;200043982;Communauté de communes du Bazadais;0;Oui;Non;Non;2;Non;33232;Lartigue;Commune;213302326;33232;LARTIGUE;Dépenses d'investissement;7000.91;0.0;0.0;7000.91;0.00700091;40;175.02275;1;;;;;;;;;;;2024;40
2024;Non;75;Nouvelle-Aquitaine;33;Gironde;243301181;Communauté de communes Latitude Nord Gironde;4;Oui;Non;Non;1;Non;33233;Laruscade;Commune;213302334;33233;LARUSCADE;Dépenses d'investissement;495555.46;54599.17;0.0;550154.63;0.55015463;2835;194.0580705467372;1;;;;;;;;;;;2024;2835
2024;Non;75;Nouvelle-Aquitaine;33;Gironde;243301439;Communauté de communes des Portes de l'Entre-Deux-Mers;5;Non;Non;Non;4;Non;33234;Latresne;Commune;213302342;33234;LATRESNE;Dépenses d'investissement;3397192.22;0.0;0.0;3397192.22;3.39719222;3779;898.9659222016408;1;;;;;;;;;;;2024;3779
2024;Non;75;Nouvelle-Aquitaine;33;Gironde;200043982;Communauté de communes du Bazadais;2;Oui;Non;Non;3;Non;33235;Lavazan;Commune;213302359;33235;LAVAZAN;Dépenses d'investissement;344219.12;0.0;0.0;344219.12;0.34421912;233;1477.335278969957;1;;;;;;;;;;;2024;233
2024;Non;75;Nouvelle-Aquitaine;33;Gironde;243301504;Communauté d'agglomération du Bassin d'Arcachon Nord;6;Non;Non;Oui;5;Non;33236;Lège-Cap-Ferret;Commune;213302367;33236;LEGE-CAP-FERRET;Dépenses d'investissement;11320418.38;1466271.26;0.0;12786689.64;12.78668964;8332;1534.6483005280845;1;;;;;;;;;;;2024;8332
2024;Non;75;Nouvelle-Aquitaine;33;Gironde;200043974;Communauté de communes du Sud Gironde;3;Oui;Non;Non;1;Non;33237;Léogeats;Commune;213302375;33237;LEOGEATS;Dépenses d'investissement;177604.85;85036.81;0.0;262641.66;0.26264166;879;298.7959726962457;1;;;;;;;;;;;2024;879
2024;Non;75;Nouvelle-Aquitaine;33;Gironde;243301264;Communauté de communes de Montesquieu;7;Non;Non;Non;3;Non;33238;Léognan;Commune;213302383;33238;LEOGNAN;Dépenses d'investissement;3206711.44;2132668.38;0.0;5339379.82;5.33937982;10864;491.4745784241532;1;;;;;;;;;;;2024;10864
2024;Non;75;Nouvelle-Aquitaine;33;Gironde;200043982;Communauté de communes du Bazadais;2;Oui;Non;Non;1;Non;33239;Lerm-et-Musset;Commune;213302391;33239;LERM-ET-MUSSET;Dépenses d'investissement;92920.43;0.0;0.0;92920.43;0.09292043;481;193.18176715176713;1;;;;;;;;;;;2024;481
2024;Non;75;Nouvelle-Aquitaine;33;Gironde;200069995;Communauté de communes Médoc Cœur de Presqu'île;6;Non;Non;Non;1;Non;33240;Lesparre-Médoc;Commune;213302409;33240;LESPARRE-MEDOC;Dépenses d'investissement;1612178.42;599355.65;0.0;2211534.07;2.21153407;5945;371.99900252312864;1;;;;;;;;;;;2024;5945
2024;Non;75;Nouvelle-Aquitaine;33;Gironde;200069581;Communauté de communes Convergence Garonne;3;Non;Non;Non;2;Non;33241;Lestiac-sur-Garonne;Commune;213302417;33241;LESTIAC-SUR-GARONNE;Dépenses d'investissement;385533.03;82097.65;0.0;467630.68;0.46763067999999997;594;787.257037037037;1;;;;;;;;;;;2024;594
2024;Non;75;Nouvelle-Aquitaine;33;Gironde;243301371;Communauté de communes du Pays Foyen;3;Oui;Non;Non;1;Non;33242;Les Lèves-et-Thoumeyragues;Commune;213302425;33242;LES LEVES-ET-THOUMEYRAGUES;Dépenses d'investissement;213593.19;0.0;0.0;213593.19;0.21359319000000002;568;376.0443485915493;1;;;;;;;;;;;2024;568
2024;Non;75;Nouvelle-Aquitaine;33;Gironde;200070092;Communauté d'agglomération du Libournais;8;Non;Non;Oui;2;Non;33243;Libourne;Commune;213302433;33243;LIBOURNE;Dépenses d'investissement;16707346.81;215525.75;0.0;16922872.56;16.92287256;25063;675.2133647209033;1;;;;;;;;;;;2024;25063
2024;Non;75;Nouvelle-Aquitaine;33;Gironde;200043982;Communauté de communes du Bazadais;2;Oui;Non;Non;1;Non;33244;Lignan-de-Bazas;Commune;213302441;33244;LIGNAN-DE-BAZAS;Dépenses d'investissement;275531.15;0.0;0.0;275531.15;0.27553115;421;654.4682897862233;1;;;;;;;;;;;2024;421
2024;Non;75;Nouvelle-Aquitaine;33;Gironde;243301439;Communauté de communes des Portes de l'Entre-Deux-Mers;3;Non;Non;Non;3;Non;33245;Lignan-de-Bordeaux;Commune;213302458;33245;LIGNAN-DE-BORDEAUX;Dépenses d'investissement;392243.88;592298.86;0.0;984542.74;0.98454274;852;1155.5665962441315;1;;;;;;;;;;;2024;852
2024;Non;75;Nouvelle-Aquitaine;33;Gironde;243301371;Communauté de communes du Pays Foyen;1;Oui;Non;Non;2;Non;33246;Ligueux;Commune;213302466;33246;LIGUEUX;Dépenses d'investissement;49533.56;0.0;0.0;49533.56;0.04953356;149;332.44;1;;;;;;;;;;;2024;149
2024;Non;75;Nouvelle-Aquitaine;33;Gironde;243301371;Communauté de communes du Pays Foyen;1;Oui;Non;Non;1;Non;33247;Listrac-de-Durèze;Commune;213302474;33247;LISTRAC-DE-DUREZE;Dépenses d'investissement;15460.65;0.0;0.0;15460.65;0.01546065;153;101.05;1;;;;;;;;;;;2024;153
2024;Non;75;Nouvelle-Aquitaine;33;Gironde;243301389;Communauté de communes Médullienne;4;Oui;Non;Non;1;Non;33248;Listrac-Médoc;Commune;213302482;33248;LISTRAC-MEDOC;Dépenses d'investissement;1070851.06;0.0;0.0;1070851.06;1.07085106;2837;377.45895664434266;1;;;;;;;;;;;2024;2837
2024;Non;75;Nouvelle-Aquitaine;33;Gironde;243300316;Bordeaux Métropole;8;Non;Non;Non;1;Oui;33249;Lormont;Commune;213302490;33249;LORMONT;Dépenses d'investissement;15163402.66;0.0;0.0;15163402.66;15.163402660000001;23652;641.1044588195501;1;;;;;;;;;;;2024;23652
2024;Non;75;Nouvelle-Aquitaine;33;Gironde;200044394;Communauté de communes du Réolais en Sud Gironde;2;Oui;Non;Non;1;Non;33250;Loubens;Commune;213302508;33250;LOUBENS;Dépenses d'investissement;105167.46;0.0;0.0;105167.46;0.10516746;316;332.808417721519;1;;;;;;;;;;;2024;316
2024;Non;75;Nouvelle-Aquitaine;33;Gironde;200043974;Communauté de communes du Sud Gironde;3;Oui;Non;Non;1;Non;33251;Louchats;Commune;213302516;33251;LOUCHATS;Dépenses d'investissement;176578.58;0.0;0.0;176578.58;0.17657857999999998;724;243.89306629834252;1;;;;;;;;;;;2024;724
2024;Non;75;Nouvelle-Aquitaine;33;Gironde;243301215;Communauté de communes du Créonnais;3;Oui;Non;Non;2;Non;33252;Loupes;Commune;213302524;33252;LOUPES;Dépenses d'investissement;671075.06;844810.3;0.0;1515885.36;1.5158853600000002;930;1629.9842580645163;1;;;;;;;;;;;2024;930
2024;Non;75;Nouvelle-Aquitaine;33;Gironde;200069581;Communauté de communes Convergence Garonne;3;Non;Non;Non;2;Non;33253;Loupiac;Commune;213302532;33253;LOUPIAC;Dépenses d'investissement;110684.5;13831.36;0.0;124515.86;0.12451586;1115;111.67341704035874;1;;;;;;;;;;;2024;1115
2024;Non;75;Nouvelle-Aquitaine;33;Gironde;200044394;Communauté de communes du Réolais en Sud Gironde;3;Oui;Non;Non;1;Non;33254;Loupiac-de-la-Réole;Commune;213302540;33254;LOUPIAC-DE-LA-REOLE;Dépenses d'investissement;135736.63;0.0;0.0;135736.63;0.13573663;549;247.24340619307833;1;;;;;;;;;;;2024;549
2024;Non;75;Nouvelle-Aquitaine;33;Gironde;200043974;Communauté de communes du Sud Gironde;2;Oui;Non;Non;1;Non;33255;Lucmau;Commune;213302557;33255;LUCMAU;Dépenses d'investissement;63816.47;0.0;0.0;63816.47;0.06381647;248;257.32447580645163;1;;;;;;;;;;;2024;248
2024;Non;75;Nouvelle-Aquitaine;33;Gironde;243301447;Communauté de communes Médoc Estuaire;6;Non;Non;Non;2;Non;33256;Ludon-Médoc;Commune;213302565;33256;LUDON-MEDOC;Dépenses d'investissement;1753420.95;0.0;0.0;1753420.95;1.75342095;5402;324.58736579044796;1;;;;;;;;;;;2024;5402
2024;Non;75;Nouvelle-Aquitaine;33;Gironde;243301454;Communauté de communes Castillon/Pujols;2;Non;Non;Non;2;Non;33257;Lugaignac;Commune;213302573;33257;LUGAIGNAC;Dépenses d'investissement;130297.62;0.0;0.0;130297.62;0.13029762;467;279.00989293361886;1;;;;;;;;;;;2024;467
2024;Non;75;Nouvelle-Aquitaine;33;Gironde;200069599;Communauté de communes rurales de l'Entre-Deux-Mers;2;Oui;Non;Oui;1;Non;33258;Lugasson;Commune;213302581;33258;LUGASSON;Dépenses d'investissement;46565.68;0.0;0.0;46565.68;0.04656568;323;144.1661919504644;1;;;;;;;;;;;2024;323
2024;Non;75;Nouvelle-Aquitaine;33;Gironde;243301397;Communauté de communes du Fronsadais;3;Oui;Non;Non;1;Non;33259;Lugon-et-l'Île-du-Carnay;Commune;213302599;33259;LUGON-ET-L'ILE-DU-CARNAY;Dépenses d'investissement;283463.77;0.0;0.0;283463.77;0.28346377;1413;200.61130219391367;1;;;;;;;;;;;2024;1413
2024;Non;75;Nouvelle-Aquitaine;33;Gironde;243301405;Communauté de communes du Val de l'Eyre;3;Oui;Non;Non;2;Non;33260;Lugos;Commune;213302607;33260;LUGOS;Dépenses d'investissement;147996.08;0.0;0.0;147996.08;0.14799607999999997;1083;136.6538134810711;1;;;;;;;;;;;2024;1083
2024;Non;75;Nouvelle-Aquitaine;33;Gironde;200035533;Communauté de communes du Grand Saint-Émilionnais;3;Oui;Non;Non;2;Non;33261;Lussac;Commune;213302615;33261;LUSSAC;Dépenses d'investissement;640831.82;0.0;0.0;640831.82;0.6408318199999999;1194;536.710067001675;1;;;;;;;;;;;2024;1194
2024;Non;75;Nouvelle-Aquitaine;33;Gironde;243301447;Communauté de communes Médoc Estuaire;5;Non;Non;Non;2;Non;33262;Macau;Commune;213302623;33262;MACAU;Dépenses d'investissement;1803406.98;0.0;0.0;1803406.98;1.8034069799999999;4554;396.005046113307;1;;;;;;;;;;;2024;4554
2024;Non;75;Nouvelle-Aquitaine;33;Gironde;243301215;Communauté de communes du Créonnais;2;Oui;Non;Non;2;Non;33263;Madirac;Commune;213302631;33263;MADIRAC;Dépenses d'investissement;72999.76;0.0;0.0;72999.76;0.07299976;302;241.72105960264898;1;;;;;;;;;;;2024;302
2024;Non;75;Nouvelle-Aquitaine;33;Gironde;200070092;Communauté d'agglomération du Libournais;3;Oui;Non;Non;2;Non;33264;Maransin;Commune;213302649;33264;MARANSIN;Dépenses d'investissement;57442.79;0.0;0.0;57442.79;0.05744279;1052;54.60341254752852;1;;;;;;;;;;;2024;1052
2024;Non;75;Nouvelle-Aquitaine;33;Gironde;243301181;Communauté de communes Latitude Nord Gironde;3;Oui;Non;Non;1;Non;33266;Marcenais;Commune;213302664;33266;MARCENAIS;Dépenses d'investissement;131531.4;0.0;0.0;131531.4;0.1315314;854;154.01803278688524;1;;;;;;;;;;;2024;854
2024;Non;75;Nouvelle-Aquitaine;33;Gironde;243301371;Communauté de communes du Pays Foyen;2;Oui;Non;Non;1;Non;33269;Margueron;Commune;213302698;33269;MARGUERON;Dépenses d'investissement;69441.2;0.0;0.0;69441.2;0.0694412;398;174.4753768844221;1;;;;;;;;;;;2024;398
2024;Non;75;Nouvelle-Aquitaine;33;Gironde;200043982;Communauté de communes du Bazadais;1;Oui;Non;Non;2;Non;33270;Marimbault;Commune;213302706;33270;MARIMBAULT;Dépenses d'investissement;18726.01;0.0;0.0;18726.01;0.018726009999999998;190;98.55794736842104;1;;;;;;;;;;;2024;190
2024;Non;75;Nouvelle-Aquitaine;33;Gironde;200043982;Communauté de communes du Bazadais;2;Oui;Non;Non;1;Non;33271;Marions;Commune;213302714;33271;MARIONS;Dépenses d'investissement;436444.56;0.0;0.0;436444.56;0.43644456;220;1983.838909090909;1;;;;;;;;;;;2024;220
2024;Non;75;Nouvelle-Aquitaine;33;Gironde;243301181;Communauté de communes Latitude Nord Gironde;3;Non;Non;Non;1;Non;33272;Marsas;Commune;213302722;33272;MARSAS;Dépenses d'investissement;200845.45;0.0;0.0;200845.45;0.20084545;1249;160.80500400320258;1;;;;;;;;;;;2024;1249
2024;Non;75;Nouvelle-Aquitaine;33;Gironde;243300316;Bordeaux Métropole;6;Non;Non;Non;3;Non;33273;Martignas-sur-Jalle;Commune;213302730;33273;MARTIGNAS-SUR-JALLE;Dépenses d'investissement;2104354.66;11736.12;0.0;2116090.78;2.11609078;7993;264.74299762292003;1;;;;;;;;;;;2024;7993
2024;Non;75;Nouvelle-Aquitaine;33;Gironde;243301264;Communauté de communes de Montesquieu;5;Non;Non;Non;2;Non;33274;Martillac;Commune;213302748;33274;MARTILLAC;Dépenses d'investissement;2680489.38;0.0;0.0;2680489.38;2.68048938;3541;756.9865518215194;1;;;;;;;;;;;2024;3541
2024;Non;75;Nouvelle-Aquitaine;33;Gironde;200069599;Communauté de communes rurales de l'Entre-Deux-Mers;1;Oui;Non;Oui;2;Non;33275;Martres;Commune;213302755;33275;MARTRES;Dépenses d'investissement;21352.64;0.0;0.0;21352.64;0.02135264;102;209.33960784313726;1;;;;;;;;;;;2024;102
2024;Non;75;Nouvelle-Aquitaine;33;Gironde;200043982;Communauté de communes du Bazadais;1;Oui;Non;Non;2;Non;33276;Masseilles;Commune;213302763;33276;MASSEILLES;Dépenses d'investissement;35285.36;0.0;0.0;35285.36;0.03528536;142;248.48845070422536;1;;;;;;;;;;;2024;142
2024;Non;75;Nouvelle-Aquitaine;33;Gironde;243301371;Communauté de communes du Pays Foyen;2;Oui;Non;Non;2;Non;33277;Massugas;Commune;213302771;33277;MASSUGAS;Dépenses d'investissement;6985.34;0.0;0.0;6985.34;0.0069853400000000005;225;31.045955555555555;1;;;;;;;;;;;2024;225
2024;Non;75;Nouvelle-Aquitaine;33;Gironde;200069599;Communauté de communes rurales de l'Entre-Deux-Mers;2;Oui;Non;Non;2;Non;33278;Mauriac;Commune;213302789;33278;MAURIAC;Dépenses d'investissement;88501.69;1474.61;0.0;89976.3;0.08997630000000001;236;381.2555084745763;1;;;;;;;;;;;2024;236
2024;Non;75;Nouvelle-Aquitaine;33;Gironde;200043974;Communauté de communes du Sud Gironde;3;Oui;Non;Non;2;Non;33279;Mazères;Commune;213302797;33279;MAZERES;Dépenses d'investissement;233754.32;0.0;0.0;233754.32;0.23375432000000002;794;294.4009068010076;1;;;;;;;;;;;2024;794
2024;Non;75;Nouvelle-Aquitaine;33;Gironde;243300811;Communauté de communes de l'Estuaire;3;Non;Non;Non;1;Non;33280;Mazion;Commune;213302805;33280;MAZION;Dépenses d'investissement;103915.31;5415.0;0.0;109330.31;0.10933031;556;196.63724820143884;1;;;;;;;;;;;2024;556
2024;Non;75;Nouvelle-Aquitaine;33;Gironde;243300316;Bordeaux Métropole;9;Non;Non;Non;2;Oui;33281;Mérignac;Commune;213302813;33281;MERIGNAC;Dépenses d'investissement;37159186.93;3203.53;92711.26;37069679.2;37.0696792;76532;484.3683583337689;1;;;;;;;;;;;2024;76532
2024;Non;75;Nouvelle-Aquitaine;33;Gironde;243301454;Communauté de communes Castillon/Pujols;2;Oui;Non;Non;3;Non;33282;Mérignas;Commune;213302821;33282;MERIGNAS;Dépenses d'investissement;167235.24;0.0;0.0;167235.24;0.16723523999999998;321;520.9820560747663;1;;;;;;;;;;;2024;321
2024;Non;75;Nouvelle-Aquitaine;33;Gironde;200069599;Communauté de communes rurales de l'Entre-Deux-Mers;2;Oui;Non;Non;1;Non;33283;Mesterrieux;Commune;213302839;33283;MESTERRIEUX;Dépenses d'investissement;38560.44;0.0;0.0;38560.44;0.03856044;226;170.62141592920355;1;;;;;;;;;;;2024;226
2024;Non;75;Nouvelle-Aquitaine;33;Gironde;243301504;Communauté d'agglomération du Bassin d'Arcachon Nord;7;Non;Non;Non;2;Non;33284;Mios;Commune;213302847;33284;MIOS;Dépenses d'investissement;4090939.09;0.0;0.0;4090939.09;4.09093909;11659;350.8825019298396;1;;;;;;;;;;;2024;11659
2024;Non;75;Nouvelle-Aquitaine;33;Gironde;243301223;Communauté de communes du Grand Cubzaguais;2;Non;Non;Non;2;Non;33285;Mombrier;Commune;213302854;33285;MOMBRIER;Dépenses d'investissement;32226.88;0.0;0.0;32226.88;0.03222688;467;69.00830835117773;1;;;;;;;;;;;2024;467
2024;Non;75;Nouvelle-Aquitaine;33;Gironde;200044394;Communauté de communes du Réolais en Sud Gironde;3;Non;Non;Non;1;Non;33287;Mongauzy;Commune;213302870;33287;MONGAUZY;Dépenses d'investissement;71612.65;9504.01;0.0;81116.66;0.08111666000000001;654;124.03159021406728;1;;;;;;;;;;;2024;654
2024;Non;75;Nouvelle-Aquitaine;33;Gironde;200069581;Communauté de communes Convergence Garonne;2;Oui;Non;Non;1;Non;33288;Monprimblanc;Commune;213302888;33288;MONPRIMBLANC;Dépenses d'investissement;177842.19;0.0;0.0;177842.19;0.17784219;284;626.2048943661972;1;;;;;;;;;;;2024;284
2024;Non;75;Nouvelle-Aquitaine;33;Gironde;200044394;Communauté de communes du Réolais en Sud Gironde;3;Oui;Non;Non;1;Non;33289;Monségur;Commune;213302896;33289;MONSEGUR;Dépenses d'investissement;396433.45;0.0;0.0;396433.45;0.39643345;1662;238.52794825511432;1;;;;;;;;;;;2024;1662
2024;Non;75;Nouvelle-Aquitaine;33;Gironde;200035533;Communauté de communes du Grand Saint-Émilionnais;3;Oui;Non;Non;2;Non;33290;Montagne;Commune;213302904;33290;MONTAGNE;Dépenses d'investissement;1538362.43;0.0;0.0;1538362.43;1.5383624299999998;1654;930.0861124546553;1;;;;;;;;;;;2024;1654
2024;Non;75;Nouvelle-Aquitaine;33;Gironde;200044394;Communauté de communes du Réolais en Sud Gironde;1;Oui;Non;Non;2;Non;33291;Montagoudin;Commune;213302912;33291;MONTAGOUDIN;Dépenses d'investissement;89429.65;0.0;0.0;89429.65;0.08942965;180;496.83138888888885;1;;;;;;;;;;;2024;180
2024;Non;75;Nouvelle-Aquitaine;33;Gironde;200069599;Communauté de communes rurales de l'Entre-Deux-Mers;1;Oui;Non;Oui;2;Non;33292;Montignac;Commune;213302920;33292;MONTIGNAC;Dépenses d'investissement;37179.57;0.0;0.0;37179.57;0.03717957;142;261.8279577464789;1;;;;;;;;;;;2024;142
2024;Non;75;Nouvelle-Aquitaine;33;Gironde;243301249;Communauté de communes Les Rives de la Laurence;5;Non;Non;Non;2;Non;33293;Montussan;Commune;213302938;33293;MONTUSSAN;Dépenses d'investissement;879361.84;0.0;0.0;879361.84;0.87936184;3505;250.88782881597717;1;;;;;;;;;;;2024;3505
2024;Non;75;Nouvelle-Aquitaine;33;Gironde;200044394;Communauté de communes du Réolais en Sud Gironde;3;Non;Non;Non;1;Non;33294;Morizès;Commune;213302946;33294;MORIZES;Dépenses d'investissement;112061.55;0.0;0.0;112061.55;0.11206155000000001;542;206.75562730627306;1;;;;;;;;;;;2024;542
2024;Non;75;Nouvelle-Aquitaine;33;Gironde;243301397;Communauté de communes du Fronsadais;0;Oui;Non;Non;2;Non;33295;Mouillac;Commune;213302953;33295;MOUILLAC;Dépenses d'investissement;8272.8;0.0;0.0;8272.8;0.008272799999999999;97;85.28659793814433;1;;;;;;;;;;;2024;97
2024;Non;75;Nouvelle-Aquitaine;33;Gironde;243301454;Communauté de communes Castillon/Pujols;3;Oui;Non;Non;1;Non;33296;Mouliets-et-Villemartin;Commune;213302961;33296;MOULIETS-ET-VILLEMARTIN;Dépenses d'investissement;185535.48;0.0;0.0;185535.48;0.18553548;1040;178.39950000000002;1;;;;;;;;;;;2024;1040
2024;Non;75;Nouvelle-Aquitaine;33;Gironde;243301389;Communauté de communes Médullienne;3;Oui;Non;Non;2;Non;33297;Moulis-en-Médoc;Commune;213302979;33297;MOULIS-EN-MEDOC;Dépenses d'investissement;152074.44;0.0;0.0;152074.44;0.15207444;1942;78.30815653964984;1;;;;;;;;;;;2024;1942
2024;Non;75;Nouvelle-Aquitaine;33;Gironde;200070092;Communauté d'agglomération du Libournais;3;Oui;Non;Non;2;Non;33298;Moulon;Commune;213302987;33298;MOULON;Dépenses d'investissement;503583.26;0.0;0.0;503583.26;0.50358326;1041;483.7495292987512;1;;;;;;;;;;;2024;1041
2024;Non;75;Nouvelle-Aquitaine;33;Gironde;200069599;Communauté de communes rurales de l'Entre-Deux-Mers;2;Oui;Non;Non;1;Non;33299;Mourens;Commune;213302995;33299;MOURENS;Dépenses d'investissement;38721.87;0.0;0.0;38721.87;0.038721870000000005;395;98.0300506329114;1;;;;;;;;;;;2024;395
2024;Non;75;Nouvelle-Aquitaine;33;Gironde;200070720;Communauté de communes Médoc Atlantique;3;Oui;Non;Non;2;Non;33300;Naujac-sur-Mer;Commune;213303001;33300;NAUJAC-SUR-MER;Dépenses d'investissement;451229.37;238344.65;0.0;689574.02;0.68957402;1110;621.2378558558559;1;;;;;;;;;;;2024;1110
2024;Non;75;Nouvelle-Aquitaine;33;Gironde;243301454;Communauté de communes Castillon/Pujols;3;Oui;Non;Non;1;Non;33301;Naujan-et-Postiac;Commune;213303019;33301;NAUJAN-ET-POSTIAC;Dépenses d'investissement;113762.34;11035.94;0.0;124798.28;0.12479828;632;197.4656329113924;1;;;;;;;;;;;2024;632
2024;Non;75;Nouvelle-Aquitaine;33;Gironde;200035533;Communauté de communes du Grand Saint-Émilionnais;2;Oui;Non;Non;2;Non;33302;Néac;Commune;213303027;33302;NEAC;Dépenses d'investissement;63239.23;0.0;0.0;63239.23;0.06323923000000001;339;186.546401179941;1;;;;;;;;;;;2024;339
2024;Non;75;Nouvelle-Aquitaine;33;Gironde;200070092;Communauté d'agglomération du Libournais;3;Non;Non;Non;2;Non;33303;Nérigean;Commune;213303035;33303;NERIGEAN;Dépenses d'investissement;824361.95;0.0;0.0;824361.95;0.8243619499999999;850;969.8375882352941;1;;;;;;;;;;;2024;850
2024;Non;75;Nouvelle-Aquitaine;33;Gironde;200069599;Communauté de communes rurales de l'Entre-Deux-Mers;1;Oui;Non;Non;2;Non;33304;Neuffons;Commune;213303043;33304;NEUFFONS;Dépenses d'investissement;33226.76;0.0;0.0;33226.76;0.03322676;146;227.5805479452055;1;;;;;;;;;;;2024;146
2024;Non;75;Nouvelle-Aquitaine;33;Gironde;200043982;Communauté de communes du Bazadais;3;Oui;Non;Non;2;Non;33305;Le Nizan;Commune;213303050;33305;LE NIZAN;Dépenses d'investissement;83485.87;0.0;0.0;83485.87;0.08348586999999999;512;163.05833984375;1;;;;;;;;;;;2024;512
2024;Non;75;Nouvelle-Aquitaine;33;Gironde;200044394;Communauté de communes du Réolais en Sud Gironde;3;Oui;Non;Non;1;Non;33306;Noaillac;Commune;213303068;33306;NOAILLAC;Dépenses d'investissement;317533.39;0.0;0.0;317533.39;0.31753339;543;584.7760405156538;1;;;;;;;;;;;2024;543
2024;Non;75;Nouvelle-Aquitaine;33;Gironde;200043974;Communauté de communes du Sud Gironde;3;Oui;Non;Non;2;Non;33307;Noaillan;Commune;213303076;33307;NOAILLAN;Dépenses d'investissement;134784.26;58612.8;0.0;193397.06;0.19339706;1701;113.69609641387419;1;;;;;;;;;;;2024;1701
2024;Non;75;Nouvelle-Aquitaine;33;Gironde;200069581;Communauté de communes Convergence Garonne;2;Oui;Non;Non;1;Non;33308;Omet;Commune;213303084;33308;OMET;Dépenses d'investissement;90499.54;0.0;0.0;90499.54;0.09049953999999999;303;298.67834983498346;1;;;;;;;;;;;2024;303
2024;Non;75;Nouvelle-Aquitaine;33;Gironde;200069995;Communauté de communes Médoc Cœur de Presqu'île;2;Oui;Non;Non;1;Non;33309;Ordonnac;Commune;213303092;33309;ORDONNAC;Dépenses d'investissement;147840.81;0.0;0.0;147840.81;0.14784081;495;298.66830303030304;1;;;;;;;;;;;2024;495
2024;Non;75;Nouvelle-Aquitaine;33;Gironde;200043974;Communauté de communes du Sud Gironde;1;Oui;Non;Non;2;Non;33310;Origne;Commune;213303100;33310;ORIGNE;Dépenses d'investissement;234727.61;0.0;0.0;234727.61;0.23472760999999998;191;1228.9403664921465;1;;;;;;;;;;;2024;191
2024;Non;75;Nouvelle-Aquitaine;33;Gironde;200069581;Communauté de communes Convergence Garonne;3;Non;Non;Non;1;Non;33311;Paillet;Commune;213303118;33311;PAILLET;Dépenses d'investissement;135027.82;0.0;0.0;135027.82;0.13502782000000002;1231;109.68953696181967;1;;;;;;;;;;;2024;1231
2024;Non;75;Nouvelle-Aquitaine;33;Gironde;243300316;Bordeaux Métropole;7;Non;Non;Non;2;Non;33312;Parempuyre;Commune;213303126;33312;PAREMPUYRE;Dépenses d'investissement;3040606.18;0.0;0.0;3040606.18;3.04060618;10244;296.8182526356892;1;;;;;;;;;;;2024;10244
2024;Non;75;Nouvelle-Aquitaine;33;Gironde;200069995;Communauté de communes Médoc Cœur de Presqu'île;6;Non;Non;Oui;1;Non;33314;Pauillac;Commune;213303142;33314;PAUILLAC;Dépenses d'investissement;1623932.71;136632.68;0.0;1760565.39;1.76056539;5183;339.68076210688787;1;;;;;;;;;;;2024;5183
2024;Non;75;Nouvelle-Aquitaine;33;Gironde;200070092;Communauté d'agglomération du Libournais;3;Non;Non;Non;1;Non;33315;Les Peintures;Commune;213303159;33315;LES PEINTURES;Dépenses d'investissement;258327.37;0.0;0.0;258327.37;0.25832737;1668;154.87252398081534;1;;;;;;;;;;;2024;1668
2024;Non;75;Nouvelle-Aquitaine;33;Gironde;243301371;Communauté de communes du Pays Foyen;3;Oui;Non;Non;1;Non;33316;Pellegrue;Commune;213303167;33316;PELLEGRUE;Dépenses d'investissement;1007559.42;25537.6;0.0;1033097.02;1.03309702;914;1130.3030853391685;1;;;;;;;;;;;2024;914
2024;Non;75;Nouvelle-Aquitaine;33;Gironde;243301397;Communauté de communes du Fronsadais;3;Oui;Non;Non;1;Non;33317;Périssac;Commune;213303175;33317;PERISSAC;Dépenses d'investissement;666277.19;0.0;0.0;666277.19;0.66627719;1206;552.4686484245439;1;;;;;;;;;;;2024;1206
2024;Non;75;Nouvelle-Aquitaine;33;Gironde;243300316;Bordeaux Métropole;9;Non;Non;Non;2;Oui;33318;Pessac;Commune;213303183;33318;PESSAC;Dépenses d'investissement;38352517.25;0.0;0.0;38352517.25;38.35251725;67522;568.0003147122419;1;;;;;;;;;;;2024;67522
2024;Non;75;Nouvelle-Aquitaine;33;Gironde;243301454;Communauté de communes Castillon/Pujols;2;Oui;Non;Non;1;Non;33319;Pessac-sur-Dordogne;Commune;213303191;33319;PESSAC-SUR-DORDOGNE;Dépenses d'investissement;100525.18;0.0;0.0;100525.18;0.10052517999999999;446;225.39278026905828;1;;;;;;;;;;;2024;446
2024;Non;75;Nouvelle-Aquitaine;33;Gironde;200035533;Communauté de communes du Grand Saint-Émilionnais;3;Oui;Non;Non;1;Non;33320;Petit-Palais-et-Cornemps;Commune;213303209;33320;PETIT-PALAIS-ET-CORNEMPS;Dépenses d'investissement;186095.23;0.0;0.0;186095.23;0.18609523;749;248.45825100133513;1;;;;;;;;;;;2024;749
2024;Non;75;Nouvelle-Aquitaine;33;Gironde;243301223;Communauté de communes du Grand Cubzaguais;4;Oui;Non;Non;1;Non;33321;Peujard;Commune;213303217;33321;PEUJARD;Dépenses d'investissement;649844.41;0.0;0.0;649844.41;0.64984441;2195;296.05667881548976;1;;;;;;;;;;;2024;2195
2024;Non;75;Nouvelle-Aquitaine;33;Gironde;243301447;Communauté de communes Médoc Estuaire;6;Non;Non;Non;2;Non;33322;Le Pian-Médoc;Commune;213303225;33322;LE PIAN-MEDOC;Dépenses d'investissement;2567286.29;0.0;0.0;2567286.29;2.56728629;7254;353.9131913427075;1;;;;;;;;;;;2024;7254
2024;Non;75;Nouvelle-Aquitaine;33;Gironde;200043974;Communauté de communes du Sud Gironde;3;Non;Non;Oui;2;Non;33323;Le Pian-sur-Garonne;Commune;213303233;33323;LE PIAN-SUR-GARONNE;Dépenses d'investissement;312136.09;0.0;0.0;312136.09;0.31213609000000003;968;322.4546384297521;1;;;;;;;;;;;2024;968
2024;Non;75;Nouvelle-Aquitaine;33;Gironde;243301371;Communauté de communes du Pays Foyen;5;Non;Non;Non;1;Oui;33324;Pineuilh;Commune;213303241;33324;PINEUILH;Dépenses d'investissement;1921326.47;75088.95;1000.0;1995415.42;1.9954154199999998;4524;441.073258178603;1;;;;;;;;;;;2024;4524
2024;Non;75;Nouvelle-Aquitaine;33;Gironde;200023794;Communauté de communes de Blaye;3;Oui;Non;Non;2;Non;33325;Plassac;Commune;213303258;33325;PLASSAC;Dépenses d'investissement;215462.57;59662.61;0.0;275125.18;0.27512517999999997;958;287.1870354906054;1;;;;;;;;;;;2024;958
2024;Non;75;Nouvelle-Aquitaine;33;Gironde;243300811;Communauté de communes de l'Estuaire;2;Oui;Non;Non;1;Non;33326;Pleine-Selve;Commune;213303266;33326;PLEINE-SELVE;Dépenses d'investissement;139568.13;0.0;0.0;139568.13;0.13956813;222;628.6852702702703;1;;;;;;;;;;;2024;222
2024;Non;75;Nouvelle-Aquitaine;33;Gironde;200069581;Communauté de communes Convergence Garonne;4;Non;Non;Non;1;Non;33327;Podensac;Commune;213303274;33327;PODENSAC;Dépenses d'investissement;1002512.74;0.0;0.0;1002512.74;1.00251274;3338;300.33335530257636;1;;;;;;;;;;;2024;3338
2024;Non;75;Nouvelle-Aquitaine;33;Gironde;200070092;Communauté d'agglomération du Libournais;3;Non;Non;Non;3;Non;33328;Pomerol;Commune;213303282;33328;POMEROL;Dépenses d'investissement;418021.25;0.0;0.0;418021.25;0.41802125;604;692.0881622516556;1;;;;;;;;;;;2024;604
2024;Non;75;Nouvelle-Aquitaine;33;Gironde;200043974;Communauté de communes du Sud Gironde;2;Oui;Non;Non;2;Non;33329;Pompéjac;Commune;213303290;33329;POMPEJAC;Dépenses d'investissement;9403.75;0.0;0.0;9403.75;0.00940375;273;34.44597069597069;1;;;;;;;;;;;2024;273
2024;Non;75;Nouvelle-Aquitaine;33;Gironde;243301355;Communauté de communes Les Coteaux Bordelais;4;Non;Non;Non;3;Non;33330;Pompignac;Commune;213303308;33330;POMPIGNAC;Dépenses d'investissement;1171607.02;147096.6;0.0;1318703.62;1.3187036200000002;3431;384.3496415039347;1;;;;;;;;;;;2024;3431
2024;Non;75;Nouvelle-Aquitaine;33;Gironde;200044394;Communauté de communes du Réolais en Sud Gironde;2;Oui;Non;Non;2;Non;33331;Pondaurat;Commune;213303316;33331;PONDAURAT;Dépenses d'investissement;201170.81;0.0;0.0;201170.81;0.20117081;462;435.43465367965365;1;;;;;;;;;;;2024;462
2024;Non;75;Nouvelle-Aquitaine;33;Gironde;200070092;Communauté d'agglomération du Libournais;3;Non;Non;Non;1;Non;33332;Porchères;Commune;213303324;33332;PORCHERES;Dépenses d'investissement;339046.11;0.0;0.0;339046.11;0.33904611;874;387.92461098398167;1;;;;;;;;;;;2024;874
2024;Non;75;Nouvelle-Aquitaine;33;Gironde;243301389;Communauté de communes Médullienne;4;Non;Non;Non;2;Non;33333;Le Porge;Commune;213303332;33333;LE PORGE;Dépenses d'investissement;2205838.46;617806.91;0.0;2823645.37;2.82364537;3410;828.048495601173;1;;;;;;;;;;;2024;3410
2024;Non;75;Nouvelle-Aquitaine;33;Gironde;200069581;Communauté de communes Convergence Garonne;4;Non;Non;Non;2;Non;33334;Portets;Commune;213303340;33334;PORTETS;Dépenses d'investissement;926778.79;36628.1;0.0;963406.89;0.96340689;2711;355.3695647362597;1;;;;;;;;;;;2024;2711
2024;Non;75;Nouvelle-Aquitaine;33;Gironde;243301215;Communauté de communes du Créonnais;3;Oui;Non;Non;2;Non;33335;Le Pout;Commune;213303357;33335;LE POUT;Dépenses d'investissement;227277.26;103438.47;0.0;330715.73;0.33071573;627;527.4573046251993;1;;;;;;;;;;;2024;627
2024;Non;75;Nouvelle-Aquitaine;33;Gironde;200043974;Communauté de communes du Sud Gironde;3;Oui;Non;Non;1;Non;33336;Préchac;Commune;213303365;33336;PRECHAC;Dépenses d'investissement;162182.41;25835.38;0.0;188017.79;0.18801779000000002;1060;177.37527358490567;1;;;;;;;;;;;2024;1060
2024;Non;75;Nouvelle-Aquitaine;33;Gironde;200069581;Communauté de communes Convergence Garonne;4;Non;Non;Non;1;Non;33337;Preignac;Commune;213303373;33337;PREIGNAC;Dépenses d'investissement;608768.51;156089.87;0.0;764858.38;0.7648583800000001;2188;349.56964351005485;1;;;;;;;;;;;2024;2188
2024;Non;75;Nouvelle-Aquitaine;33;Gironde;243301223;Communauté de communes du Grand Cubzaguais;3;Non;Non;Non;2;Non;33339;Prignac-et-Marcamps;Commune;213303399;33339;PRIGNAC-ET-MARCAMPS;Dépenses d'investissement;486685.34;0.0;0.0;486685.34;0.48668534;1442;337.5071705963939;1;;;;;;;;;;;2024;1442
2024;Non;75;Nouvelle-Aquitaine;33;Gironde;243301223;Communauté de communes du Grand Cubzaguais;4;Oui;Non;Non;1;Non;33341;Pugnac;Commune;213303415;33341;PUGNAC;Dépenses d'investissement;731766.84;0.0;0.0;731766.84;0.7317668399999999;2427;301.51085290482075;1;;;;;;;;;;;2024;2427
2024;Non;75;Nouvelle-Aquitaine;33;Gironde;200035533;Communauté de communes du Grand Saint-Émilionnais;3;Oui;Non;Non;2;Non;33342;Puisseguin;Commune;213303423;33342;PUISSEGUIN;Dépenses d'investissement;380189.68;0.0;0.0;380189.68;0.38018968;836;454.77234449760766;1;;;;;;;;;;;2024;836
2024;Non;75;Nouvelle-Aquitaine;33;Gironde;200069581;Communauté de communes Convergence Garonne;3;Oui;Non;Non;2;Non;33343;Pujols-sur-Ciron;Commune;213303431;33343;PUJOLS-SUR-CIRON;Dépenses d'investissement;285747.14;0.0;0.0;285747.14;0.28574714;900;317.49682222222225;1;;;;;;;;;;;2024;900
2024;Non;75;Nouvelle-Aquitaine;33;Gironde;243301454;Communauté de communes Castillon/Pujols;3;Oui;Non;Non;1;Non;33344;Pujols;Commune;213303449;33344;PUJOLS-SUR-DORDOGNE;Dépenses d'investissement;269817.49;0.0;0.0;269817.49;0.26981749;530;509.0896037735849;1;;;;;;;;;;;2024;530
2024;Non;75;Nouvelle-Aquitaine;33;Gironde;200069599;Communauté de communes rurales de l'Entre-Deux-Mers;2;Oui;Non;Non;2;Non;33345;Le Puy;Commune;213303456;33345;LE PUY;Dépenses d'investissement;44593.71;0.0;0.0;44593.71;0.04459371;409;109.03107579462103;1;;;;;;;;;;;2024;409
2024;Non;75;Nouvelle-Aquitaine;33;Gironde;200044394;Communauté de communes du Réolais en Sud Gironde;2;Oui;Non;Non;1;Non;33346;Puybarban;Commune;213303464;33346;PUYBARBAN;Dépenses d'investissement;45296.78;0.0;0.0;45296.78;0.04529678;420;107.84947619047618;1;;;;;;;;;;;2024;420
2024;Non;75;Nouvelle-Aquitaine;33;Gironde;200070092;Communauté d'agglomération du Libournais;2;Oui;Non;Non;1;Non;33347;Puynormand;Commune;213303472;33347;PUYNORMAND;Dépenses d'investissement;40689.94;0.0;0.0;40689.94;0.04068994;313;129.99980830670927;1;;;;;;;;;;;2024;313
2024;Non;75;Nouvelle-Aquitaine;33;Gironde;200070720;Communauté de communes Médoc Atlantique;3;Oui;Non;Non;2;Non;33348;Queyrac;Commune;213303480;33348;QUEYRAC;Dépenses d'investissement;572607.15;14974.15;0.0;587581.3;0.5875813000000001;1364;430.77807917888566;1;;;;;;;;;;;2024;1364
2024;Non;75;Nouvelle-Aquitaine;33;Gironde;243301439;Communauté de communes des Portes de l'Entre-Deux-Mers;4;Non;Non;Non;3;Non;33349;Quinsac;Commune;213303498;33349;QUINSAC;Dépenses d'investissement;295642.96;0.0;0.0;295642.96;0.29564296;2250;131.39687111111112;1;;;;;;;;;;;2024;2250
2024;Non;75;Nouvelle-Aquitaine;33;Gironde;243301454;Communauté de communes Castillon/Pujols;3;Oui;Non;Non;1;Non;33350;Rauzan;Commune;213303506;33350;RAUZAN;Dépenses d'investissement;557527.24;0.0;0.0;557527.24;0.55752724;1275;437.2762666666667;1;;;;;;;;;;;2024;1275
2024;Non;75;Nouvelle-Aquitaine;33;Gironde;243300811;Communauté de communes de l'Estuaire;3;Oui;Non;Non;1;Non;33351;Reignac;Commune;213303514;33351;REIGNAC;Dépenses d'investissement;288635.26;31855.53;0.0;320490.79;0.32049078999999997;1646;194.70886391251517;1;;;;;;;;;;;2024;1646
2024;Non;75;Nouvelle-Aquitaine;33;Gironde;200044394;Communauté de communes du Réolais en Sud Gironde;5;Non;Non;Non;1;Non;33352;La Réole;Commune;213303522;33352;LA REOLE;Dépenses d'investissement;2494075.71;0.0;0.0;2494075.71;2.49407571;4478;556.9619718624385;1;;;;;;;;;;;2024;4478
2024;Non;75;Nouvelle-Aquitaine;33;Gironde;200069599;Communauté de communes rurales de l'Entre-Deux-Mers;1;Oui;Non;Non;1;Non;33353;Rimons;Commune;213303530;33353;RIMONS;Dépenses d'investissement;23928.51;0.0;0.0;23928.51;0.02392851;199;120.2437688442211;1;;;;;;;;;;;2024;199
2024;Non;75;Nouvelle-Aquitaine;33;Gironde;243301371;Communauté de communes du Pays Foyen;2;Oui;Non;Non;1;Non;33354;Riocaud;Commune;213303548;33354;RIOCAUD;Dépenses d'investissement;70095.04;0.0;0.0;70095.04;0.07009504;201;348.7315422885572;1;;;;;;;;;;;2024;201
2024;Non;75;Nouvelle-Aquitaine;33;Gironde;200069581;Communauté de communes Convergence Garonne;3;Oui;Non;Non;1;Non;33355;Rions;Commune;213303555;33355;RIONS;Dépenses d'investissement;415830.47;0.0;0.0;415830.47;0.41583046999999995;1537;270.54682498373455;1;;;;;;;;;;;2024;1537
2024;Non;75;Nouvelle-Aquitaine;33;Gironde;243301397;Communauté de communes du Fronsadais;2;Oui;Non;Non;2;Non;33356;La Rivière;Commune;213303563;33356;LA RIVIERE;Dépenses d'investissement;48235.47;0.0;0.0;48235.47;0.04823547;423;114.0318439716312;1;;;;;;;;;;;2024;423
2024;Non;75;Nouvelle-Aquitaine;33;Gironde;200043974;Communauté de communes du Sud Gironde;3;Oui;Non;Non;2;Non;33357;Roaillan;Commune;213303571;33357;ROAILLAN;Dépenses d'investissement;467734.18;0.0;0.0;467734.18;0.46773418;1809;258.5595245992261;1;;;;;;;;;;;2024;1809
2024;Non;75;Nouvelle-Aquitaine;33;Gironde;200069599;Communauté de communes rurales de l'Entre-Deux-Mers;2;Oui;Non;Oui;1;Non;33358;Romagne;Commune;213303589;33358;ROMAGNE;Dépenses d'investissement;14532.4;0.0;0.0;14532.4;0.0145324;485;29.963711340206185;1;;;;;;;;;;;2024;485
2024;Non;75;Nouvelle-Aquitaine;33;Gironde;200044394;Communauté de communes du Réolais en Sud Gironde;2;Oui;Non;Non;1;Non;33359;Roquebrune;Commune;213303597;33359;ROQUEBRUNE;Dépenses d'investissement;108342.64;0.0;0.0;108342.64;0.10834264;288;376.1897222222222;1;;;;;;;;;;;2024;288
2024;Non;75;Nouvelle-Aquitaine;33;Gironde;243301371;Communauté de communes du Pays Foyen;2;Oui;Non;Non;1;Non;33360;La Roquille;Commune;213303605;33360;LA ROQUILLE;Dépenses d'investissement;34889.96;0.0;0.0;34889.96;0.03488996;315;110.76177777777778;1;;;;;;;;;;;2024;315
2024;Non;75;Nouvelle-Aquitaine;33;Gironde;243301454;Communauté de communes Castillon/Pujols;3;Oui;Non;Non;1;Non;33361;Ruch;Commune;213303613;33361;RUCH;Dépenses d'investissement;180242.54;0.0;0.0;180242.54;0.18024254;570;316.2149824561404;1;;;;;;;;;;;2024;570
2024;Non;75;Nouvelle-Aquitaine;33;Gironde;200070092;Communauté d'agglomération du Libournais;3;Oui;Non;Non;1;Non;33362;Sablons;Commune;213303621;33362;SABLONS;Dépenses d'investissement;97129.62;0.0;0.0;97129.62;0.09712962;1326;73.25009049773756;1;;;;;;;;;;;2024;1326
2024;Non;75;Nouvelle-Aquitaine;33;Gironde;243301215;Communauté de communes du Créonnais;5;Non;Non;Non;2;Non;33363;Sadirac;Commune;213303639;33363;SADIRAC;Dépenses d'investissement;1176598.12;0.0;0.0;1176598.12;1.1765981200000002;4759;247.2364194158437;1;;;;;;;;;;;2024;4759
2024;Non;75;Nouvelle-Aquitaine;33;Gironde;243301397;Communauté de communes du Fronsadais;2;Oui;Non;Non;2;Non;33364;Saillans;Commune;213303647;33364;SAILLANS;Dépenses d'investissement;60764.94;0.0;0.0;60764.94;0.06076494;379;160.32965699208444;1;;;;;;;;;;;2024;379
2024;Non;75;Nouvelle-Aquitaine;33;Gironde;243301397;Communauté de communes du Fronsadais;2;Oui;Non;Non;2;Non;33365;Saint-Aignan;Commune;213303654;33365;SAINT-AIGNAN;Dépenses d'investissement;75959.75;0.0;0.0;75959.75;0.07595975;207;366.95531400966183;1;;;;;;;;;;;2024;207
2024;Non;75;Nouvelle-Aquitaine;33;Gironde;243301223;Communauté de communes du Grand Cubzaguais;7;Non;Non;Non;1;Non;33366;Saint-André-de-Cubzac;Commune;213303662;33366;SAINT-ANDRE-DE-CUBZAC;Dépenses d'investissement;7205423.26;1295.0;0.0;7206718.26;7.20671826;13039;552.7048285911496;1;;;;;;;;;;;2024;13039
2024;Non;75;Nouvelle-Aquitaine;33;Gironde;200043974;Communauté de communes du Sud Gironde;2;Oui;Non;Oui;1;Non;33367;Saint-André-du-Bois;Commune;213303670;33367;SAINT-ANDRE-DU-BOIS;Dépenses d'investissement;158351.52;0.0;0.0;158351.52;0.15835152;434;364.8652534562212;1;;;;;;;;;;;2024;434
2024;Non;75;Nouvelle-Aquitaine;33;Gironde;243301371;Communauté de communes du Pays Foyen;3;Oui;Non;Non;2;Non;33369;Saint-André-et-Appelles;Commune;213303696;33369;SAINT-ANDRE-ET-APPELLES;Dépenses d'investissement;54122.52;0.0;0.0;54122.52;0.05412251999999999;680;79.59194117647058;1;;;;;;;;;;;2024;680
2024;Non;75;Nouvelle-Aquitaine;33;Gironde;243300811;Communauté de communes de l'Estuaire;3;Oui;Non;Non;1;Non;33370;Saint-Androny;Commune;213303704;33370;SAINT-ANDRONY;Dépenses d'investissement;99445.56;0.0;0.0;99445.56;0.09944556;578;172.0511418685121;1;;;;;;;;;;;2024;578
2024;Non;75;Nouvelle-Aquitaine;33;Gironde;200069599;Communauté de communes rurales de l'Entre-Deux-Mers;0;Oui;Non;Non;2;Non;33372;Saint-Antoine-du-Queyret;Commune;213303720;33372;SAINT-ANTOINE-DU-QUEYRET;Dépenses d'investissement;9026.4;0.0;0.0;9026.4;0.0090264;58;155.62758620689655;1;;;;;;;;;;;2024;58
2024;Non;75;Nouvelle-Aquitaine;33;Gironde;200070092;Communauté d'agglomération du Libournais;3;Non;Non;Non;1;Non;33373;Saint-Antoine-sur-l'Isle;Commune;213303738;33373;SAINT-ANTOINE-SUR-L'ISLE;Dépenses d'investissement;99594.26;0.0;0.0;99594.26;0.09959425999999999;589;169.0904244482173;1;;;;;;;;;;;2024;589
2024;Non;75;Nouvelle-Aquitaine;33;Gironde;243300811;Communauté de communes de l'Estuaire;3;Oui;Non;Non;1;Non;33374;Saint-Aubin-de-Blaye;Commune;213303746;33374;SAINT-AUBIN-DE-BLAYE;Dépenses d'investissement;93425.13;56529.83;0.0;149954.96;0.14995496;855;175.38591812865496;1;;;;;;;;;;;2024;855
2024;Non;75;Nouvelle-Aquitaine;33;Gironde;243301454;Communauté de communes Castillon/Pujols;2;Oui;Non;Non;2;Non;33375;Saint-Aubin-de-Branne;Commune;213303753;33375;SAINT-AUBIN-DE-BRANNE;Dépenses d'investissement;78405.85;0.0;0.0;78405.85;0.07840585;387;202.59909560723517;1;;;;;;;;;;;2024;387
2024;Non;75;Nouvelle-Aquitaine;33;Gironde;243300316;Bordeaux Métropole;6;Non;Non;Non;3;Non;33376;Saint-Aubin-de-Médoc;Commune;213303761;33376;SAINT-AUBIN-MEDOC;Dépenses d'investissement;2472246.47;2560.86;0.0;2474807.33;2.47480733;7799;317.3236735478908;1;;;;;;;;;;;2024;7799
2024;Non;75;Nouvelle-Aquitaine;33;Gironde;243301371;Communauté de communes du Pays Foyen;0;Oui;Non;Non;2;Non;33377;Saint-Avit-de-Soulège;Commune;213303779;33377;SAINT-AVIT-DE-SOULEGE;Dépenses d'investissement;52300.47;0.0;0.0;52300.47;0.05230047;80;653.7558750000001;1;;;;;;;;;;;2024;80
2024;Non;75;Nouvelle-Aquitaine;33;Gironde;243301371;Communauté de communes du Pays Foyen;3;Non;Non;Non;1;Non;33378;Saint-Avit-Saint-Nazaire;Commune;213303787;33378;SAINT-AVIT-SAINT-NAZAIRE;Dépenses d'investissement;320972.86;0.0;0.0;320972.86;0.32097285999999997;1509;212.70567263088137;1;;;;;;;;;;;2024;1509
2024;Non;75;Nouvelle-Aquitaine;33;Gironde;200069599;Communauté de communes rurales de l'Entre-Deux-Mers;2;Oui;Non;Non;1;Non;33379;Saint-Brice;Commune;213303795;33379;SAINT-BRICE;Dépenses d'investissement;6485.67;0.0;0.0;6485.67;0.00648567;315;20.58942857142857;1;;;;;;;;;;;2024;315
2024;Non;75;Nouvelle-Aquitaine;33;Gironde;243301439;Communauté de communes des Portes de l'Entre-Deux-Mers;4;Non;Non;Non;2;Non;33381;Saint-Caprais-de-Bordeaux;Commune;213303811;33381;SAINT-CAPRAIS-DE-BORDEAUX;Dépenses d'investissement;310098.01;0.0;0.0;310098.01;0.31009801000000004;3490;88.85329799426934;1;;;;;;;;;;;2024;3490
2024;Non;75;Nouvelle-Aquitaine;33;Gironde;200023794;Communauté de communes de Blaye;3;Oui;Non;Non;1;Non;33382;Saint-Christoly-de-Blaye;Commune;213303829;33382;SAINT-CHRISTOLY-DE-BLAYE;Dépenses d'investissement;579655.38;0.0;0.0;579655.38;0.57965538;1906;304.12139559286464;1;;;;;;;;;;;2024;1906
2024;Non;75;Nouvelle-Aquitaine;33;Gironde;200069995;Communauté de communes Médoc Cœur de Presqu'île;2;Oui;Non;Non;1;Non;33383;Saint-Christoly-Médoc;Commune;213303837;33383;SAINT-CHRISTOLY-MEDOC;Dépenses d'investissement;128025.24;0.0;0.0;128025.24;0.12802524;279;458.87182795698925;1;;;;;;;;;;;2024;279
2024;Non;75;Nouvelle-Aquitaine;33;Gironde;200035533;Communauté de communes du Grand Saint-Émilionnais;2;Non;Non;Non;2;Non;33384;Saint-Christophe-des-Bardes;Commune;213303845;33384;SAINT-CHRISTOPHE-DES-BARDES;Dépenses d'investissement;171158.47;0.0;0.0;171158.47;0.17115847;403;424.7108436724566;1;;;;;;;;;;;2024;403
2024;Non;75;Nouvelle-Aquitaine;33;Gironde;200070092;Communauté d'agglomération du Libournais;3;Oui;Non;Non;1;Non;33385;Saint-Christophe-de-Double;Commune;213303852;33385;SAINT-CHRISTOPHE-DE-DOUBLE;Dépenses d'investissement;273103.64;65519.72;0.0;338623.36;0.33862336;617;548.822301458671;1;;;;;;;;;;;2024;617
2024;Non;75;Nouvelle-Aquitaine;33;Gironde;200035533;Communauté de communes du Grand Saint-Émilionnais;1;Oui;Non;Non;1;Non;33386;Saint-Cibard;Commune;213303860;33386;SAINT-CIBARD;Dépenses d'investissement;247919.48;0.0;0.0;247919.48;0.24791948;198;1252.118585858586;1;;;;;;;;;;;2024;198
2024;Non;75;Nouvelle-Aquitaine;33;Gironde;200070092;Communauté d'agglomération du Libournais;3;Oui;Non;Non;1;Non;33387;Saint-Ciers-d'Abzac;Commune;213303878;33387;SAINT-CIERS-D'ABZAC;Dépenses d'investissement;360298.72;10532.66;0.0;370831.38;0.37083138;1538;241.11273081924577;1;;;;;;;;;;;2024;1538
2024;Non;75;Nouvelle-Aquitaine;33;Gironde;200023794;Communauté de communes de Blaye;3;Oui;Non;Non;1;Non;33388;Saint-Ciers-de-Canesse;Commune;213303886;33388;SAINT-CIERS-DE-CANESSE;Dépenses d'investissement;179648.13;0.0;0.0;179648.13;0.17964813000000002;776;231.50532216494847;1;;;;;;;;;;;2024;776
2024;Non;75;Nouvelle-Aquitaine;33;Gironde;243300811;Communauté de communes de l'Estuaire;4;Non;Non;Non;1;Non;33389;Saint-Ciers-sur-Gironde;Commune;213303894;33389;SAINT-CIERS-SUR-GIRONDE;Dépenses d'investissement;705979.84;62624.68;0.0;768604.52;0.76860452;3123;246.11095741274417;1;;;;;;;;;;;2024;3123
2024;Non;75;Nouvelle-Aquitaine;33;Gironde;243301454;Communauté de communes Castillon/Pujols;2;Oui;Non;Non;1;Non;33390;Sainte-Colombe;Commune;213303902;33390;SAINTE-COLOMBE;Dépenses d'investissement;34530.71;0.0;0.0;34530.71;0.03453071;434;79.56384792626729;1;;;;;;;;;;;2024;434
2024;Non;75;Nouvelle-Aquitaine;33;Gironde;200043982;Communauté de communes du Bazadais;2;Non;Non;Non;1;Non;33391;Saint-Côme;Commune;213303910;33391;SAINT-COME;Dépenses d'investissement;156364.0;0.0;0.0;156364.0;0.156364;336;465.3690476190476;1;;;;;;;;;;;2024;336
2024;Non;75;Nouvelle-Aquitaine;33;Gironde;200069581;Communauté de communes Convergence Garonne;3;Oui;Non;Non;1;Non;33392;Sainte-Croix-du-Mont;Commune;213303928;33392;SAINTE-CROIX-DU-MONT;Dépenses d'investissement;172932.5;89375.89;0.0;262308.39;0.26230839;861;304.65550522648084;1;;;;;;;;;;;2024;861
2024;Non;75;Nouvelle-Aquitaine;33;Gironde;200070092;Communauté d'agglomération du Libournais;6;Non;Non;Non;1;Non;33393;Saint-Denis-de-Pile;Commune;213303936;33393;SAINT-DENIS-DE-PILE;Dépenses d'investissement;2822721.68;0.0;28789.16;2793932.52;2.79393252;5889;474.4324197656648;1;;;;;;;;;;;2024;5889
2024;Non;75;Nouvelle-Aquitaine;33;Gironde;200035533;Communauté de communes du Grand Saint-Émilionnais;3;Non;Non;Oui;3;Non;33394;Saint-Émilion;Commune;213303944;33394;SAINT-EMILION;Dépenses d'investissement;1278799.46;0.0;0.0;1278799.46;1.2787994599999999;1817;703.7971711612548;1;;;;;;;;;;;2024;1817
2024;Non;75;Nouvelle-Aquitaine;33;Gironde;200069995;Communauté de communes Médoc Cœur de Presqu'île;3;Oui;Non;Non;1;Non;33395;Saint-Estèphe;Commune;213303951;33395;SAINT-ESTEPHE;Dépenses d'investissement;260550.56;0.0;0.0;260550.56;0.26055056;1654;157.5275453446191;1;;;;;;;;;;;2024;1654
2024;Non;75;Nouvelle-Aquitaine;33;Gironde;200035533;Communauté de communes du Grand Saint-Émilionnais;1;Non;Non;Non;2;Non;33396;Saint-Étienne-de-Lisse;Commune;213303969;33396;SAINT-ETIENNE-DE-LISSE;Dépenses d'investissement;4680.87;0.0;0.0;4680.87;0.00468087;191;24.507172774869108;1;;;;;;;;;;;2024;191
2024;Non;75;Nouvelle-Aquitaine;33;Gironde;243301249;Communauté de communes Les Rives de la Laurence;6;Non;Non;Non;2;Non;33397;Sainte-Eulalie;Commune;213303977;33397;SAINTE-EULALIE;Dépenses d'investissement;4857725.75;120000.0;0.0;4977725.75;4.97772575;5008;993.954822284345;1;;;;;;;;;;;2024;5008
2024;Non;75;Nouvelle-Aquitaine;33;Gironde;200044394;Communauté de communes du Réolais en Sud Gironde;1;Oui;Non;Non;1;Non;33398;Saint-Exupéry;Commune;213303985;33398;SAINT-EXUPERY;Dépenses d'investissement;39586.65;0.0;0.0;39586.65;0.03958665;172;230.15494186046513;1;;;;;;;;;;;2024;172
2024;Non;75;Nouvelle-Aquitaine;33;Gironde;200069599;Communauté de communes rurales de l'Entre-Deux-Mers;2;Oui;Non;Non;1;Non;33399;Saint-Félix-de-Foncaude;Commune;213303993;33399;SAINT-FELIX-DE-FONCAUDE;Dépenses d'investissement;16092.48;0.0;0.0;16092.48;0.01609248;297;54.18343434343434;1;;;;;;;;;;;2024;297
2024;Non;75;Nouvelle-Aquitaine;33;Gironde;200069599;Communauté de communes rurales de l'Entre-Deux-Mers;2;Oui;Non;Non;2;Non;33400;Saint-Ferme;Commune;213304009;33400;SAINT-FERME;Dépenses d'investissement;19707.0;11732.63;0.0;31439.63;0.03143963;343;91.66072886297377;1;;;;;;;;;;;2024;343
2024;Non;75;Nouvelle-Aquitaine;33;Gironde;243301454;Communauté de communes Castillon/Pujols;1;Oui;Non;Non;1;Non;33401;Sainte-Florence;Commune;213304017;33401;SAINTE-FLORENCE;Dépenses d'investissement;236164.77;0.0;0.0;236164.77;0.23616477;149;1584.998456375839;1;;;;;;;;;;;2024;149
2024;Non;75;Nouvelle-Aquitaine;33;Gironde;243301371;Communauté de communes du Pays Foyen;4;Non;Non;Non;0;Oui;33402;Sainte-Foy-la-Grande;Commune;213304025;33402;SAINTE-FOY-LA-GRANDE;Dépenses d'investissement;2869979.87;0.0;0.0;2869979.87;2.8699798700000003;2626;1092.9093183549126;1;;;;;;;;;;;2024;2626
2024;Non;75;Nouvelle-Aquitaine;33;Gironde;200044394;Communauté de communes du Réolais en Sud Gironde;1;Oui;Non;Oui;1;Non;33403;Sainte-Foy-la-Longue;Commune;213304033;33403;SAINTE-FOY-LA-LONGUE;Dépenses d'investissement;89176.81;0.0;0.0;89176.81;0.08917681;140;636.9772142857142;1;;;;;;;;;;;2024;140
2024;Non;75;Nouvelle-Aquitaine;33;Gironde;200069599;Communauté de communes rurales de l'Entre-Deux-Mers;1;Oui;Non;Non;1;Non;33404;Sainte-Gemme;Commune;213304041;33404;SAINTE-GEMME;Dépenses d'investissement;37662.68;0.0;0.0;37662.68;0.03766268;198;190.21555555555557;1;;;;;;;;;;;2024;198
2024;Non;75;Nouvelle-Aquitaine;33;Gironde;200023794;Communauté de communes de Blaye;3;Non;Non;Non;2;Non;33405;Saint-Genès-de-Blaye;Commune;213304058;33405;SAINT-GENES-DE-BLAYE;Dépenses d'investissement;251041.08;0.0;0.0;251041.08;0.25104107999999997;510;492.2374117647059;1;;;;;;;;;;;2024;510
2024;Non;75;Nouvelle-Aquitaine;33;Gironde;200035533;Communauté de communes du Grand Saint-Émilionnais;2;Oui;Non;Non;2;Non;33406;Saint-Genès-de-Castillon;Commune;213304066;33406;SAINT-GENES-DE-CASTILLON;Dépenses d'investissement;33775.95;0.0;0.0;33775.95;0.03377595;378;89.35436507936507;1;;;;;;;;;;;2024;378
2024;Non;75;Nouvelle-Aquitaine;33;Gironde;243301397;Communauté de communes du Fronsadais;3;Oui;Non;Non;1;Non;33407;Saint-Genès-de-Fronsac;Commune;213304074;33407;SAINT-GENES-DE-FRONSAC;Dépenses d'investissement;120900.29;0.0;0.0;120900.29;0.12090029;952;126.99610294117646;1;;;;;;;;;;;2024;952
2024;Non;75;Nouvelle-Aquitaine;33;Gironde;243301215;Communauté de communes du Créonnais;2;Oui;Non;Non;5;Non;33408;Saint-Genès-de-Lombaud;Commune;213304082;33408;SAINT-GENES-DE-LOMBAUD;Dépenses d'investissement;181075.21;0.0;0.0;181075.21;0.18107521;401;451.55912718204485;1;;;;;;;;;;;2024;401
2024;Non;75;Nouvelle-Aquitaine;33;Gironde;200069599;Communauté de communes rurales de l'Entre-Deux-Mers;0;Oui;Non;Oui;3;Non;33409;Saint-Genis-du-Bois;Commune;213304090;33409;SAINT-GENIS-DU-BOIS;Dépenses d'investissement;4208.92;0.0;0.0;4208.92;0.00420892;87;48.3783908045977;1;;;;;;;;;;;2024;87
2024;Non;75;Nouvelle-Aquitaine;33;Gironde;200043974;Communauté de communes du Sud Gironde;1;Oui;Non;Oui;2;Non;33411;Saint-Germain-de-Grave;Commune;213304116;33411;SAINT-GERMAIN-DE-GRAVE;Dépenses d'investissement;46361.57;0.0;0.0;46361.57;0.04636157;153;303.0167973856209;1;;;;;;;;;;;2024;153
2024;Non;75;Nouvelle-Aquitaine;33;Gironde;200069995;Communauté de communes Médoc Cœur de Presqu'île;3;Oui;Non;Non;1;Non;33412;Saint-Germain-d'Esteuil;Commune;213304124;33412;SAINT-GERMAIN-D'ESTEUIL;Dépenses d'investissement;230906.16;0.0;0.0;230906.16;0.23090616;1329;173.74428893905193;1;;;;;;;;;;;2024;1329
2024;Non;75;Nouvelle-Aquitaine;33;Gironde;200070092;Communauté d'agglomération du Libournais;4;Oui;Non;Non;2;Non;33413;Saint-Germain-du-Puch;Commune;213304132;33413;SAINT-GERMAIN-DU-PUCH;Dépenses d'investissement;507525.59;0.0;0.0;507525.59;0.50752559;2327;218.10296089385477;1;;;;;;;;;;;2024;2327
2024;Non;75;Nouvelle-Aquitaine;33;Gironde;243301397;Communauté de communes du Fronsadais;2;Oui;Non;Non;1;Non;33414;Saint-Germain-de-la-Rivière;Commune;213304140;33414;SAINT-GERMAIN-LA-RIVIERE;Dépenses d'investissement;61994.05;0.0;0.0;61994.05;0.06199405;398;155.7639447236181;1;;;;;;;;;;;2024;398
2024;Non;75;Nouvelle-Aquitaine;33;Gironde;243301223;Communauté de communes du Grand Cubzaguais;3;Non;Non;Non;2;Non;33415;Saint-Gervais;Commune;213304157;33415;SAINT-GERVAIS;Dépenses d'investissement;398986.34;0.0;0.0;398986.34;0.39898634000000005;1968;202.73696138211383;1;;;;;;;;;;;2024;1968
2024;Non;75;Nouvelle-Aquitaine;33;Gironde;200023794;Communauté de communes de Blaye;3;Oui;Non;Non;1;Non;33416;Saint-Girons-d'Aiguevives;Commune;213304165;33416;SAINT-GIRONS-D'AIGUEVIVES;Dépenses d'investissement;141563.76;0.0;0.0;141563.76;0.14156376;963;147.00286604361372;1;;;;;;;;;;;2024;963
2024;Non;75;Nouvelle-Aquitaine;33;Gironde;243301389;Communauté de communes Médullienne;4;Non;Non;Non;2;Non;33417;Sainte-Hélène;Commune;213304173;33417;SAINTE-HELENE;Dépenses d'investissement;2573552.29;114781.09;0.0;2688333.38;2.68833338;3052;880.8431782437746;1;;;;;;;;;;;2024;3052
2024;Non;75;Nouvelle-Aquitaine;33;Gironde;200044394;Communauté de communes du Réolais en Sud Gironde;2;Oui;Non;Non;1;Non;33418;Saint-Hilaire-de-la-Noaille;Commune;213304181;33418;SAINT-HILAIRE-DE-LA-NOAILLE;Dépenses d'investissement;53318.19;0.0;0.0;53318.19;0.05331819;384;138.849453125;1;;;;;;;;;;;2024;384
2024;Non;75;Nouvelle-Aquitaine;33;Gironde;200069599;Communauté de communes rurales de l'Entre-Deux-Mers;0;Oui;Non;Non;1;Non;33419;Saint-Hilaire-du-Bois;Commune;213304199;33419;SAINT-HILAIRE-DU-BOIS;Dépenses d'investissement;61285.28;0.0;0.0;61285.28;0.06128528;81;756.6083950617284;1;;;;;;;;;;;2024;81
2024;Non;75;Nouvelle-Aquitaine;33;Gironde;200035533;Communauté de communes du Grand Saint-Émilionnais;1;Non;Non;Non;2;Non;33420;Saint-Hippolyte;Commune;213304207;33420;SAINT-HIPPOLYTE;Dépenses d'investissement;23907.17;0.0;0.0;23907.17;0.02390717;132;181.11492424242422;1;;;;;;;;;;;2024;132
2024;Non;75;Nouvelle-Aquitaine;33;Gironde;243301454;Communauté de communes Castillon/Pujols;2;Oui;Non;Non;2;Non;33421;Saint-Jean-de-Blaignac;Commune;213304215;33421;SAINT-JEAN-DE-BLAIGNAC;Dépenses d'investissement;423831.14;13183.48;0.0;437014.62;0.43701462;460;950.0317826086956;1;;;;;;;;;;;2024;460
2024;Non;75;Nouvelle-Aquitaine;33;Gironde;243301165;Communauté de communes Jalle-Eau-Bourde;6;Non;Non;Non;2;Non;33422;Saint-Jean-d'Illac;Commune;213304223;33422;SAINT-JEAN-D'ILLAC;Dépenses d'investissement;4953343.54;32567.54;0.0;4985911.08;4.98591108;9479;525.9954720962127;1;;;;;;;;;;;2024;9479
2024;Non;75;Nouvelle-Aquitaine;33;Gironde;200069995;Communauté de communes Médoc Cœur de Presqu'île;3;Oui;Non;Non;2;Non;33423;Saint-Julien-Beychevelle;Commune;213304231;33423;SAINT-JULIEN-DE-BEYCHEVELLE;Dépenses d'investissement;468681.02;29837.34;0.0;498518.36;0.49851836;616;809.2830519480519;1;;;;;;;;;;;2024;616
2024;Non;75;Nouvelle-Aquitaine;33;Gironde;200069995;Communauté de communes Médoc Cœur de Presqu'île;6;Non;Non;Non;1;Non;33424;Saint-Laurent-Médoc;Commune;213304249;33424;SAINT-LAURENT-MEDOC;Dépenses d'investissement;1050185.85;92709.44;0.0;1142895.29;1.14289529;5035;226.9901271102284;1;;;;;;;;;;;2024;5035
2024;Non;75;Nouvelle-Aquitaine;33;Gironde;243301223;Communauté de communes du Grand Cubzaguais;3;Non;Non;Non;2;Non;33425;Saint-Laurent-d'Arce;Commune;213304256;33425;SAINT-LAURENT-D'ARCE;Dépenses d'investissement;295311.02;0.0;0.0;295311.02;0.29531102000000004;1555;189.91062379421223;1;;;;;;;;;;;2024;1555
2024;Non;75;Nouvelle-Aquitaine;33;Gironde;200035533;Communauté de communes du Grand Saint-Émilionnais;2;Non;Non;Non;4;Non;33426;Saint-Laurent-des-Combes;Commune;213304264;33426;SAINT-LAURENT-DES-COMBES;Dépenses d'investissement;12792.41;0.0;0.0;12792.41;0.01279241;241;53.08053941908714;1;;;;;;;;;;;2024;241
2024;Non;75;Nouvelle-Aquitaine;33;Gironde;200069599;Communauté de communes rurales de l'Entre-Deux-Mers;2;Oui;Non;Oui;2;Non;33427;Saint-Laurent-du-Bois;Commune;213304272;33427;SAINT-LAURENT-DU-BOIS;Dépenses d'investissement;638024.14;0.0;0.0;638024.14;0.63802414;255;2502.0554509803924;1;;;;;;;;;;;2024;255
2024;Non;75;Nouvelle-Aquitaine;33;Gironde;200044394;Communauté de communes du Réolais en Sud Gironde;0;Oui;Non;Oui;1;Non;33428;Saint-Laurent-du-Plan;Commune;213304280;33428;SAINT-LAURENT-DU-PLAN;Dépenses d'investissement;38540.24;0.0;0.0;38540.24;0.038540239999999996;83;464.3402409638554;1;;;;;;;;;;;2024;83
2024;Non;75;Nouvelle-Aquitaine;33;Gironde;200043974;Communauté de communes du Sud Gironde;2;Oui;Non;Non;1;Non;33429;Saint-Léger-de-Balson;Commune;213304298;33429;SAINT-LEGER-DE-BALSON;Dépenses d'investissement;53731.95;20287.02;0.0;74018.97;0.07401897;324;228.45361111111112;1;;;;;;;;;;;2024;324
2024;Non;75;Nouvelle-Aquitaine;33;Gironde;243301215;Communauté de communes du Créonnais;2;Oui;Non;Non;4;Non;33431;Saint-Léon;Commune;213304314;33431;SAINT-LEON;Dépenses d'investissement;147118.73;0.0;0.0;147118.73;0.14711873;321;458.313800623053;1;;;;;;;;;;;2024;321
2024;Non;75;Nouvelle-Aquitaine;33;Gironde;200043974;Communauté de communes du Sud Gironde;2;Non;Non;Non;1;Non;33432;Saint-Loubert;Commune;213304322;33432;SAINT-LOUBERT;Dépenses d'investissement;32101.56;0.0;0.0;32101.56;0.03210156;240;133.75650000000002;1;;;;;;;;;;;2024;240
2024;Non;75;Nouvelle-Aquitaine;33;Gironde;243301249;Communauté de communes Les Rives de la Laurence;7;Non;Non;Non;2;Non;33433;Saint-Loubès;Commune;213304330;33433;SAINT-LOUBES;Dépenses d'investissement;4067904.67;64040.67;0.0;4131945.34;4.13194534;10113;408.57760704044296;1;;;;;;;;;;;2024;10113
2024;Non;75;Nouvelle-Aquitaine;33;Gironde;243300316;Bordeaux Métropole;4;Non;Non;Non;1;Non;33434;Saint-Louis-de-Montferrand;Commune;213304348;33434;SAINT-LOUIS-DE-MONTFERRAND;Dépenses d'investissement;213749.12;0.0;0.0;213749.12;0.21374912;2160;98.95792592592592;1;;;;;;;;;;;2024;2160
2024;Non;75;Nouvelle-Aquitaine;33;Gironde;200043974;Communauté de communes du Sud Gironde;4;Non;Non;Oui;1;Non;33435;Saint-Macaire;Commune;213304355;33435;SAINT-MACAIRE;Dépenses d'investissement;557939.94;35948.22;0.0;593888.16;0.59388816;2123;279.7400659444183;1;;;;;;;;;;;2024;2123
2024;Non;75;Nouvelle-Aquitaine;33;Gironde;243301405;Communauté de communes du Val de l'Eyre;3;Oui;Non;Non;1;Non;33436;Saint-Magne;Commune;213304363;33436;SAINT-MAGNE;Dépenses d'investissement;1220812.15;0.0;0.0;1220812.15;1.22081215;1184;1031.0913429054053;1;;;;;;;;;;;2024;1184
2024;Non;75;Nouvelle-Aquitaine;33;Gironde;243301454;Communauté de communes Castillon/Pujols;4;Non;Non;Non;1;Non;33437;Saint-Magne-de-Castillon;Commune;213304371;33437;SAINT-MAGNE-DE-CASTILLON;Dépenses d'investissement;871914.94;0.0;0.0;871914.94;0.8719149399999999;2116;412.0581001890359;1;;;;;;;;;;;2024;2116
2024;Non;75;Nouvelle-Aquitaine;33;Gironde;200043974;Communauté de communes du Sud Gironde;4;Non;Non;Oui;1;Non;33438;Saint-Maixant;Commune;213304389;33438;SAINT-MAIXANT;Dépenses d'investissement;523543.7;0.0;0.0;523543.7;0.5235437000000001;2085;251.1000959232614;1;;;;;;;;;;;2024;2085
2024;Non;75;Nouvelle-Aquitaine;33;Gironde;243301181;Communauté de communes Latitude Nord Gironde;3;Non;Non;Non;1;Non;33439;Saint-Mariens;Commune;213304397;33439;SAINT-MARIENS;Dépenses d'investissement;117736.09;43500.0;0.0;161236.09;0.16123609;1644;98.07548053527981;1;;;;;;;;;;;2024;1644
2024;Non;75;Nouvelle-Aquitaine;33;Gironde;200043974;Communauté de communes du Sud Gironde;2;Oui;Non;Oui;1;Non;33440;Saint-Martial;Commune;213304405;33440;SAINT-MARTIAL;Dépenses d'investissement;81847.87;0.0;0.0;81847.87;0.08184786999999999;240;341.03279166666664;1;;;;;;;;;;;2024;240
2024;Non;75;Nouvelle-Aquitaine;33;Gironde;200023794;Communauté de communes de Blaye;3;Non;Non;Non;2;Non;33441;Saint-Martin-Lacaussade;Commune;213304413;33441;SAINT-MARTIN-LACAUSSADE;Dépenses d'investissement;146713.85;0.0;0.0;146713.85;0.14671385;1264;116.0710838607595;1;;;;;;;;;;;2024;1264
2024;Non;75;Nouvelle-Aquitaine;33;Gironde;200070092;Communauté d'agglomération du Libournais;3;Oui;Non;Non;1;Non;33442;Saint-Martin-de-Laye;Commune;213304421;33442;SAINT-MARTIN-DE-LAYE;Dépenses d'investissement;39261.49;0.0;0.0;39261.49;0.039261489999999996;558;70.36109318996415;1;;;;;;;;;;;2024;558
2024;Non;75;Nouvelle-Aquitaine;33;Gironde;200069599;Communauté de communes rurales de l'Entre-Deux-Mers;1;Oui;Non;Non;1;Non;33443;Saint-Martin-de-Lerm;Commune;213304439;33443;SAINT MARTIN DE LERM;Dépenses d'investissement;64901.07;0.0;0.0;64901.07;0.06490107;160;405.6316875;1;;;;;;;;;;;2024;160
2024;Non;75;Nouvelle-Aquitaine;33;Gironde;200044394;Communauté de communes du Réolais en Sud Gironde;3;Non;Non;Oui;2;Non;33444;Saint-Martin-de-Sescas;Commune;213304447;33444;SAINT-MARTIN-DE-SESCAS;Dépenses d'investissement;707556.85;0.0;0.0;707556.85;0.70755685;578;1224.1467993079584;1;;;;;;;;;;;2024;578
2024;Non;75;Nouvelle-Aquitaine;33;Gironde;200070092;Communauté d'agglomération du Libournais;3;Oui;Non;Non;2;Non;33445;Saint-Martin-du-Bois;Commune;213304454;33445;SAINT-MARTIN-DU-BOIS;Dépenses d'investissement;214710.33;0.0;0.0;214710.33;0.21471032999999998;848;253.19614386792452;1;;;;;;;;;;;2024;848
2024;Non;75;Nouvelle-Aquitaine;33;Gironde;200069599;Communauté de communes rurales de l'Entre-Deux-Mers;1;Oui;Non;Non;2;Non;33446;Saint-Martin-du-Puy;Commune;213304462;33446;SAINT-MARTIN-DU-PUY;Dépenses d'investissement;162827.02;0.0;0.0;162827.02;0.16282702;162;1005.105061728395;1;;;;;;;;;;;2024;162
2024;Non;75;Nouvelle-Aquitaine;33;Gironde;200070092;Communauté d'agglomération du Libournais;4;Non;Non;Non;1;Non;33447;Saint-Médard-de-Guizières;Commune;213304470;33447;SAINT-MEDARD-DE-GUIZIERES;Dépenses d'investissement;1179402.41;0.0;0.0;1179402.41;1.17940241;2407;489.9885375986705;1;;;;;;;;;;;2024;2407
2024;Non;75;Nouvelle-Aquitaine;33;Gironde;243301264;Communauté de communes de Montesquieu;4;Non;Non;Non;2;Non;33448;Saint-Médard-d'Eyrans;Commune;213304488;33448;SAINT-MEDARD-D'EYRANS;Dépenses d'investissement;949917.87;0.0;0.0;949917.87;0.9499178699999999;3305;287.41841754916794;1;;;;;;;;;;;2024;3305
2024;Non;75;Nouvelle-Aquitaine;33;Gironde;243300316;Bordeaux Métropole;8;Non;Non;Non;2;Non;33449;Saint-Médard-en-Jalles;Commune;213304496;33449;SAINT-MEDARD-EN-JALLES;Dépenses d'investissement;12743218.14;140471.14;0.0;12883689.28;12.883689279999999;33062;389.6826955417095;1;;;;;;;;;;;2024;33062
2024;Non;75;Nouvelle-Aquitaine;33;Gironde;200043982;Communauté de communes du Bazadais;2;Oui;Non;Non;1;Non;33450;Saint-Michel-de-Castelnau;Commune;213304504;33450;SAINT-MICHEL-DE-CASTELNAU;Dépenses d'investissement;42734.56;0.0;0.0;42734.56;0.04273456;247;173.0144129554656;1;;;;;;;;;;;2024;247
2024;Non;75;Nouvelle-Aquitaine;33;Gironde;243301397;Communauté de communes du Fronsadais;3;Oui;Non;Non;2;Non;33451;Saint-Michel-de-Fronsac;Commune;213304512;33451;SAINT-MICHEL-DE-FRONSAC;Dépenses d'investissement;37541.51;0.0;0.0;37541.51;0.03754151;535;70.17104672897197;1;;;;;;;;;;;2024;535
2024;Non;75;Nouvelle-Aquitaine;33;Gironde;200069581;Communauté de communes Convergence Garonne;3;Oui;Non;Non;1;Non;33452;Saint-Michel-de-Rieufret;Commune;213304520;33452;SAINT-MICHEL-DE-RIEUFRET;Dépenses d'investissement;473445.91;0.0;0.0;473445.91;0.47344590999999997;898;527.2226169265033;1;;;;;;;;;;;2024;898
2024;Non;75;Nouvelle-Aquitaine;33;Gironde;200044394;Communauté de communes du Réolais en Sud Gironde;2;Oui;Non;Non;1;Non;33453;Saint-Michel-de-Lapujade;Commune;213304538;33453;SAINT-MICHEL-DE-LAPUJADE;Dépenses d'investissement;278373.82;0.0;0.0;278373.82;0.27837382;220;1265.3355454545456;1;;;;;;;;;;;2024;220
2024;Non;75;Nouvelle-Aquitaine;33;Gironde;243301264;Communauté de communes de Montesquieu;3;Oui;Non;Non;3;Non;33454;Saint-Morillon;Commune;213304546;33454;SAINT-MORILLON;Dépenses d'investissement;316360.74;0.0;0.0;316360.74;0.31636074;1829;172.96924002186987;1;;;;;;;;;;;2024;1829
2024;Non;75;Nouvelle-Aquitaine;33;Gironde;243300811;Communauté de communes de l'Estuaire;2;Oui;Non;Non;1;Non;33456;Saint-Palais;Commune;213304561;33456;SAINT-PALAIS;Dépenses d'investissement;101883.37;0.0;0.0;101883.37;0.10188337;499;204.1750901803607;1;;;;;;;;;;;2024;499
2024;Non;75;Nouvelle-Aquitaine;33;Gironde;200043974;Communauté de communes du Sud Gironde;3;Non;Non;Non;2;Non;33457;Saint-Pardon-de-Conques;Commune;213304579;33457;SAINT-PARDON-DE-CONQUES;Dépenses d'investissement;280573.22;0.0;0.0;280573.22;0.28057321999999996;630;445.3543174603174;1;;;;;;;;;;;2024;630
2024;Non;75;Nouvelle-Aquitaine;33;Gironde;200023794;Communauté de communes de Blaye;3;Non;Non;Non;1;Non;33458;Saint-Paul;Commune;213304587;33458;SAINT-PAUL-DE-BLAYE;Dépenses d'investissement;313652.1;0.0;0.0;313652.1;0.3136521;1041;301.2988472622478;1;;;;;;;;;;;2024;1041
2024;Non;75;Nouvelle-Aquitaine;33;Gironde;200035533;Communauté de communes du Grand Saint-Émilionnais;1;Oui;Non;Non;2;Non;33459;Saint-Pey-d'Armens;Commune;213304595;33459;SAINT-PEY-D'ARMENS;Dépenses d'investissement;23556.99;0.0;0.0;23556.99;0.02355699;185;127.33508108108109;1;;;;;;;;;;;2024;185
2024;Non;75;Nouvelle-Aquitaine;33;Gironde;243301454;Communauté de communes Castillon/Pujols;3;Oui;Non;Non;2;Non;33460;Saint-Pey-de-Castets;Commune;213304603;33460;SAINT-PEY-DE-CASTETS;Dépenses d'investissement;131841.06;0.0;0.0;131841.06;0.13184106;608;216.8438486842105;1;;;;;;;;;;;2024;608
2024;Non;75;Nouvelle-Aquitaine;33;Gironde;200035533;Communauté de communes du Grand Saint-Émilionnais;2;Oui;Non;Non;1;Non;33461;Saint-Philippe-d'Aiguille;Commune;213304611;33461;SAINT-PHILIPPE-D'AIGUILLE;Dépenses d'investissement;338395.67;0.0;0.0;338395.67;0.33839567;387;874.4074160206718;1;;;;;;;;;;;2024;387
2024;Non;75;Nouvelle-Aquitaine;33;Gironde;243301371;Communauté de communes du Pays Foyen;3;Non;Non;Non;2;Non;33462;Saint-Philippe-du-Seignal;Commune;213304629;33462;SAINT-PHILIPPE-DU-SEIGNAL;Dépenses d'investissement;304330.49;0.0;0.0;304330.49;0.30433049;510;596.7264509803921;1;;;;;;;;;;;2024;510
2024;Non;75;Nouvelle-Aquitaine;33;Gironde;200044394;Communauté de communes du Réolais en Sud Gironde;3;Non;Non;Oui;1;Non;33463;Saint-Pierre-d'Aurillac;Commune;213304637;33463;SAINT-PIERRE-D'AURILLAC;Dépenses d'investissement;217969.92;63930.83;0.0;281900.75;0.28190075;1330;211.95545112781954;1;;;;;;;;;;;2024;1330
2024;Non;75;Nouvelle-Aquitaine;33;Gironde;200069599;Communauté de communes rurales de l'Entre-Deux-Mers;2;Oui;Non;Oui;2;Non;33464;Saint-Pierre-de-Bat;Commune;213304645;33464;SAINT-PIERRE-DE-BAT;Dépenses d'investissement;95263.0;0.0;0.0;95263.0;0.095263;292;326.2431506849315;1;;;;;;;;;;;2024;292
2024;Non;75;Nouvelle-Aquitaine;33;Gironde;200043974;Communauté de communes du Sud Gironde;3;Non;Non;Non;2;Non;33465;Saint-Pierre-de-Mons;Commune;213304652;33465;SAINT-PIERRE-DE-MONS;Dépenses d'investissement;211029.01;17101.33;0.0;228130.34;0.22813034;1259;181.19963463065926;1;;;;;;;;;;;2024;1259
2024;Non;75;Nouvelle-Aquitaine;33;Gironde;200070092;Communauté d'agglomération du Libournais;4;Non;Non;Non;1;Non;33466;Saint-Quentin-de-Baron;Commune;213304660;33466;SAINT-QUENTIN-DE-BARON;Dépenses d'investissement;329432.34;0.0;0.0;329432.34;0.32943234000000005;2708;121.65152880354506;1;;;;;;;;;;;2024;2708
2024;Non;75;Nouvelle-Aquitaine;33;Gironde;243301371;Communauté de communes du Pays Foyen;2;Oui;Non;Non;2;Non;33467;Saint-Quentin-de-Caplong;Commune;213304678;33467;SAINT-QUENTIN-DE-CAPLONG;Dépenses d'investissement;97031.88;0.0;0.0;97031.88;0.09703188;250;388.12752;1;;;;;;;;;;;2024;250
2024;Non;75;Nouvelle-Aquitaine;33;Gironde;243301454;Communauté de communes Castillon/Pujols;2;Oui;Non;Non;1;Non;33468;Sainte-Radegonde;Commune;213304686;33468;SAINTE-RADEGONDE;Dépenses d'investissement;67550.88;0.0;0.0;67550.88;0.06755088000000001;438;154.22575342465754;1;;;;;;;;;;;2024;438
2024;Non;75;Nouvelle-Aquitaine;33;Gironde;243301397;Communauté de communes du Fronsadais;3;Non;Non;Non;2;Non;33470;Saint-Romain-la-Virvée;Commune;213304702;33470;SAINT-ROMAIN-LA-VIRVEE;Dépenses d'investissement;230213.64;0.0;0.0;230213.64;0.23021364000000002;938;245.43031982942432;1;;;;;;;;;;;2024;938
2024;Non;75;Nouvelle-Aquitaine;33;Gironde;200069995;Communauté de communes Médoc Cœur de Presqu'île;3;Oui;Non;Non;2;Non;33471;Saint-Sauveur;Commune;213304710;33471;SAINT-SAUVEUR;Dépenses d'investissement;919894.37;0.0;0.0;919894.37;0.91989437;1286;715.3144401244168;1;;;;;;;;;;;2024;1286
2024;Non;75;Nouvelle-Aquitaine;33;Gironde;200070092;Communauté d'agglomération du Libournais;2;Oui;Non;Non;1;Non;33472;Saint-Sauveur-de-Puynormand;Commune;213304728;33472;SAINT-SAUVEUR-DE-PUYNORMAND;Dépenses d'investissement;88235.51;0.0;0.0;88235.51;0.08823550999999999;372;237.1922311827957;1;;;;;;;;;;;2024;372
2024;Non;75;Nouvelle-Aquitaine;33;Gironde;243301181;Communauté de communes Latitude Nord Gironde;4;Non;Non;Non;1;Non;33473;Saint-Savin;Commune;213304736;33473;SAINT-SAVIN;Dépenses d'investissement;2112014.11;204720.15;0.0;2316734.26;2.3167342599999996;3384;684.6141430260046;1;;;;;;;;;;;2024;3384
2024;Non;75;Nouvelle-Aquitaine;33;Gironde;243301264;Communauté de communes de Montesquieu;5;Oui;Non;Non;2;Non;33474;Saint-Selve;Commune;213304744;33474;SAINT-SELVE;Dépenses d'investissement;3170545.7;0.0;0.0;3170545.7;3.1705457000000004;3628;873.9100606394709;1;;;;;;;;;;;2024;3628
2024;Non;75;Nouvelle-Aquitaine;33;Gironde;200023794;Communauté de communes de Blaye;2;Non;Non;Non;1;Non;33475;Saint-Seurin-de-Bourg;Commune;213304751;33475;SAINT-SEURIN-DE-BOURG;Dépenses d'investissement;47829.49;0.0;0.0;47829.49;0.047829489999999995;418;114.42461722488038;1;;;;;;;;;;;2024;418
2024;Non;75;Nouvelle-Aquitaine;33;Gironde;200069995;Communauté de communes Médoc Cœur de Presqu'île;3;Oui;Non;Non;1;Non;33476;Saint-Seurin-de-Cadourne;Commune;213304769;33476;SAINT-SEURIN-DE-CADOURNE;Dépenses d'investissement;851457.39;25306.21;0.0;876763.6;0.8767636;708;1238.3666666666666;1;;;;;;;;;;;2024;708
2024;Non;75;Nouvelle-Aquitaine;33;Gironde;243300811;Communauté de communes de l'Estuaire;3;Non;Non;Non;2;Non;33477;Saint-Seurin-de-Cursac;Commune;213304777;33477;SAINT-SEURIN-DE-CURSAC;Dépenses d'investissement;145938.75;44455.88;0.0;190394.63;0.19039463;783;243.16044699872288;1;;;;;;;;;;;2024;783
2024;Non;75;Nouvelle-Aquitaine;33;Gironde;200070092;Communauté d'agglomération du Libournais;4;Non;Non;Non;1;Non;33478;Saint-Seurin-sur-l'Isle;Commune;213304785;33478;SAINT-SEURIN-SUR-L'ISLE;Dépenses d'investissement;676328.23;0.0;0.0;676328.23;0.67632823;3175;213.01676535433072;1;;;;;;;;;;;2024;3175
2024;Non;75;Nouvelle-Aquitaine;33;Gironde;200044394;Communauté de communes du Réolais en Sud Gironde;2;Oui;Non;Non;2;Non;33479;Saint-Sève;Commune;213304793;33479;SAINT-SEVE;Dépenses d'investissement;110122.32;0.0;60000.0;50122.32;0.05012232;252;198.89809523809524;1;;;;;;;;;;;2024;252
2024;Non;75;Nouvelle-Aquitaine;33;Gironde;200035533;Communauté de communes du Grand Saint-Émilionnais;3;Non;Non;Non;2;Non;33480;Saint-Sulpice-de-Faleyrens;Commune;213304801;33480;SAINT-SULPICE-DE-FALEYRENS;Dépenses d'investissement;1033187.69;0.0;0.0;1033187.69;1.0331876899999999;1346;767.5985809806834;1;;;;;;;;;;;2024;1346
2024;Non;75;Nouvelle-Aquitaine;33;Gironde;200069599;Communauté de communes rurales de l'Entre-Deux-Mers;2;Oui;Non;Non;1;Non;33481;Saint-Sulpice-de-Guilleragues;Commune;213304819;33481;SAINT-SULPICE-DE-GUILLERAGUES;Dépenses d'investissement;58243.26;0.0;0.0;58243.26;0.058243260000000005;236;246.7934745762712;1;;;;;;;;;;;2024;236
2024;Non;75;Nouvelle-Aquitaine;33;Gironde;200069599;Communauté de communes rurales de l'Entre-Deux-Mers;2;Oui;Non;Non;1;Non;33482;Saint-Sulpice-de-Pommiers;Commune;213304827;33482;SAINT-SULPICE-DE-POMMIERS;Dépenses d'investissement;35420.55;0.0;0.0;35420.55;0.03542055;266;133.15996240601504;1;;;;;;;;;;;2024;266
2024;Non;75;Nouvelle-Aquitaine;33;Gironde;243301249;Communauté de communes Les Rives de la Laurence;5;Non;Non;Non;3;Non;33483;Saint-Sulpice-et-Cameyrac;Commune;213304835;33483;SAINT-SULPICE-ET-CAMEYRAC;Dépenses d'investissement;3327592.57;0.0;0.0;3327592.57;3.3275925699999997;4945;672.9206410515673;1;;;;;;;;;;;2024;4945
2024;Non;75;Nouvelle-Aquitaine;33;Gironde;200043974;Communauté de communes du Sud Gironde;3;Oui;Non;Non;1;Non;33484;Saint-Symphorien;Commune;213304843;33484;SAINT-SYMPHORIEN;Dépenses d'investissement;1308124.41;113176.98;0.0;1421301.39;1.42130139;1855;766.2002102425876;1;;;;;;;;;;;2024;1855
2024;Non;75;Nouvelle-Aquitaine;33;Gironde;200035533;Communauté de communes du Grand Saint-Émilionnais;3;Oui;Non;Non;1;Non;33485;Sainte-Terre;Commune;213304850;33485;SAINTE-TERRE;Dépenses d'investissement;989689.21;0.0;0.0;989689.21;0.98968921;1929;513.0581700362882;1;;;;;;;;;;;2024;1929
2024;Non;75;Nouvelle-Aquitaine;33;Gironde;243301223;Communauté de communes du Grand Cubzaguais;2;Oui;Non;Non;1;Non;33486;Saint-Trojan;Commune;213304868;33486;SAINT-TROJAN;Dépenses d'investissement;47188.86;0.0;0.0;47188.86;0.04718886;374;126.17342245989305;1;;;;;;;;;;;2024;374
2024;Non;75;Nouvelle-Aquitaine;33;Gironde;243300316;Bordeaux Métropole;3;Non;Non;Non;1;Non;33487;Saint-Vincent-de-Paul;Commune;213304876;33487;SAINT-VINCENT-DE-PAUL;Dépenses d'investissement;440608.96;39371.72;0.0;479980.68;0.47998068;1004;478.068406374502;1;;;;;;;;;;;2024;1004
2024;Non;75;Nouvelle-Aquitaine;33;Gironde;243301454;Communauté de communes Castillon/Pujols;2;Oui;Non;Non;2;Non;33488;Saint-Vincent-de-Pertignas;Commune;213304884;33488;SAINT-VINCENT-DE-PERTIGNAS;Dépenses d'investissement;294676.83;0.0;0.0;294676.83;0.29467683;351;839.5351282051282;1;;;;;;;;;;;2024;351
2024;Non;75;Nouvelle-Aquitaine;33;Gironde;243301181;Communauté de communes Latitude Nord Gironde;2;Oui;Non;Non;2;Non;33489;Saint-Vivien-de-Blaye;Commune;213304892;33489;SAINT-VIVIEN-DE-BLAYE;Dépenses d'investissement;30003.18;0.0;0.0;30003.18;0.03000318;372;80.65370967741936;1;;;;;;;;;;;2024;372
2024;Non;75;Nouvelle-Aquitaine;33;Gironde;200070720;Communauté de communes Médoc Atlantique;3;Non;Non;Non;2;Non;33490;Saint-Vivien-de-Médoc;Commune;213304900;33490;SAINT-VIVIEN-MEDOC;Dépenses d'investissement;649004.35;75328.74;0.0;724333.09;0.72433309;1821;397.76666117517846;1;;;;;;;;;;;2024;1821
2024;Non;75;Nouvelle-Aquitaine;33;Gironde;200044394;Communauté de communes du Réolais en Sud Gironde;2;Oui;Non;Non;1;Non;33491;Saint-Vivien-de-Monségur;Commune;213304918;33491;SAINT-VIVIEN-DE-MONSEGUR;Dépenses d'investissement;178219.25;0.0;0.0;178219.25;0.17821925;403;442.23138957816377;1;;;;;;;;;;;2024;403
2024;Non;75;Nouvelle-Aquitaine;33;Gironde;243301181;Communauté de communes Latitude Nord Gironde;4;Non;Non;Non;1;Non;33492;Saint-Yzan-de-Soudiac;Commune;213304926;33492;SAINT-YZAN-DE-SOUDIAC;Dépenses d'investissement;330063.58;128189.99;0.0;458253.57;0.45825357;2557;179.2153187328901;1;;;;;;;;;;;2024;2557
2024;Non;75;Nouvelle-Aquitaine;33;Gironde;200069995;Communauté de communes Médoc Cœur de Presqu'île;2;Oui;Non;Non;1;Non;33493;Saint-Yzans-de-Médoc;Commune;213304934;33493;SAINT-YZANS-DE-MEDOC;Dépenses d'investissement;127918.73;0.0;0.0;127918.73;0.12791873;369;346.6632249322493;1;;;;;;;;;;;2024;369
2024;Non;75;Nouvelle-Aquitaine;33;Gironde;243301389;Communauté de communes Médullienne;3;Oui;Non;Non;2;Non;33494;Salaunes;Commune;213304942;33494;SALAUNES;Dépenses d'investissement;937131.02;2292.69;0.0;939423.71;0.9394237099999999;1240;757.5997661290322;1;;;;;;;;;;;2024;1240
2024;Non;75;Nouvelle-Aquitaine;33;Gironde;243301355;Communauté de communes Les Coteaux Bordelais;4;Non;Non;Non;2;Non;33496;Sallebœuf;Commune;213304967;33496;SALLEBOEUF;Dépenses d'investissement;825806.95;143848.44;0.0;969655.39;0.96965539;2769;350.1825171542073;1;;;;;;;;;;;2024;2769
2024;Non;75;Nouvelle-Aquitaine;33;Gironde;243301405;Communauté de communes du Val de l'Eyre;6;Non;Non;Non;2;Non;33498;Salles;Commune;213304983;33498;SALLES;Dépenses d'investissement;2957032.53;0.0;0.0;2957032.53;2.9570325299999998;8011;369.12152415428784;1;;;;;;;;;;;2024;8011
2024;Non;75;Nouvelle-Aquitaine;33;Gironde;243301454;Communauté de communes Castillon/Pujols;2;Oui;Non;Non;1;Non;33499;Les Salles-de-Castillon;Commune;213304991;33499;LES SALLES- DE- CASTILLON;Dépenses d'investissement;136517.07;0.0;0.0;136517.07;0.13651707000000002;331;412.43827794561935;1;;;;;;;;;;;2024;331
2024;Non;75;Nouvelle-Aquitaine;33;Gironde;200023794;Communauté de communes de Blaye;2;Non;Non;Non;1;Non;33500;Samonac;Commune;213305006;33500;SAMONAC;Dépenses d'investissement;56383.01;0.0;0.0;56383.01;0.056383010000000004;461;122.30587852494577;1;;;;;;;;;;;2024;461
2024;Non;75;Nouvelle-Aquitaine;33;Gironde;243301264;Communauté de communes de Montesquieu;4;Non;Non;Non;2;Non;33501;Saucats;Commune;213305014;33501;SAUCATS;Dépenses d'investissement;2376117.32;562871.09;0.0;2938988.41;2.9389884100000003;3447;852.6221090803598;1;;;;;;;;;;;2024;3447
2024;Non;75;Nouvelle-Aquitaine;33;Gironde;200023794;Communauté de communes de Blaye;3;Oui;Non;Non;1;Non;33502;Saugon;Commune;213305022;33502;SAUGON;Dépenses d'investissement;166693.45;0.0;0.0;166693.45;0.16669345000000002;505;330.08603960396044;1;;;;;;;;;;;2024;505
2024;Non;75;Nouvelle-Aquitaine;33;Gironde;243301389;Communauté de communes Médullienne;3;Oui;Non;Non;2;Non;33503;Saumos;Commune;213305030;33503;SAUMOS;Dépenses d'investissement;166378.85;40329.63;0.0;206708.48;0.20670848;556;371.7778417266187;1;;;;;;;;;;;2024;556
2024;Non;75;Nouvelle-Aquitaine;33;Gironde;200043974;Communauté de communes du Sud Gironde;3;Oui;Non;Non;1;Non;33504;Sauternes;Commune;213305048;33504;SAUTERNES;Dépenses d'investissement;229482.8;34013.96;0.0;263496.76;0.26349676;848;310.7273113207547;1;;;;;;;;;;;2024;848
2024;Non;75;Nouvelle-Aquitaine;33;Gironde;243301215;Communauté de communes du Créonnais;3;Oui;Non;Non;1;Non;33505;La Sauve;Commune;213305055;33505;LA SAUVE MAJEURE;Dépenses d'investissement;984545.83;0.0;8046.0;976499.83;0.97649983;1639;595.7900122025625;1;;;;;;;;;;;2024;1639
2024;Non;75;Nouvelle-Aquitaine;33;Gironde;200069599;Communauté de communes rurales de l'Entre-Deux-Mers;3;Oui;Non;Non;1;Non;33506;Sauveterre-de-Guyenne;Commune;213305063;33506;SAUVETERRE-DE-GUYENNE;Dépenses d'investissement;848593.44;1169652.49;0.0;2018245.93;2.01824593;1888;1068.9861917372882;1;;;;;;;;;;;2024;1888
2024;Non;75;Nouvelle-Aquitaine;33;Gironde;200043982;Communauté de communes du Bazadais;2;Oui;Non;Non;2;Non;33507;Sauviac;Commune;213305071;33507;SAUVIAC;Dépenses d'investissement;331826.29;0.0;0.0;331826.29;0.33182628999999997;335;990.5262388059701;1;;;;;;;;;;;2024;335
2024;Non;75;Nouvelle-Aquitaine;33;Gironde;200044394;Communauté de communes du Réolais en Sud Gironde;3;Oui;Non;Non;1;Non;33508;Savignac;Commune;213305089;33508;SAVIGNAC;Dépenses d'investissement;153911.68;0.0;0.0;153911.68;0.15391168;655;234.9796641221374;1;;;;;;;;;;;2024;655
2024;Non;75;Nouvelle-Aquitaine;33;Gironde;200070092;Communauté d'agglomération du Libournais;3;Oui;Non;Non;1;Non;33509;Savignac-de-l'Isle;Commune;213305097;33509;SAVIGNAC-DE-L'ISLE;Dépenses d'investissement;24404.27;0.0;0.0;24404.27;0.02440427;570;42.81450877192982;1;;;;;;;;;;;2024;570
2024;Non;75;Nouvelle-Aquitaine;33;Gironde;200043974;Communauté de communes du Sud Gironde;2;Oui;Non;Oui;1;Non;33510;Semens;Commune;213305105;33510;SEMENS;Dépenses d'investissement;30446.69;0.0;0.0;30446.69;0.03044669;225;135.31862222222222;1;;;;;;;;;;;2024;225
2024;Non;75;Nouvelle-Aquitaine;33;Gironde;200043982;Communauté de communes du Bazadais;2;Oui;Non;Non;1;Non;33511;Sendets;Commune;213305113;33511;SENDETS;Dépenses d'investissement;31570.78;0.0;0.0;31570.78;0.03157078;350;90.20222857142856;1;;;;;;;;;;;2024;350
2024;Non;75;Nouvelle-Aquitaine;33;Gironde;200043982;Communauté de communes du Bazadais;2;Oui;Non;Non;1;Non;33512;Sigalens;Commune;213305121;33512;SIGALENS;Dépenses d'investissement;95808.49;0.0;0.0;95808.49;0.09580849000000001;354;270.64545197740114;1;;;;;;;;;;;2024;354
2024;Non;75;Nouvelle-Aquitaine;33;Gironde;200043982;Communauté de communes du Bazadais;1;Oui;Non;Non;3;Non;33513;Sillas;Commune;213305139;33513;SILLAS;Dépenses d'investissement;24119.42;0.0;0.0;24119.42;0.02411942;120;200.99516666666665;1;;;;;;;;;;;2024;120
2024;Non;75;Nouvelle-Aquitaine;33;Gironde;200070720;Communauté de communes Médoc Atlantique;4;Non;Non;Oui;2;Non;33514;Soulac-sur-Mer;Commune;213305147;33514;SOULAC-SUR-MER;Dépenses d'investissement;4512251.23;2040045.7;0.0;6552296.93;6.55229693;2955;2217.3593671742806;1;;;;;;;;;;;2024;2955
2024;Non;75;Nouvelle-Aquitaine;33;Gironde;200069599;Communauté de communes rurales de l'Entre-Deux-Mers;2;Oui;Non;Oui;1;Non;33515;Soulignac;Commune;213305154;33515;SOULIGNAC;Dépenses d'investissement;77183.57;0.0;0.0;77183.57;0.07718357;423;182.46706855791965;1;;;;;;;;;;;2024;423
2024;Non;75;Nouvelle-Aquitaine;33;Gironde;200069599;Communauté de communes rurales de l'Entre-Deux-Mers;1;Oui;Non;Non;1;Non;33516;Soussac;Commune;213305162;33516;SOUSSAC;Dépenses d'investissement;31433.48;0.0;0.0;31433.48;0.03143348;192;163.71604166666665;1;;;;;;;;;;;2024;192
2024;Non;75;Nouvelle-Aquitaine;33;Gironde;243301447;Communauté de communes Médoc Estuaire;3;Non;Non;Non;2;Non;33517;Soussans;Commune;213305170;33517;SOUSSANS;Dépenses d'investissement;941992.34;0.0;360201.9;581790.44;0.5817904399999999;1716;339.03871794871793;1;;;;;;;;;;;2024;1716
2024;Non;75;Nouvelle-Aquitaine;33;Gironde;243301439;Communauté de communes des Portes de l'Entre-Deux-Mers;3;Non;Non;Non;2;Non;33518;Tabanac;Commune;213305188;33518;TABANAC;Dépenses d'investissement;651059.89;0.0;0.0;651059.89;0.65105989;1107;588.1299819331526;1;;;;;;;;;;;2024;1107
2024;Non;75;Nouvelle-Aquitaine;33;Gironde;243300316;Bordeaux Métropole;7;Non;Non;Non;2;Non;33519;Le Taillan-Médoc;Commune;213305196;33519;LE TAILLAN-MEDOC;Dépenses d'investissement;6668993.89;0.0;0.0;6668993.89;6.668993889999999;10882;612.846341665135;1;;;;;;;;;;;2024;10882
2024;Non;75;Nouvelle-Aquitaine;33;Gironde;200069599;Communauté de communes rurales de l'Entre-Deux-Mers;2;Oui;Non;Non;1;Non;33520;Taillecavat;Commune;213305204;33520;TAILLECAVAT;Dépenses d'investissement;5090.23;0.0;0.0;5090.23;0.005090229999999999;274;18.577481751824816;1;;;;;;;;;;;2024;274
2024;Non;75;Nouvelle-Aquitaine;33;Gironde;200070720;Communauté de communes Médoc Atlantique;3;Oui;Non;Non;1;Non;33521;Talais;Commune;213305212;33521;TALAIS;Dépenses d'investissement;308735.96;98404.12;0.0;407140.08;0.40714008;773;526.7012677878396;1;;;;;;;;;;;2024;773
2024;Non;75;Nouvelle-Aquitaine;33;Gironde;243300316;Bordeaux Métropole;8;Non;Non;Non;2;Oui;33522;Talence;Commune;213305220;33522;TALENCE;Dépenses d'investissement;13331697.42;0.0;0.0;13331697.42;13.33169742;46278;288.0785129002982;1;;;;;;;;;;;2024;46278
2024;Non;75;Nouvelle-Aquitaine;33;Gironde;200069599;Communauté de communes rurales de l'Entre-Deux-Mers;4;Oui;Non;Oui;1;Non;33523;Targon;Commune;213305238;33523;TARGON;Dépenses d'investissement;379566.18;0.0;0.0;379566.18;0.37956618;2069;183.45392943450943;1;;;;;;;;;;;2024;2069
2024;Non;75;Nouvelle-Aquitaine;33;Gironde;243301397;Communauté de communes du Fronsadais;2;Non;Non;Non;1;Non;33524;Tarnès;Commune;213305246;33524;TARNES;Dépenses d'investissement;79400.02;0.0;0.0;79400.02;0.07940002;314;252.86630573248408;1;;;;;;;;;;;2024;314
2024;Non;75;Nouvelle-Aquitaine;33;Gironde;243301223;Communauté de communes du Grand Cubzaguais;3;Oui;Non;Non;1;Non;33525;Tauriac;Commune;213305253;33525;TAURIAC;Dépenses d'investissement;338182.77;0.0;0.0;338182.77;0.33818277;1348;250.87742581602376;1;;;;;;;;;;;2024;1348
2024;Non;75;Nouvelle-Aquitaine;33;Gironde;200035533;Communauté de communes du Grand Saint-Émilionnais;1;Oui;Non;Non;2;Non;33526;Tayac;Commune;213305261;33526;TAYAC;Dépenses d'investissement;97018.59;0.0;0.0;97018.59;0.09701859;130;746.2968461538461;1;;;;;;;;;;;2024;130
2024;Non;75;Nouvelle-Aquitaine;33;Gironde;243300563;Communauté d'agglomération Bassin d'Arcachon Sud (COBAS);6;Non;Non;Non;2;Non;33527;Le Teich;Commune;213305279;33527;LE TEICH;Dépenses d'investissement;4408329.14;0.0;0.0;4408329.14;4.408329139999999;9197;479.3225116885941;1;;;;;;;;;;;2024;9197
2024;Non;75;Nouvelle-Aquitaine;33;Gironde;243301389;Communauté de communes Médullienne;3;Oui;Non;Non;2;Non;33528;Le Temple;Commune;213305287;33528;LE TEMPLE;Dépenses d'investissement;50729.05;0.0;0.0;50729.05;0.050729050000000005;651;77.92480798771122;1;;;;;;;;;;;2024;651
2024;Non;75;Nouvelle-Aquitaine;33;Gironde;243300563;Communauté d'agglomération Bassin d'Arcachon Sud (COBAS);8;Non;Non;Oui;3;Non;33529;La Teste-de-Buch;Commune;213305295;33529;LA TESTE-DE-BUCH;Dépenses d'investissement;29026178.14;42997.56;0.0;29069175.7;29.0691757;26923;1079.7153251866434;1;;;;;;;;;;;2024;26923
2024;Non;75;Nouvelle-Aquitaine;33;Gironde;243301223;Communauté de communes du Grand Cubzaguais;3;Oui;Non;Non;1;Non;33530;Teuillac;Commune;213305303;33530;TEUILLAC;Dépenses d'investissement;75408.56;0.0;0.0;75408.56;0.07540856;893;84.44407614781635;1;;;;;;;;;;;2024;893
2024;Non;75;Nouvelle-Aquitaine;33;Gironde;200070092;Communauté d'agglomération du Libournais;2;Oui;Non;Non;2;Non;33531;Tizac-de-Curton;Commune;213305311;33531;TIZAC-DE-CURTON;Dépenses d'investissement;36375.33;0.0;0.0;36375.33;0.036375330000000004;371;98.0467115902965;1;;;;;;;;;;;2024;371
2024;Non;75;Nouvelle-Aquitaine;33;Gironde;200070092;Communauté d'agglomération du Libournais;2;Oui;Non;Non;2;Non;33532;Tizac-de-Lapouyade;Commune;213305329;33532;TIZAC-DE-LAPOUYADE;Dépenses d'investissement;142625.82;0.0;0.0;142625.82;0.14262582000000001;477;299.0059119496855;1;;;;;;;;;;;2024;477
2024;Non;75;Nouvelle-Aquitaine;33;Gironde;200043974;Communauté de communes du Sud Gironde;4;Non;Non;Non;2;Non;33533;Toulenne;Commune;213305337;33533;TOULENNE;Dépenses d'investissement;918101.52;0.0;0.0;918101.52;0.91810152;2839;323.38905248326876;1;;;;;;;;;;;2024;2839
2024;Non;75;Nouvelle-Aquitaine;33;Gironde;243301439;Communauté de communes des Portes de l'Entre-Deux-Mers;3;Non;Non;Non;2;Non;33534;Le Tourne;Commune;213305345;33534;LE TOURNE;Dépenses d'investissement;103458.54;0.0;0.0;103458.54;0.10345853999999999;834;124.05100719424459;1;;;;;;;;;;;2024;834
2024;Non;75;Nouvelle-Aquitaine;33;Gironde;243301355;Communauté de communes Les Coteaux Bordelais;6;Non;Non;Non;2;Non;33535;Tresses;Commune;213305352;33535;TRESSES;Dépenses d'investissement;7488305.77;365405.21;0.0;7853710.98;7.853710980000001;5145;1526.4744373177843;1;;;;;;;;;;;2024;5145
2024;Non;75;Nouvelle-Aquitaine;33;Gironde;200043974;Communauté de communes du Sud Gironde;2;Oui;Non;Non;1;Non;33536;Le Tuzan;Commune;213305360;33536;LE TUZAN;Dépenses d'investissement;153809.19;5083.32;0.0;158892.51;0.15889251000000001;264;601.8655681818182;1;;;;;;;;;;;2024;264
2024;Non;75;Nouvelle-Aquitaine;33;Gironde;200043974;Communauté de communes du Sud Gironde;2;Oui;Non;Non;1;Non;33537;Uzeste;Commune;213305378;33537;UZESTE;Dépenses d'investissement;254904.97;0.0;0.0;254904.97;0.25490497;487;523.4188295687885;1;;;;;;;;;;;2024;487
2024;Non;75;Nouvelle-Aquitaine;33;Gironde;200070720;Communauté de communes Médoc Atlantique;3;Oui;Non;Non;1;Non;33538;Valeyrac;Commune;213305386;33538;VALEYRAC;Dépenses d'investissement;148646.75;0.0;0.0;148646.75;0.14864675;550;270.26681818181817;1;;;;;;;;;;;2024;550
2024;Non;75;Nouvelle-Aquitaine;33;Gironde;200070092;Communauté d'agglomération du Libournais;5;Non;Non;Non;2;Non;33539;Vayres;Commune;213305394;33539;VAYRES;Dépenses d'investissement;295541.39;0.0;0.0;295541.39;0.29554139;4260;69.37591314553991;1;;;;;;;;;;;2024;4260
2024;Non;75;Nouvelle-Aquitaine;33;Gironde;200070720;Communauté de communes Médoc Atlantique;4;Oui;Non;Oui;2;Non;33540;Vendays-Montalivet;Commune;213305402;33540;VENDAYS-MONTALIVET;Dépenses d'investissement;3692714.78;698854.57;80082.2;4311487.15;4.3114871500000005;2721;1584.5230246233004;1;;;;;;;;;;;2024;2721
2024;Non;75;Nouvelle-Aquitaine;33;Gironde;200070720;Communauté de communes Médoc Atlantique;3;Non;Non;Non;2;Non;33541;Vensac;Commune;213305410;33541;VENSAC;Dépenses d'investissement;1768843.74;0.0;0.0;1768843.74;1.7688437399999999;1108;1596.429368231047;1;;;;;;;;;;;2024;1108
2024;Non;75;Nouvelle-Aquitaine;33;Gironde;243301397;Communauté de communes du Fronsadais;3;Non;Non;Non;1;Non;33542;Vérac;Commune;213305428;33542;VERAC;Dépenses d'investissement;344856.88;0.0;0.0;344856.88;0.34485688000000003;945;364.92791534391534;1;;;;;;;;;;;2024;945
2024;Non;75;Nouvelle-Aquitaine;33;Gironde;200043974;Communauté de communes du Sud Gironde;3;Non;Non;Oui;1;Non;33543;Verdelais;Commune;213305436;33543;VERDELAIS;Dépenses d'investissement;72228.26;33810.33;0.0;106038.59;0.10603859;1046;101.37532504780114;1;;;;;;;;;;;2024;1046
2024;Non;75;Nouvelle-Aquitaine;33;Gironde;200070720;Communauté de communes Médoc Atlantique;3;Oui;Non;Oui;2;Non;33544;Le Verdon-sur-Mer;Commune;213305444;33544;LE VERDON-SUR-MER;Dépenses d'investissement;624350.29;311572.85;0.0;935923.14;0.93592314;1380;678.2051739130435;1;;;;;;;;;;;2024;1380
2024;Non;75;Nouvelle-Aquitaine;33;Gironde;200069995;Communauté de communes Médoc Cœur de Presqu'île;3;Oui;Non;Non;1;Non;33545;Vertheuil;Commune;213305451;33545;VERTHEUIL;Dépenses d'investissement;900649.08;0.0;0.0;900649.08;0.90064908;1328;678.1996084337349;1;;;;;;;;;;;2024;1328
2024;Non;75;Nouvelle-Aquitaine;33;Gironde;200035533;Communauté de communes du Grand Saint-Émilionnais;3;Oui;Non;Non;1;Non;33546;Vignonet;Commune;213305469;33546;VIGNONET;Dépenses d'investissement;122743.16;0.0;0.0;122743.16;0.12274316;504;243.5380158730159;1;;;;;;;;;;;2024;504
2024;Non;75;Nouvelle-Aquitaine;33;Gironde;200043974;Communauté de communes du Sud Gironde;3;Oui;Non;Non;1;Non;33547;Villandraut;Commune;213305477;33547;VILLANDRAUT;Dépenses d'investissement;413825.25;257487.26;0.0;671312.51;0.67131251;1156;580.7201643598617;1;;;;;;;;;;;2024;1156
2024;Non;75;Nouvelle-Aquitaine;33;Gironde;243301397;Communauté de communes du Fronsadais;3;Oui;Non;Non;2;Non;33548;Villegouge;Commune;213305485;33548;VILLEGOUGE;Dépenses d'investissement;762429.85;0.0;0.0;762429.85;0.76242985;1307;583.3434200459067;1;;;;;;;;;;;2024;1307
2024;Non;75;Nouvelle-Aquitaine;33;Gironde;243301215;Communauté de communes du Créonnais;2;Oui;Non;Non;1;Non;33549;Villenave-de-Rions;Commune;213305493;33549;VILLENAVE-DE-RIONS;Dépenses d'investissement;69281.25;0.0;0.0;69281.25;0.06928125;379;182.80013192612137;1;;;;;;;;;;;2024;379
2024;Non;75;Nouvelle-Aquitaine;33;Gironde;243300316;Bordeaux Métropole;8;Non;Non;Non;2;Non;33550;Villenave-d'Ornon;Commune;213305501;33550;VILLENAVE-D'ORNON;Dépenses d'investissement;10322691.17;0.0;0.0;10322691.17;10.32269117;40776;253.15605184422208;1;;;;;;;;;;;2024;40776
2024;Non;75;Nouvelle-Aquitaine;33;Gironde;200023794;Communauté de communes de Blaye;2;Oui;Non;Non;1;Non;33551;Villeneuve;Commune;213305519;33551;VILLENEUVE;Dépenses d'investissement;322952.22;0.0;0.0;322952.22;0.32295221999999996;415;778.1981204819276;1;;;;;;;;;;;2024;415
2024;Non;75;Nouvelle-Aquitaine;33;Gironde;200069581;Communauté de communes Convergence Garonne;3;Non;Non;Non;2;Non;33552;Virelade;Commune;213305527;33552;VIRELADE;Dépenses d'investissement;245559.67;0.0;0.0;245559.67;0.24555967;1123;218.6639982190561;1;;;;;;;;;;;2024;1123
2024;Non;75;Nouvelle-Aquitaine;33;Gironde;243301223;Communauté de communes du Grand Cubzaguais;3;Non;Non;Non;1;Non;33553;Virsac;Commune;213305535;33553;VIRSAC;Dépenses d'investissement;708499.28;0.0;0.0;708499.28;0.7084992800000001;1311;540.4266056445462;1;;;;;;;;;;;2024;1311
2024;Non;75;Nouvelle-Aquitaine;33;Gironde;243301249;Communauté de communes Les Rives de la Laurence;4;Non;Non;Non;3;Non;33554;Yvrac;Commune;213305543;33554;YVRAC;Dépenses d'investissement;364415.61;0.0;0.0;364415.61;0.36441561;2913;125.099763130793;1;;;;;;;;;;;2024;2913
2024;Non;75;Nouvelle-Aquitaine;33;Gironde;243301504;Communauté d'agglomération du Bassin d'Arcachon Nord;6;Non;Non;Non;2;Non;33555;Marcheprime;Commune;213305550;33555;MARCHEPRIME;Dépenses d'investissement;5830399.49;581356.99;0.0;6411756.48;6.41175648;5457;1174.9599560197912;1;;;;;;;;;;;2024;5457
2024;Non;75;Nouvelle-Aquitaine;33;Gironde;200043982;Communauté de communes du Bazadais;2;Oui;Non;Non;2;Non;33017;Aubiac;Commune;213305568;33017;AUBIAC;Dépenses d'investissement;90096.31;0.0;0.0;90096.31;0.09009631;295;305.41122033898307;1;;;;;;;;;;;2024;295
2024;Non;75;Nouvelle-Aquitaine;64;Pyrénées-Atlantiques;200067296;Communauté de communes du Nord Est Béarn;2;Oui;Non;Non;2;Non;64262;Higuères-Souye;Commune;216402628;64262;HIGUERES-SOUYE;Dépenses d'investissement;71781.77;0.0;0.0;71781.77;0.07178177000000001;281;255.4511387900356;1;;;;;;;;;;;2024;281
2024;Non;75;Nouvelle-Aquitaine;64;Pyrénées-Atlantiques;200067288;Communauté de communes du Béarn des Gaves;1;Oui;Non;Non;2;Non;64263;L'Hôpital-d'Orion;Commune;216402636;64263;HOPITAL-D'ORION L;Dépenses d'investissement;106969.41;0.0;0.0;106969.41;0.10696941;134;798.2791791044776;1;;;;;;;;;;;2024;134
2024;Non;75;Nouvelle-Aquitaine;64;Pyrénées-Atlantiques;200067106;Communauté d'agglomération du Pays Basque;0;Oui;Oui;Non;1;Non;64264;L'Hôpital-Saint-Blaise;Commune;216402644;64264;HOPITAL-SAINT-BLAISE  - L';Dépenses d'investissement;88359.39;0.0;0.0;88359.39;0.08835939;59;1497.6167796610168;1;;;;;;;;;;;2024;59
2024;Non;75;Nouvelle-Aquitaine;64;Pyrénées-Atlantiques;200067106;Communauté d'agglomération du Pays Basque;0;Oui;Oui;Non;0;Non;64265;Hosta;Commune;216402651;64265;HOSTA;Dépenses d'investissement;115001.62;0.0;0.0;115001.62;0.11500162;99;1161.6325252525253;1;;;;;;;;;;;2024;99
2024;Non;75;Nouvelle-Aquitaine;64;Pyrénées-Atlantiques;200067296;Communauté de communes du Nord Est Béarn;2;Oui;Non;Non;1;Non;64266;Hours;Commune;216402669;64266;HOURS;Dépenses d'investissement;48047.82;0.0;0.0;48047.82;0.04804782;239;201.03690376569037;1;;;;;;;;;;;2024;239
2024;Non;75;Nouvelle-Aquitaine;64;Pyrénées-Atlantiques;200067106;Communauté d'agglomération du Pays Basque;0;Oui;Oui;Non;1;Non;64267;Ibarrolle;Commune;216402677;64267;IBARROLLE;Dépenses d'investissement;19448.18;0.0;0.0;19448.18;0.01944818;73;266.4134246575343;1;;;;;;;;;;;2024;73
2024;Non;75;Nouvelle-Aquitaine;64;Pyrénées-Atlantiques;200067106;Communauté d'agglomération du Pays Basque;2;Oui;Oui;Non;1;Non;64268;Idaux-Mendy;Commune;216402685;64268;IDAUX-MENDY;Dépenses d'investissement;165812.49;8959.45;0.0;174771.94;0.17477194000000001;280;624.1855;1;;;;;;;;;;;2024;280
2024;Non;75;Nouvelle-Aquitaine;64;Pyrénées-Atlantiques;200067254;Communauté d'agglomération Pau Béarn Pyrénées;6;Non;Non;Non;4;Non;64269;Idron;Commune;216402693;64269;IDRON;Dépenses d'investissement;1295823.67;0.0;0.0;1295823.67;1.2958236699999999;5078;255.18386569515556;1;;;;;;;;;;;2024;5078
2024;Non;75;Nouvelle-Aquitaine;64;Pyrénées-Atlantiques;246401756;Communauté de communes Pays de Nay;3;Non;Non;Non;2;Non;64270;Igon;Commune;216402701;64270;IGON;Dépenses d'investissement;459386.86;0.0;0.0;459386.86;0.45938686;1042;440.8703071017274;1;;;;;;;;;;;2024;1042
2024;Non;75;Nouvelle-Aquitaine;64;Pyrénées-Atlantiques;200067106;Communauté d'agglomération du Pays Basque;3;Oui;Oui;Non;1;Non;64271;Iholdy;Commune;216402719;64271;IHOLDY;Dépenses d'investissement;211021.25;100467.97;0.0;311489.22;0.31148921999999996;557;559.226606822262;1;;;;;;;;;;;2024;557
2024;Non;75;Nouvelle-Aquitaine;64;Pyrénées-Atlantiques;200067106;Communauté d'agglomération du Pays Basque;1;Oui;Non;Non;1;Non;64272;Ilharre;Commune;216402727;64272;ILHARRE;Dépenses d'investissement;96377.82;0.0;0.0;96377.82;0.09637782;149;646.8310067114095;1;;;;;;;;;;;2024;149
2024;Non;75;Nouvelle-Aquitaine;64;Pyrénées-Atlantiques;200067106;Communauté d'agglomération du Pays Basque;3;Oui;Oui;Non;1;Non;64273;Irissarry;Commune;216402735;64273;IRISSARRY;Dépenses d'investissement;733831.82;3100.0;0.0;736931.82;0.7369318199999999;943;781.4759490986214;1;;;;;;;;;;;2024;943
2024;Non;75;Nouvelle-Aquitaine;64;Pyrénées-Atlantiques;200067106;Communauté d'agglomération du Pays Basque;2;Oui;Oui;Non;3;Non;64274;Irouléguy;Commune;216402743;64274;IROULEGUY;Dépenses d'investissement;164951.4;0.0;0.0;164951.4;0.1649514;371;444.61293800539084;1;;;;;;;;;;;2024;371
2024;Non;75;Nouvelle-Aquitaine;64;Pyrénées-Atlantiques;200067106;Communauté d'agglomération du Pays Basque;3;Non;Oui;Non;1;Non;64275;Ispoure;Commune;216402750;64275;ISPOURE;Dépenses d'investissement;180763.75;0.0;0.0;180763.75;0.18076375;688;262.7380087209302;1;;;;;;;;;;;2024;688
2024;Non;75;Nouvelle-Aquitaine;64;Pyrénées-Atlantiques;200067262;Communauté de communes du Haut Béarn;2;Oui;Oui;Non;1;Non;64276;Issor;Commune;216402768;64276;ISSOR;Dépenses d'investissement;93606.4;40615.63;0.0;134222.03;0.13422203;243;552.3540329218107;1;;;;;;;;;;;2024;243
2024;Non;75;Nouvelle-Aquitaine;64;Pyrénées-Atlantiques;200067106;Communauté d'agglomération du Pays Basque;3;Oui;Oui;Non;1;Non;64277;Isturits;Commune;216402776;64277;ISTURITS;Dépenses d'investissement;288515.6;0.0;0.0;288515.6;0.2885156;550;524.5738181818182;1;;;;;;;;;;;2024;550
2024;Non;75;Nouvelle-Aquitaine;64;Pyrénées-Atlantiques;200067106;Communauté d'agglomération du Pays Basque;4;Oui;Oui;Non;2;Non;64279;Itxassou;Commune;216402792;64279;ITXASSOU;Dépenses d'investissement;2232684.24;0.0;0.0;2232684.24;2.23268424;2225;1003.4535910112361;1;;;;;;;;;;;2024;2225
2024;Non;75;Nouvelle-Aquitaine;64;Pyrénées-Atlantiques;246400337;Communauté de communes de la Vallée d'Ossau;2;Non;Oui;Non;1;Non;64280;Izeste;Commune;216402800;64280;IZESTE;Dépenses d'investissement;127472.61;0.0;0.0;127472.61;0.12747261000000001;440;289.71047727272725;1;;;;;;;;;;;2024;440
2024;Non;75;Nouvelle-Aquitaine;64;Pyrénées-Atlantiques;200067288;Communauté de communes du Béarn des Gaves;1;Non;Non;Non;1;Non;64281;Jasses;Commune;216402818;64281;JASSES;Dépenses d'investissement;19357.49;0.0;0.0;19357.49;0.01935749;151;128.19529801324504;1;;;;;;;;;;;2024;151
2024;Non;75;Nouvelle-Aquitaine;64;Pyrénées-Atlantiques;200067106;Communauté d'agglomération du Pays Basque;3;Non;Non;Non;2;Non;64282;Jatxou;Commune;216402826;64282;JATXOU;Dépenses d'investissement;148236.07;11934.6;0.0;160170.67;0.16017067000000001;1280;125.13333593750001;1;;;;;;;;;;;2024;1280
2024;Non;75;Nouvelle-Aquitaine;64;Pyrénées-Atlantiques;200067106;Communauté d'agglomération du Pays Basque;2;Oui;Oui;Non;1;Non;64283;Jaxu;Commune;216402834;64283;JAXU;Dépenses d'investissement;261090.09;0.0;0.0;261090.09;0.26109009;207;1261.3047826086956;1;;;;;;;;;;;2024;207
2024;Non;75;Nouvelle-Aquitaine;64;Pyrénées-Atlantiques;200067254;Communauté d'agglomération Pau Béarn Pyrénées;6;Non;Non;Non;2;Non;64284;Jurançon;Commune;216402842;64284;JURANCON;Dépenses d'investissement;3632140.44;0.0;0.0;3632140.44;3.63214044;7301;497.48533625530746;1;;;;;;;;;;;2024;7301
2024;Non;75;Nouvelle-Aquitaine;64;Pyrénées-Atlantiques;200067106;Communauté d'agglomération du Pays Basque;2;Oui;Oui;Non;1;Non;64285;Juxue;Commune;216402859;64285;JUXUE;Dépenses d'investissement;118567.35;0.0;0.0;118567.35;0.11856735;209;567.3078947368422;1;;;;;;;;;;;2024;209
2024;Non;75;Nouvelle-Aquitaine;64;Pyrénées-Atlantiques;200039204;Communauté de communes de Lacq-Orthez;2;Oui;Non;Non;2;Non;64286;Laà-Mondrans;Commune;216402867;64286;LAA-MONDRANS;Dépenses d'investissement;258045.24;0.0;0.0;258045.24;0.25804524;452;570.8965486725664;1;;;;;;;;;;;2024;452
2024;Non;75;Nouvelle-Aquitaine;64;Pyrénées-Atlantiques;200067288;Communauté de communes du Béarn des Gaves;1;Oui;Non;Non;1;Non;64287;Laàs;Commune;216402875;64287;LAAS;Dépenses d'investissement;255291.96;0.0;0.0;255291.96;0.25529196;141;1810.5812765957446;1;;;;;;;;;;;2024;141
2024;Non;75;Nouvelle-Aquitaine;64;Pyrénées-Atlantiques;200039204;Communauté de communes de Lacq-Orthez;3;Oui;Non;Non;2;Non;64288;Labastide-Cézéracq;Commune;216402883;64288;LABASTIDE-CEZERACQ;Dépenses d'investissement;29257.15;0.0;0.0;29257.15;0.029257150000000003;591;49.50448392554992;1;;;;;;;;;;;2024;591
2024;Non;75;Nouvelle-Aquitaine;64;Pyrénées-Atlantiques;200067106;Communauté d'agglomération du Pays Basque;3;Oui;Oui;Oui;1;Non;64289;La Bastide-Clairence;Commune;216402891;64289;BASTIDE-CLAIRENCE LA;Dépenses d'investissement;702015.71;0.0;0.0;702015.71;0.70201571;999;702.7184284284284;1;;;;;;;;;;;2024;999
2024;Non;75;Nouvelle-Aquitaine;64;Pyrénées-Atlantiques;200039204;Communauté de communes de Lacq-Orthez;3;Oui;Non;Non;2;Non;64290;Labastide-Monréjeau;Commune;216402909;64290;LABASTIDE-MONREJEAU;Dépenses d'investissement;239922.43;0.0;200000.0;39922.43;0.03992243;612;65.23272875816994;1;;;;;;;;;;;2024;612
2024;Non;75;Nouvelle-Aquitaine;64;Pyrénées-Atlantiques;200067288;Communauté de communes du Béarn des Gaves;2;Oui;Non;Non;1;Non;64291;Labastide-Villefranche;Commune;216402917;64291;LABASTIDE-VILLEFRANCHE;Dépenses d'investissement;47423.19;26176.28;0.0;73599.47;0.07359947;327;225.07483180428136;1;;;;;;;;;;;2024;327
2024;Non;75;Nouvelle-Aquitaine;64;Pyrénées-Atlantiques;246401756;Communauté de communes Pays de Nay;2;Non;Non;Non;1;Non;64292;Labatmale;Commune;216402925;64292;LABATMALE;Dépenses d'investissement;33786.14;0.0;0.0;33786.14;0.03378614;262;128.95473282442748;1;;;;;;;;;;;2024;262
2024;Non;75;Nouvelle-Aquitaine;64;Pyrénées-Atlantiques;200072106;Communauté de communes Adour Madiran;1;Oui;Non;Non;2;Non;64293;Labatut-Figuières;Commune;216402933;64293;LABATUT;Dépenses d'investissement;4015.03;0.0;0.0;4015.03;0.00401503;171;23.479707602339182;1;;;;;;;;;;;2024;171
2024;Non;75;Nouvelle-Aquitaine;64;Pyrénées-Atlantiques;200067106;Communauté d'agglomération du Pays Basque;1;Oui;Non;Non;0;Non;64294;Labets-Biscay;Commune;216402941;64294;LABETS-BISCAY;Dépenses d'investissement;262442.65;3951.81;165000.0;101394.46;0.10139446;151;671.4864900662252;1;;;;;;;;;;;2024;151
2024;Non;75;Nouvelle-Aquitaine;64;Pyrénées-Atlantiques;200039204;Communauté de communes de Lacq-Orthez;1;Oui;Non;Non;1;Non;64295;Labeyrie;Commune;216402958;64295;LABEYRIE;Dépenses d'investissement;22382.09;4982.44;0.0;27364.53;0.027364529999999998;112;244.3261607142857;1;;;;;;;;;;;2024;112
2024;Non;75;Nouvelle-Aquitaine;64;Pyrénées-Atlantiques;200039204;Communauté de communes de Lacq-Orthez;1;Oui;Non;Non;1;Non;64296;Lacadée;Commune;216402966;64296;LACADEE;Dépenses d'investissement;19000.32;16323.2;0.0;35323.52;0.03532352;151;233.93059602649004;1;;;;;;;;;;;2024;151
2024;Non;75;Nouvelle-Aquitaine;64;Pyrénées-Atlantiques;200067106;Communauté d'agglomération du Pays Basque;1;Oui;Oui;Non;0;Non;64297;Lacarre;Commune;216402974;64297;LACARRE;Dépenses d'investissement;107372.56;0.0;0.0;107372.56;0.10737255999999999;182;589.9591208791209;1;;;;;;;;;;;2024;182
2024;Non;75;Nouvelle-Aquitaine;64;Pyrénées-Atlantiques;200067106;Communauté d'agglomération du Pays Basque;1;Oui;Oui;Non;1;Non;64298;Lacarry-Arhan-Charritte-de-Haut;Commune;216402982;64298;LACARRY-ARHAN-CHARRITTE-DE-HAUT;Dépenses d'investissement;136123.96;0.0;0.0;136123.96;0.13612396;126;1080.3488888888887;1;;;;;;;;;;;2024;126
2024;Non;75;Nouvelle-Aquitaine;64;Pyrénées-Atlantiques;200039204;Communauté de communes de Lacq-Orthez;1;Oui;Non;Non;2;Non;64299;Lacommande;Commune;216402990;64299;LACOMMANDE;Dépenses d'investissement;20840.7;14300.0;0.0;35140.7;0.0351407;185;189.9497297297297;1;;;;;;;;;;;2024;185
2024;Non;75;Nouvelle-Aquitaine;64;Pyrénées-Atlantiques;200039204;Communauté de communes de Lacq-Orthez;3;Non;Non;Non;2;Non;64301;Lagor;Commune;216403014;64301;LAGOR;Dépenses d'investissement;269013.74;11302.78;0.0;280316.52;0.28031652;1162;241.23624784853703;1;;;;;;;;;;;2024;1162
2024;Non;75;Nouvelle-Aquitaine;64;Pyrénées-Atlantiques;246401756;Communauté de communes Pays de Nay;2;Non;Non;Non;2;Non;64302;Lagos;Commune;216403022;64302;LAGOS;Dépenses d'investissement;57342.0;0.0;0.0;57342.0;0.057342;473;121.23044397463002;1;;;;;;;;;;;2024;473
2024;Non;75;Nouvelle-Aquitaine;64;Pyrénées-Atlantiques;200067106;Communauté d'agglomération du Pays Basque;1;Oui;Oui;Non;1;Non;64303;Laguinge-Restoue;Commune;216403030;64303;LAGUINGE-RESTOUE;Dépenses d'investissement;47309.52;0.0;0.0;47309.52;0.047309519999999994;160;295.68449999999996;1;;;;;;;;;;;2024;160
2024;Non;75;Nouvelle-Aquitaine;64;Pyrénées-Atlantiques;200067106;Communauté d'agglomération du Pays Basque;4;Non;Non;Non;2;Non;64304;Lahonce;Commune;216403048;64304;LAHONCE;Dépenses d'investissement;687781.66;19068.78;0.0;706850.44;0.70685044;2740;257.9746131386861;1;;;;;;;;;;;2024;2740
2024;Non;75;Nouvelle-Aquitaine;64;Pyrénées-Atlantiques;200067288;Communauté de communes du Béarn des Gaves;3;Oui;Non;Non;1;Non;64305;Lahontan;Commune;216403055;64305;LAHONTAN;Dépenses d'investissement;371454.27;61331.61;0.0;432785.88;0.43278588;537;805.9327374301677;1;;;;;;;;;;;2024;537
2024;Non;75;Nouvelle-Aquitaine;64;Pyrénées-Atlantiques;200039204;Communauté de communes de Lacq-Orthez;3;Oui;Non;Non;2;Non;64306;Lahourcade;Commune;216403063;64306;LAHOURCADE;Dépenses d'investissement;186687.63;0.0;0.0;186687.63;0.18668763;721;258.9287517337032;1;;;;;;;;;;;2024;721
2024;Non;75;Nouvelle-Aquitaine;64;Pyrénées-Atlantiques;200067296;Communauté de communes du Nord Est Béarn;2;Oui;Non;Non;1;Non;64307;Lalongue;Commune;216403071;64307;LALONGUE;Dépenses d'investissement;9643.41;0.0;0.0;9643.41;0.00964341;205;47.041024390243905;1;;;;;;;;;;;2024;205
2024;Non;75;Nouvelle-Aquitaine;64;Pyrénées-Atlantiques;200067239;Communauté de communes des Luys en Béarn;2;Oui;Non;Non;2;Non;64308;Lalonquette;Commune;216403089;64308;LALONQUETTE;Dépenses d'investissement;24659.21;0.0;0.0;24659.21;0.02465921;262;94.11912213740457;1;;;;;;;;;;;2024;262
2024;Non;75;Nouvelle-Aquitaine;64;Pyrénées-Atlantiques;200072106;Communauté de communes Adour Madiran;2;Oui;Non;Non;2;Non;64309;Lamayou;Commune;216403097;64309;LAMAYOU;Dépenses d'investissement;63840.32;0.0;0.0;63840.32;0.06384032;213;299.7198122065728;1;;;;;;;;;;;2024;213
2024;Non;75;Nouvelle-Aquitaine;64;Pyrénées-Atlantiques;200067262;Communauté de communes du Haut Béarn;2;Oui;Oui;Non;1;Non;64310;Lanne-en-Barétous;Commune;216403105;64310;LANNE-EN-BARETOUS;Dépenses d'investissement;198947.73;219023.26;0.0;417970.99;0.41797099;495;844.3858383838384;1;;;;;;;;;;;2024;495
2024;Non;75;Nouvelle-Aquitaine;64;Pyrénées-Atlantiques;200039204;Communauté de communes de Lacq-Orthez;2;Oui;Non;Non;2;Non;64312;Lanneplaà;Commune;216403121;64312;LANNEPLAA;Dépenses d'investissement;64282.84;0.0;0.0;64282.84;0.06428284;313;205.3764856230032;1;;;;;;;;;;;2024;313
2024;Non;75;Nouvelle-Aquitaine;64;Pyrénées-Atlantiques;200067106;Communauté d'agglomération du Pays Basque;2;Oui;Oui;Non;1;Non;64313;Lantabat;Commune;216403139;64313;LANTABAT;Dépenses d'investissement;153125.07;5166.17;0.0;158291.24;0.15829124;283;559.3330035335689;1;;;;;;;;;;;2024;283
2024;Non;75;Nouvelle-Aquitaine;64;Pyrénées-Atlantiques;200067106;Communauté d'agglomération du Pays Basque;2;Oui;Oui;Non;1;Non;64314;Larceveau-Arros-Cibits;Commune;216403147;64314;LARCEVEAU-ARROS-CIBITS;Dépenses d'investissement;165538.81;0.0;0.0;165538.81;0.16553881;448;369.5062723214286;1;;;;;;;;;;;2024;448
2024;Non;75;Nouvelle-Aquitaine;64;Pyrénées-Atlantiques;200067254;Communauté d'agglomération Pau Béarn Pyrénées;3;Non;Non;Non;2;Non;64315;Laroin;Commune;216403154;64315;LAROIN;Dépenses d'investissement;276475.65;653586.43;0.0;930062.08;0.93006208;1089;854.0514967860422;1;;;;;;;;;;;2024;1089
2024;Non;75;Nouvelle-Aquitaine;64;Pyrénées-Atlantiques;200067106;Communauté d'agglomération du Pays Basque;1;Oui;Oui;Non;0;Non;64316;Larrau;Commune;216403162;64316;LARRAU;Dépenses d'investissement;399558.51;0.0;0.0;399558.51;0.39955851000000003;194;2059.5799484536083;1;;;;;;;;;;;2024;194
2024;Non;75;Nouvelle-Aquitaine;64;Pyrénées-Atlantiques;200067106;Communauté d'agglomération du Pays Basque;4;Non;Non;Non;2;Non;64317;Larressore;Commune;216403170;64317;LARRESSORE;Dépenses d'investissement;800106.49;33303.18;0.0;833409.67;0.83340967;2177;382.82483693155723;1;;;;;;;;;;;2024;2177
2024;Non;75;Nouvelle-Aquitaine;64;Pyrénées-Atlantiques;200067239;Communauté de communes des Luys en Béarn;1;Oui;Non;Non;1;Non;64318;Larreule;Commune;216403188;64318;LARREULE;Dépenses d'investissement;47988.12;0.0;0.0;47988.12;0.04798812;191;251.24670157068064;1;;;;;;;;;;;2024;191
2024;Non;75;Nouvelle-Aquitaine;64;Pyrénées-Atlantiques;200067106;Communauté d'agglomération du Pays Basque;1;Oui;Oui;Non;1;Non;64319;Larribar-Sorhapuru;Commune;216403196;64319;LARRIBAR-SORHAPURU;Dépenses d'investissement;101361.97;0.0;0.0;101361.97;0.10136197;187;542.0426203208556;1;;;;;;;;;;;2024;187
2024;Non;75;Nouvelle-Aquitaine;64;Pyrénées-Atlantiques;246400337;Communauté de communes de la Vallée d'Ossau;3;Oui;Oui;Oui;2;Non;64320;Laruns;Commune;216403204;64320;LARUNS;Dépenses d'investissement;1833659.26;2124979.84;0.0;3958639.1;3.9586391;1200;3298.8659166666666;1;;;;;;;;;;;2024;1200
2024;Non;75;Nouvelle-Aquitaine;64;Pyrénées-Atlantiques;200067239;Communauté de communes des Luys en Béarn;2;Oui;Non;Non;1;Non;64321;Lasclaveries;Commune;216403212;64321;LASCLAVERIES;Dépenses d'investissement;208339.13;0.0;0.0;208339.13;0.20833913;248;840.0771370967742;1;;;;;;;;;;;2024;248
2024;Non;75;Nouvelle-Aquitaine;64;Pyrénées-Atlantiques;200067106;Communauté d'agglomération du Pays Basque;2;Non;Oui;Non;2;Non;64322;Lasse;Commune;216403220;64322;LASSE;Dépenses d'investissement;194343.23;0.0;0.0;194343.23;0.19434323;342;568.2550584795322;1;;;;;;;;;;;2024;342
2024;Non;75;Nouvelle-Aquitaine;64;Pyrénées-Atlantiques;200067296;Communauté de communes du Nord Est Béarn;1;Oui;Non;Non;0;Non;64323;Lasserre;Commune;216403238;64323;LASSERRE;Dépenses d'investissement;31829.79;0.0;0.0;31829.79;0.031829790000000004;116;274.39474137931035;1;;;;;;;;;;;2024;116
2024;Non;75;Nouvelle-Aquitaine;64;Pyrénées-Atlantiques;200067262;Communauté de communes du Haut Béarn;3;Oui;Oui;Non;2;Non;64324;Lasseube;Commune;216403246;64324;LASSEUBE;Dépenses d'investissement;2449188.3;35062.61;0.0;2484250.91;2.48425091;1794;1384.7552452619846;1;;;;;;;;;;;2024;1794
2024;Non;75;Nouvelle-Aquitaine;64;Pyrénées-Atlantiques;200067262;Communauté de communes du Haut Béarn;2;Oui;Oui;Non;1;Non;64325;Lasseubetat;Commune;216403253;64325;LASSEUBETAT;Dépenses d'investissement;72040.11;5799.4;0.0;77839.51;0.07783951;212;367.16749999999996;1;;;;;;;;;;;2024;212
2024;Non;75;Nouvelle-Aquitaine;64;Pyrénées-Atlantiques;200067288;Communauté de communes du Béarn des Gaves;1;Oui;Non;Non;1;Non;64326;Lay-Lamidou;Commune;216403261;64326;LAY-LAMIDOU;Dépenses d'investissement;89313.43;0.0;0.0;89313.43;0.08931343;124;720.2695967741935;1;;;;;;;;;;;2024;124
2024;Non;75;Nouvelle-Aquitaine;64;Pyrénées-Atlantiques;200067106;Communauté d'agglomération du Pays Basque;1;Oui;Oui;Non;2;Non;64327;Lecumberry;Commune;216403279;64327;LECUMBERRY;Dépenses d'investissement;385123.53;0.0;0.0;385123.53;0.38512353000000005;178;2163.615337078652;1;;;;;;;;;;;2024;178
2024;Non;75;Nouvelle-Aquitaine;64;Pyrénées-Atlantiques;200067262;Communauté de communes du Haut Béarn;3;Non;Non;Non;2;Non;64328;Ledeuix;Commune;216403287;64328;LEDEUIX;Dépenses d'investissement;347080.88;17878.82;0.0;364959.7;0.3649597;1058;344.9524574669187;1;;;;;;;;;;;2024;1058
2024;Non;75;Nouvelle-Aquitaine;64;Pyrénées-Atlantiques;200067262;Communauté de communes du Haut Béarn;2;Oui;Oui;Non;1;Non;64330;Lées-Athas;Commune;216403303;64330;LEES-ATHAS;Dépenses d'investissement;228870.55;58101.6;0.0;286972.15;0.28697215000000004;247;1161.8305668016196;1;;;;;;;;;;;2024;247
2024;Non;75;Nouvelle-Aquitaine;64;Pyrénées-Atlantiques;200067296;Communauté de communes du Nord Est Béarn;3;Oui;Non;Non;1;Non;64331;Lembeye;Commune;216403311;64331;LEMBEYE;Dépenses d'investissement;1260162.64;0.0;0.0;1260162.64;1.26016264;787;1601.2231766200762;1;;;;;;;;;;;2024;787
2024;Non;75;Nouvelle-Aquitaine;64;Pyrénées-Atlantiques;200067239;Communauté de communes des Luys en Béarn;1;Oui;Non;Non;1;Non;64332;Lème;Commune;216403329;64332;LEME;Dépenses d'investissement;2339.32;14218.38;0.0;16557.7;0.0165577;173;95.7092485549133;1;;;;;;;;;;;2024;173
2024;Non;75;Nouvelle-Aquitaine;64;Pyrénées-Atlantiques;200067288;Communauté de communes du Béarn des Gaves;2;Oui;Non;Non;2;Non;64334;Léren;Commune;216403345;64334;LEREN;Dépenses d'investissement;22264.78;4000.0;0.0;26264.78;0.026264779999999998;216;121.5962037037037;1;;;;;;;;;;;2024;216
2024;Non;75;Nouvelle-Aquitaine;64;Pyrénées-Atlantiques;200067254;Communauté d'agglomération Pau Béarn Pyrénées;6;Non;Non;Non;2;Non;64335;Lescar;Commune;216403352;64335;LESCAR;Dépenses d'investissement;6188176.48;84680.0;0.0;6272856.48;6.272856480000001;9947;630.6279762742536;1;;;;;;;;;;;2024;9947
2024;Non;75;Nouvelle-Aquitaine;64;Pyrénées-Atlantiques;200067262;Communauté de communes du Haut Béarn;1;Oui;Oui;Non;1;Non;64336;Lescun;Commune;216403360;64336;LESCUN;Dépenses d'investissement;383433.13;56467.42;0.0;439900.55;0.43990055;172;2557.561337209302;1;;;;;;;;;;;2024;172
2024;Non;75;Nouvelle-Aquitaine;64;Pyrénées-Atlantiques;200067296;Communauté de communes du Nord Est Béarn;1;Oui;Non;Non;1;Non;64337;Lespielle;Commune;216403378;64337;LESPIELLE;Dépenses d'investissement;17285.27;0.0;0.0;17285.27;0.017285270000000002;155;111.51787096774194;1;;;;;;;;;;;2024;155
2024;Non;75;Nouvelle-Aquitaine;64;Pyrénées-Atlantiques;200067296;Communauté de communes du Nord Est Béarn;1;Oui;Non;Non;1;Non;64338;Lespourcy;Commune;216403386;64338;LESPOURCY;Dépenses d'investissement;30742.39;0.0;0.0;30742.39;0.030742389999999998;195;157.65328205128205;1;;;;;;;;;;;2024;195
2024;Non;75;Nouvelle-Aquitaine;64;Pyrénées-Atlantiques;246401756;Communauté de communes Pays de Nay;3;Oui;Oui;Oui;1;Non;64339;Lestelle-Bétharram;Commune;216403394;64339;LESTELLE-BETHARRAM;Dépenses d'investissement;452786.38;256599.6;0.0;709385.98;0.70938598;871;814.4500344431688;1;;;;;;;;;;;2024;871
2024;Non;75;Nouvelle-Aquitaine;64;Pyrénées-Atlantiques;200067106;Communauté d'agglomération du Pays Basque;0;Oui;Oui;Non;1;Non;64340;Lichans-Sunhar;Commune;216403402;64340;LICHANS-SUNHAR;Dépenses d'investissement;20643.82;0.0;0.0;20643.82;0.02064382;86;240.04441860465116;1;;;;;;;;;;;2024;86
2024;Non;75;Nouvelle-Aquitaine;64;Pyrénées-Atlantiques;200067106;Communauté d'agglomération du Pays Basque;1;Non;Non;Non;1;Non;64341;Lichos;Commune;216403410;64341;LICHOS;Dépenses d'investissement;23230.27;0.0;0.0;23230.27;0.02323027;138;168.33528985507246;1;;;;;;;;;;;2024;138
2024;Non;75;Nouvelle-Aquitaine;64;Pyrénées-Atlantiques;200067106;Communauté d'agglomération du Pays Basque;2;Oui;Oui;Non;2;Non;64342;Licq-Athérey;Commune;216403428;64342;LICQ-ATHEREY;Dépenses d'investissement;451994.96;0.0;0.0;451994.96;0.45199496;203;2226.576157635468;1;;;;;;;;;;;2024;203
2024;Non;75;Nouvelle-Aquitaine;64;Pyrénées-Atlantiques;200067296;Communauté de communes du Nord Est Béarn;3;Non;Non;Non;1;Non;64343;Limendous;Commune;216403436;64343;LIMENDOUS;Dépenses d'investissement;128645.21;0.0;0.0;128645.21;0.12864521;730;176.22631506849316;1;;;;;;;;;;;2024;730
2024;Non;75;Nouvelle-Aquitaine;64;Pyrénées-Atlantiques;200067296;Communauté de communes du Nord Est Béarn;2;Non;Non;Non;1;Non;64344;Livron;Commune;216403444;64344;LIVRON;Dépenses d'investissement;112489.53;0.0;0.0;112489.53;0.11248953;384;292.941484375;1;;;;;;;;;;;2024;384
2024;Non;75;Nouvelle-Aquitaine;64;Pyrénées-Atlantiques;200067106;Communauté d'agglomération du Pays Basque;2;Oui;Oui;Non;1;Non;64345;Lohitzun-Oyhercq;Commune;216403451;64345;LOHITZUN-OYHERCQ;Dépenses d'investissement;180117.06;0.0;0.0;180117.06;0.18011706;202;891.6686138613861;1;;;;;;;;;;;2024;202
2024;Non;75;Nouvelle-Aquitaine;64;Pyrénées-Atlantiques;200067296;Communauté de communes du Nord Est Béarn;2;Oui;Non;Non;2;Non;64346;Lombia;Commune;216403469;64346;LOMBIA;Dépenses d'investissement;62872.1;0.0;0.0;62872.1;0.0628721;209;300.82344497607653;1;;;;;;;;;;;2024;209
2024;Non;75;Nouvelle-Aquitaine;64;Pyrénées-Atlantiques;200067239;Communauté de communes des Luys en Béarn;2;Oui;Non;Non;1;Non;64347;Lonçon;Commune;216403477;64347;LONCON;Dépenses d'investissement;56536.45;0.0;0.0;56536.45;0.056536449999999995;221;255.8210407239819;1;;;;;;;;;;;2024;221
2024;Non;75;Nouvelle-Aquitaine;64;Pyrénées-Atlantiques;200067254;Communauté d'agglomération Pau Béarn Pyrénées;7;Non;Non;Non;2;Non;64348;Lons;Commune;216403485;64348;LONS;Dépenses d'investissement;3197449.23;5353.47;0.0;3202802.7;3.2028027000000003;14188;225.74025232590924;1;;;;;;;;;;;2024;14188
2024;Non;75;Nouvelle-Aquitaine;64;Pyrénées-Atlantiques;200067106;Communauté d'agglomération du Pays Basque;3;Oui;Oui;Non;2;Non;64350;Louhossoa;Commune;216403501;64350;LOUHOSSOA;Dépenses d'investissement;408427.94;0.0;0.0;408427.94;0.40842794;876;466.2419406392694;1;;;;;;;;;;;2024;876
2024;Non;75;Nouvelle-Aquitaine;64;Pyrénées-Atlantiques;200067262;Communauté de communes du Haut Béarn;1;Oui;Oui;Non;0;Non;64351;Lourdios-Ichère;Commune;216403519;64351;LOURDIOS-ICHERE;Dépenses d'investissement;148185.82;10220.0;0.0;158405.82;0.15840582;138;1147.8682608695653;1;;;;;;;;;;;2024;138
2024;Non;75;Nouvelle-Aquitaine;64;Pyrénées-Atlantiques;200067296;Communauté de communes du Nord Est Béarn;2;Oui;Non;Non;2;Non;64352;Lourenties;Commune;216403527;64352;LOURENTIES;Dépenses d'investissement;115315.28;0.0;0.0;115315.28;0.11531527999999999;420;274.5601904761905;1;;;;;;;;;;;2024;420
2024;Non;75;Nouvelle-Aquitaine;64;Pyrénées-Atlantiques;246400337;Communauté de communes de la Vallée d'Ossau;3;Non;Oui;Non;1;Non;64353;Louvie-Juzon;Commune;216403535;64353;LOUVIE-JUZON;Dépenses d'investissement;330330.53;0.0;0.0;330330.53;0.33033053;1103;299.483708068903;1;;;;;;;;;;;2024;1103
2024;Non;75;Nouvelle-Aquitaine;64;Pyrénées-Atlantiques;246400337;Communauté de communes de la Vallée d'Ossau;1;Oui;Oui;Non;1;Non;64354;Louvie-Soubiron;Commune;216403543;64354;LOUVIE-SOUBIRON;Dépenses d'investissement;97712.38;7872.32;0.0;105584.7;0.1055847;131;805.9900763358778;1;;;;;;;;;;;2024;131
2024;Non;75;Nouvelle-Aquitaine;64;Pyrénées-Atlantiques;200067239;Communauté de communes des Luys en Béarn;1;Oui;Non;Non;1;Non;64355;Louvigny;Commune;216403550;64355;LOUVIGNY;Dépenses d'investissement;46944.03;0.0;0.0;46944.03;0.04694403;139;337.7268345323741;1;;;;;;;;;;;2024;139
2024;Non;75;Nouvelle-Aquitaine;64;Pyrénées-Atlantiques;200067296;Communauté de communes du Nord Est Béarn;1;Oui;Non;Non;1;Non;64356;Luc-Armau;Commune;216403568;64356;LUC-ARMAU;Dépenses d'investissement;5578.07;0.0;0.0;5578.07;0.00557807;110;50.70972727272727;1;;;;;;;;;;;2024;110
2024;Non;75;Nouvelle-Aquitaine;64;Pyrénées-Atlantiques;200067296;Communauté de communes du Nord Est Béarn;0;Oui;Non;Non;1;Non;64357;Lucarré;Commune;216403576;64357;LUCARRE;Dépenses d'investissement;13853.85;0.0;0.0;13853.85;0.013853850000000001;62;223.44919354838711;1;;;;;;;;;;;2024;62
2024;Non;75;Nouvelle-Aquitaine;64;Pyrénées-Atlantiques;200067296;Communauté de communes du Nord Est Béarn;2;Oui;Non;Non;2;Non;64358;Lucgarier;Commune;216403584;64358;LUCGARIER;Dépenses d'investissement;64636.14;0.0;0.0;64636.14;0.06463614;260;248.60053846153846;1;;;;;;;;;;;2024;260
2024;Non;75;Nouvelle-Aquitaine;64;Pyrénées-Atlantiques;200039204;Communauté de communes de Lacq-Orthez;3;Oui;Oui;Non;1;Non;64359;Lucq-de-Béarn;Commune;216403592;64359;LUCQ-DE-BEARN;Dépenses d'investissement;452197.32;11639.62;0.0;463836.94;0.46383694;955;485.6931308900524;1;;;;;;;;;;;2024;955
2024;Non;75;Nouvelle-Aquitaine;64;Pyrénées-Atlantiques;200067262;Communauté de communes du Haut Béarn;2;Oui;Oui;Non;1;Non;64360;Lurbe-Saint-Christau;Commune;216403600;64360;LURBE-SAINT-CHRISTAU;Dépenses d'investissement;31571.63;16858.87;0.0;48430.5;0.0484305;208;232.83894230769232;1;;;;;;;;;;;2024;208
2024;Non;75;Nouvelle-Aquitaine;64;Pyrénées-Atlantiques;200067296;Communauté de communes du Nord Est Béarn;1;Oui;Non;Non;1;Non;64361;Lussagnet-Lusson;Commune;216403618;64361;LUSSAGNET-LUSSON;Dépenses d'investissement;150053.37;0.0;0.0;150053.37;0.15005337;189;793.9331746031746;1;;;;;;;;;;;2024;189
2024;Non;75;Nouvelle-Aquitaine;64;Pyrénées-Atlantiques;200067106;Communauté d'agglomération du Pays Basque;2;Oui;Non;Non;1;Non;64362;Luxe-Sumberraute;Commune;216403626;64362;LUXE-SUMBERRAUTE;Dépenses d'investissement;90103.23;0.0;0.0;90103.23;0.09010322999999999;438;205.71513698630136;1;;;;;;;;;;;2024;438
2024;Non;75;Nouvelle-Aquitaine;64;Pyrénées-Atlantiques;246400337;Communauté de communes de la Vallée d'Ossau;2;Oui;Oui;Non;1;Non;64363;Lys;Commune;216403634;64363;LYS;Dépenses d'investissement;366707.45;0.0;0.0;366707.45;0.36670745;326;1124.8694785276075;1;;;;;;;;;;;2024;326
2024;Non;75;Nouvelle-Aquitaine;64;Pyrénées-Atlantiques;200067106;Communauté d'agglomération du Pays Basque;3;Oui;Oui;Non;1;Non;64364;Macaye;Commune;216403642;64364;MACAYE;Dépenses d'investissement;197281.26;2484.03;0.0;199765.29;0.19976529;608;328.56133223684213;1;;;;;;;;;;;2024;608
2024;Non;75;Nouvelle-Aquitaine;64;Pyrénées-Atlantiques;200067239;Communauté de communes des Luys en Béarn;2;Oui;Non;Non;1;Non;64365;Malaussanne;Commune;216403659;64365;MALAUSSANNE;Dépenses d'investissement;100840.03;0.0;3109.84;97730.19;0.09773019000000001;440;222.1140681818182;1;;;;;;;;;;;2024;440
2024;Non;75;Nouvelle-Aquitaine;64;Pyrénées-Atlantiques;200067239;Communauté de communes des Luys en Béarn;1;Oui;Non;Non;1;Non;64366;Mascaraàs-Haron;Commune;216403667;64366;MASCARAAS-HARON;Dépenses d'investissement;16479.54;0.0;0.0;16479.54;0.01647954;117;140.85076923076923;1;;;;;;;;;;;2024;117
2024;Non;75;Nouvelle-Aquitaine;64;Pyrénées-Atlantiques;200039204;Communauté de communes de Lacq-Orthez;3;Oui;Non;Non;2;Non;64367;Maslacq;Commune;216403675;64367;MASLACQ;Dépenses d'investissement;294115.73;0.0;0.0;294115.73;0.29411572999999996;914;321.78963894967177;1;;;;;;;;;;;2024;914
2024;Non;75;Nouvelle-Aquitaine;64;Pyrénées-Atlantiques;200067106;Communauté d'agglomération du Pays Basque;2;Oui;Non;Non;1;Non;64368;Masparraute;Commune;216403683;64368;MASPARRAUTE;Dépenses d'investissement;54950.52;0.0;0.0;54950.52;0.054950519999999996;269;204.27702602230482;1;;;;;;;;;;;2024;269
2024;Non;75;Nouvelle-Aquitaine;64;Pyrénées-Atlantiques;200067296;Communauté de communes du Nord Est Béarn;2;Oui;Non;Non;1;Non;64369;Maspie-Lalonquère-Juillacq;Commune;216403691;64369;MASPIE-LALONQUERE-JUILLACQ;Dépenses d'investissement;30921.05;0.0;0.0;30921.05;0.03092105;252;122.70257936507936;1;;;;;;;;;;;2024;252
2024;Non;75;Nouvelle-Aquitaine;64;Pyrénées-Atlantiques;200067296;Communauté de communes du Nord Est Béarn;3;Non;Non;Non;4;Non;64370;Maucor;Commune;216403709;64370;MAUCOR;Dépenses d'investissement;24860.99;0.0;0.0;24860.99;0.024860990000000003;578;43.01209342560554;1;;;;;;;;;;;2024;578
2024;Non;75;Nouvelle-Aquitaine;64;Pyrénées-Atlantiques;200067106;Communauté d'agglomération du Pays Basque;4;Non;Oui;Non;1;Non;64371;Mauléon-Licharre;Commune;216403717;64371;MAULEON-LICHARRE;Dépenses d'investissement;1608804.1;28304.13;0.0;1637108.23;1.63710823;3189;513.361000313578;1;;;;;;;;;;;2024;3189
2024;Non;75;Nouvelle-Aquitaine;64;Pyrénées-Atlantiques;200072106;Communauté de communes Adour Madiran;0;Oui;Non;Non;2;Non;64372;Maure;Commune;216403725;64372;MAURE;Dépenses d'investissement;15099.02;0.0;0.0;15099.02;0.015099020000000001;89;169.65191011235956;1;;;;;;;;;;;2024;89
2024;Non;75;Nouvelle-Aquitaine;64;Pyrénées-Atlantiques;200067254;Communauté d'agglomération Pau Béarn Pyrénées;3;Non;Non;Non;2;Non;64373;Mazères-Lezons;Commune;216403733;64373;MAZERES-LEZONS;Dépenses d'investissement;536050.25;0.0;0.0;536050.25;0.53605025;1861;288.0441966684578;1;;;;;;;;;;;2024;1861
2024;Non;75;Nouvelle-Aquitaine;64;Pyrénées-Atlantiques;200067239;Communauté de communes des Luys en Béarn;3;Oui;Non;Non;2;Non;64374;Mazerolles;Commune;216403741;64374;MAZEROLLES;Dépenses d'investissement;111816.2;0.0;0.0;111816.2;0.11181619999999999;1196;93.49180602006689;1;;;;;;;;;;;2024;1196
2024;Non;75;Nouvelle-Aquitaine;64;Pyrénées-Atlantiques;200067106;Communauté d'agglomération du Pays Basque;2;Oui;Oui;Non;1;Non;64375;Méharin;Commune;216403758;64375;MEHARIN;Dépenses d'investissement;151222.83;0.0;0.0;151222.83;0.15122282999999997;288;525.0792708333333;1;;;;;;;;;;;2024;288
2024;Non;75;Nouvelle-Aquitaine;64;Pyrénées-Atlantiques;200067254;Communauté d'agglomération Pau Béarn Pyrénées;3;Non;Non;Non;2;Non;64376;Meillon;Commune;216403766;64376;MEILLON;Dépenses d'investissement;179863.83;250000.0;0.0;429863.83;0.42986383;969;443.61592363261093;1;;;;;;;;;;;2024;969
2024;Non;75;Nouvelle-Aquitaine;64;Pyrénées-Atlantiques;200067106;Communauté d'agglomération du Pays Basque;3;Oui;Oui;Non;1;Non;64377;Mendionde;Commune;216403774;64377;MENDIONDE;Dépenses d'investissement;226340.31;16360.0;0.0;242700.31;0.24270031;868;279.60865207373274;1;;;;;;;;;;;2024;868
2024;Non;75;Nouvelle-Aquitaine;64;Pyrénées-Atlantiques;200067106;Communauté d'agglomération du Pays Basque;2;Oui;Oui;Non;0;Non;64378;Menditte;Commune;216403782;64378;MENDITTE;Dépenses d'investissement;761580.62;0.0;0.0;761580.62;0.76158062;332;2293.917530120482;1;;;;;;;;;;;2024;332
2024;Non;75;Nouvelle-Aquitaine;64;Pyrénées-Atlantiques;200067106;Communauté d'agglomération du Pays Basque;1;Oui;Oui;Non;1;Non;64379;Mendive;Commune;216403790;64379;MENDIVE;Dépenses d'investissement;239387.33;0.0;0.0;239387.33;0.23938732999999998;157;1524.7600636942675;1;;;;;;;;;;;2024;157
2024;Non;75;Nouvelle-Aquitaine;64;Pyrénées-Atlantiques;200067239;Communauté de communes des Luys en Béarn;2;Oui;Non;Non;1;Non;64380;Méracq;Commune;216403808;64380;MERACQ;Dépenses d'investissement;186270.65;0.0;0.0;186270.65;0.18627064999999998;239;779.3751046025104;1;;;;;;;;;;;2024;239
2024;Non;75;Nouvelle-Aquitaine;64;Pyrénées-Atlantiques;200067288;Communauté de communes du Béarn des Gaves;2;Non;Non;Non;2;Non;64381;Méritein;Commune;216403816;64381;MERITEIN;Dépenses d'investissement;84112.0;31876.92;0.0;115988.92;0.11598892;286;405.55566433566435;1;;;;;;;;;;;2024;286
2024;Non;75;Nouvelle-Aquitaine;64;Pyrénées-Atlantiques;200039204;Communauté de communes de Lacq-Orthez;2;Oui;Non;Non;2;Non;64382;Mesplède;Commune;216403824;64382;MESPLEDE;Dépenses d'investissement;154246.06;0.0;0.0;154246.06;0.15424606;340;453.66488235294116;1;;;;;;;;;;;2024;340
2024;Non;75;Nouvelle-Aquitaine;64;Pyrénées-Atlantiques;200067239;Communauté de communes des Luys en Béarn;1;Oui;Non;Non;1;Non;64383;Mialos;Commune;216403832;64383;MIALOS;Dépenses d'investissement;19716.4;0.0;0.0;19716.4;0.019716400000000002;141;139.8326241134752;1;;;;;;;;;;;2024;141
2024;Non;75;Nouvelle-Aquitaine;64;Pyrénées-Atlantiques;200067239;Communauté de communes des Luys en Béarn;2;Oui;Non;Non;2;Non;64385;Miossens-Lanusse;Commune;216403857;64385;MIOSSENS-LANUSSE;Dépenses d'investissement;133399.29;0.0;0.0;133399.29;0.13339929;287;464.8058885017422;1;;;;;;;;;;;2024;287
2024;Non;75;Nouvelle-Aquitaine;64;Pyrénées-Atlantiques;246401756;Communauté de communes Pays de Nay;3;Non;Non;Non;2;Non;64386;Mirepeix;Commune;216403865;64386;MIREPEIX;Dépenses d'investissement;193193.73;0.0;0.0;193193.73;0.19319373;1277;151.28718089271732;1;;;;;;;;;;;2024;1277
2024;Non;75;Nouvelle-Aquitaine;64;Pyrénées-Atlantiques;200067239;Communauté de communes des Luys en Béarn;3;Oui;Non;Non;1;Non;64387;Momas;Commune;216403873;64387;MOMAS;Dépenses d'investissement;115301.16;0.0;0.0;115301.16;0.11530116;626;184.18715654952078;1;;;;;;;;;;;2024;626
2024;Non;75;Nouvelle-Aquitaine;64;Pyrénées-Atlantiques;200067296;Communauté de communes du Nord Est Béarn;1;Oui;Non;Non;2;Non;64388;Momy;Commune;216403881;64388;MOMY;Dépenses d'investissement;469.0;0.0;0.0;469.0;0.000469;113;4.150442477876106;1;;;;;;;;;;;2024;113
2024;Non;75;Nouvelle-Aquitaine;64;Pyrénées-Atlantiques;200067296;Communauté de communes du Nord Est Béarn;2;Oui;Non;Non;1;Non;64389;Monassut-Audiracq;Commune;216403899;64389;MONASSUT-AUDIRACQ;Dépenses d'investissement;60025.28;0.0;0.0;60025.28;0.06002528;372;161.35827956989246;1;;;;;;;;;;;2024;372
2024;Non;75;Nouvelle-Aquitaine;64;Pyrénées-Atlantiques;200067296;Communauté de communes du Nord Est Béarn;1;Oui;Non;Non;2;Non;64390;Moncaup;Commune;216403907;64390;MONCAUP;Dépenses d'investissement;29128.95;0.0;0.0;29128.95;0.02912895;170;171.34676470588235;1;;;;;;;;;;;2024;170
2024;Non;75;Nouvelle-Aquitaine;64;Pyrénées-Atlantiques;200067106;Communauté d'agglomération du Pays Basque;2;Oui;Oui;Non;1;Non;64391;Moncayolle-Larrory-Mendibieu;Commune;216403915;64391;MONCAYOLLE-LARRORY-MENDIBIEU;Dépenses d'investissement;49035.01;37080.0;0.0;86115.01;0.08611500999999999;304;283.2730592105263;1;;;;;;;;;;;2024;304
2024;Non;75;Nouvelle-Aquitaine;64;Pyrénées-Atlantiques;200067239;Communauté de communes des Luys en Béarn;0;Oui;Non;Non;2;Non;64392;Moncla;Commune;216403923;64392;MONCLA;Dépenses d'investissement;20139.49;0.0;0.0;20139.49;0.020139490000000003;82;245.60353658536587;1;;;;;;;;;;;2024;82
2024;Non;75;Nouvelle-Aquitaine;64;Pyrénées-Atlantiques;200039204;Communauté de communes de Lacq-Orthez;5;Non;Oui;Non;2;Non;64393;Monein;Commune;216403931;64393;MONEIN;Dépenses d'investissement;1155229.94;105016.37;0.0;1260246.31;1.26024631;4536;277.83207892416226;1;;;;;;;;;;;2024;4536
2024;Non;75;Nouvelle-Aquitaine;64;Pyrénées-Atlantiques;200067296;Communauté de communes du Nord Est Béarn;0;Oui;Non;Non;1;Non;64394;Monpezat;Commune;216403949;64394;MONPEZAT;Dépenses d'investissement;38437.19;0.0;0.0;38437.19;0.03843719;85;452.20223529411766;1;;;;;;;;;;;2024;85
2024;Non;75;Nouvelle-Aquitaine;64;Pyrénées-Atlantiques;200072106;Communauté de communes Adour Madiran;1;Oui;Non;Non;2;Non;64395;Monségur;Commune;216403956;64395;MONSEGUR;Dépenses d'investissement;21627.1;0.0;0.0;21627.1;0.0216271;132;163.84166666666667;1;;;;;;;;;;;2024;132
2024;Non;75;Nouvelle-Aquitaine;64;Pyrénées-Atlantiques;200039204;Communauté de communes de Lacq-Orthez;3;Oui;Non;Non;1;Non;64396;Mont;Commune;216403964;64396;MONT;Dépenses d'investissement;1745688.42;64378.88;0.0;1810067.3;1.8100673;1218;1486.097947454844;1;;;;;;;;;;;2024;1218
2024;Non;75;Nouvelle-Aquitaine;64;Pyrénées-Atlantiques;200067239;Communauté de communes des Luys en Béarn;1;Oui;Non;Non;1;Non;64397;Montagut;Commune;216403972;64397;MONTAGUT;Dépenses d'investissement;52443.8;0.0;0.0;52443.8;0.052443800000000006;124;422.93387096774194;1;;;;;;;;;;;2024;124
2024;Non;75;Nouvelle-Aquitaine;64;Pyrénées-Atlantiques;200072106;Communauté de communes Adour Madiran;2;Oui;Non;Non;2;Non;64398;Montaner;Commune;216403980;64398;MONTANER;Dépenses d'investissement;583252.59;0.0;0.0;583252.59;0.58325259;432;1350.121736111111;1;;;;;;;;;;;2024;432
2024;Non;75;Nouvelle-Aquitaine;64;Pyrénées-Atlantiques;200067239;Communauté de communes des Luys en Béarn;4;Non;Non;Non;2;Non;64399;Montardon;Commune;216403998;64399;MONTARDON;Dépenses d'investissement;1004728.83;0.0;0.0;1004728.83;1.00472883;2698;372.3976389918458;1;;;;;;;;;;;2024;2698
2024;Non;75;Nouvelle-Aquitaine;64;Pyrénées-Atlantiques;246401756;Communauté de communes Pays de Nay;3;Oui;Oui;Non;2;Non;64400;Montaut;Commune;216404004;64400;MONTAUT;Dépenses d'investissement;151025.02;9059.98;0.0;160085.0;0.160085;1158;138.24265975820379;1;;;;;;;;;;;2024;1158
2024;Non;75;Nouvelle-Aquitaine;64;Pyrénées-Atlantiques;200067239;Communauté de communes des Luys en Béarn;0;Oui;Non;Non;1;Non;64401;Mont-Disse;Commune;216404012;64401;MONT-DISSE;Dépenses d'investissement;33960.7;0.0;0.0;33960.7;0.033960699999999996;80;424.50874999999996;1;;;;;;;;;;;2024;80
2024;Non;75;Nouvelle-Aquitaine;64;Pyrénées-Atlantiques;200067288;Communauté de communes du Béarn des Gaves;1;Oui;Non;Non;1;Non;64403;Montfort;Commune;216404038;64403;MONTFORT;Dépenses d'investissement;45903.08;0.0;0.0;45903.08;0.04590308;188;244.1653191489362;1;;;;;;;;;;;2024;188
2024;Non;75;Nouvelle-Aquitaine;64;Pyrénées-Atlantiques;200067106;Communauté d'agglomération du Pays Basque;2;Oui;Oui;Non;1;Non;64404;Montory;Commune;216404046;64404;MONTORY;Dépenses d'investissement;170922.79;0.0;0.0;170922.79;0.17092279000000002;317;539.1886119873817;1;;;;;;;;;;;2024;317
2024;Non;75;Nouvelle-Aquitaine;64;Pyrénées-Atlantiques;200067296;Communauté de communes du Nord Est Béarn;5;Non;Non;Non;2;Non;64405;Morlaàs;Commune;216404053;64405;MORLAAS;Dépenses d'investissement;2759302.59;463138.45;0.0;3222441.04;3.22244104;4579;703.7434024896265;1;;;;;;;;;;;2024;4579
2024;Non;75;Nouvelle-Aquitaine;64;Pyrénées-Atlantiques;200067239;Communauté de communes des Luys en Béarn;3;Oui;Non;Non;1;Non;64406;Morlanne;Commune;216404061;64406;MORLANNE;Dépenses d'investissement;76957.68;0.0;0.0;76957.68;0.07695767999999999;628;122.544076433121;1;;;;;;;;;;;2024;628
2024;Non;75;Nouvelle-Aquitaine;64;Pyrénées-Atlantiques;200067106;Communauté d'agglomération du Pays Basque;6;Non;Non;Non;3;Non;64407;Mouguerre;Commune;216404079;64407;MOUGUERRE;Dépenses d'investissement;1693424.78;7300.0;0.0;1700724.78;1.70072478;5443;312.4609186110601;1;;;;;;;;;;;2024;5443
2024;Non;75;Nouvelle-Aquitaine;64;Pyrénées-Atlantiques;200067239;Communauté de communes des Luys en Béarn;0;Oui;Non;Non;1;Non;64408;Mouhous;Commune;216404087;64408;MOUHOUS;Dépenses d'investissement;8195.5;0.0;0.0;8195.5;0.0081955;64;128.0546875;1;;;;;;;;;;;2024;64
2024;Non;75;Nouvelle-Aquitaine;64;Pyrénées-Atlantiques;200067262;Communauté de communes du Haut Béarn;3;Oui;Non;Non;2;Non;64409;Moumour;Commune;216404095;64409;MOUMOUR;Dépenses d'investissement;176075.76;46287.39;0.0;222363.15;0.22236314999999998;849;261.9118374558304;1;;;;;;;;;;;2024;849
2024;Non;75;Nouvelle-Aquitaine;64;Pyrénées-Atlantiques;200039204;Communauté de communes de Lacq-Orthez;6;Non;Non;Non;1;Non;64410;Mourenx;Commune;216404103;64410;MOURENX;Dépenses d'investissement;3827295.71;3475725.39;0.0;7303021.1;7.3030211;6015;1214.134846217789;1;;;;;;;;;;;2024;6015
2024;Non;75;Nouvelle-Aquitaine;64;Pyrénées-Atlantiques;200067106;Communauté d'agglomération du Pays Basque;2;Oui;Oui;Non;1;Non;64411;Musculdy;Commune;216404111;64411;MUSCULDY;Dépenses d'investissement;174943.87;0.0;0.0;174943.87;0.17494387;236;741.2875847457627;1;;;;;;;;;;;2024;236
2024;Non;75;Nouvelle-Aquitaine;64;Pyrénées-Atlantiques;200067288;Communauté de communes du Béarn des Gaves;0;Oui;Non;Non;2;Non;64412;Nabas;Commune;216404129;64412;NABAS;Dépenses d'investissement;6110.8;0.0;0.0;6110.8;0.0061108;87;70.23908045977012;1;;;;;;;;;;;2024;87
2024;Non;75;Nouvelle-Aquitaine;64;Pyrénées-Atlantiques;246401756;Communauté de communes Pays de Nay;3;Non;Non;Non;2;Non;64413;Narcastet;Commune;216404137;64413;NARCASTET;Dépenses d'investissement;451776.67;0.0;0.0;451776.67;0.45177667;775;582.9376387096773;1;;;;;;;;;;;2024;775
2024;Non;75;Nouvelle-Aquitaine;64;Pyrénées-Atlantiques;200067288;Communauté de communes du Béarn des Gaves;1;Oui;Non;Non;1;Non;64414;Narp;Commune;216404145;64414;NARP;Dépenses d'investissement;31086.74;0.0;0.0;31086.74;0.03108674;123;252.73772357723578;1;;;;;;;;;;;2024;123
2024;Non;75;Nouvelle-Aquitaine;64;Pyrénées-Atlantiques;200067239;Communauté de communes des Luys en Béarn;3;Non;Non;Non;2;Non;64415;Navailles-Angos;Commune;216404152;64415;NAVAILLES-ANGOS;Dépenses d'investissement;425471.78;4000.0;0.0;429471.78;0.42947178;1569;273.7232504780115;1;;;;;;;;;;;2024;1569
2024;Non;75;Nouvelle-Aquitaine;64;Pyrénées-Atlantiques;200067288;Communauté de communes du Béarn des Gaves;3;Non;Non;Oui;2;Non;64416;Navarrenx;Commune;216404160;64416;NAVARRENX;Dépenses d'investissement;417016.73;0.0;0.0;417016.73;0.41701673;1072;389.0081436567164;1;;;;;;;;;;;2024;1072
2024;Non;75;Nouvelle-Aquitaine;64;Pyrénées-Atlantiques;246401756;Communauté de communes Pays de Nay;4;Non;Non;Non;2;Non;64417;Nay;Commune;216404178;64417;NAY;Dépenses d'investissement;2176539.53;0.0;0.0;2176539.53;2.17653953;3428;634.9298512252042;1;;;;;;;;;;;2024;3428
2024;Non;75;Nouvelle-Aquitaine;64;Pyrénées-Atlantiques;200039204;Communauté de communes de Lacq-Orthez;1;Non;Non;Non;1;Non;64418;Noguères;Commune;216404186;64418;NOGUERES;Dépenses d'investissement;113354.46;0.0;0.0;113354.46;0.11335446;133;852.2891729323309;1;;;;;;;;;;;2024;133
2024;Non;75;Nouvelle-Aquitaine;64;Pyrénées-Atlantiques;200067296;Communauté de communes du Nord Est Béarn;3;Non;Non;Non;2;Non;64419;Nousty;Commune;216404194;64419;NOUSTY;Dépenses d'investissement;298735.78;0.0;0.0;298735.78;0.29873578;1622;184.1774229346486;1;;;;;;;;;;;2024;1622
2024;Non;75;Nouvelle-Aquitaine;64;Pyrénées-Atlantiques;200067288;Communauté de communes du Béarn des Gaves;2;Oui;Non;Non;2;Non;64420;Ogenne-Camptort;Commune;216404202;64420;OGENNE-CAMPTORT;Dépenses d'investissement;114814.5;0.0;0.0;114814.5;0.1148145;247;464.83603238866397;1;;;;;;;;;;;2024;247
2024;Non;75;Nouvelle-Aquitaine;64;Pyrénées-Atlantiques;200067262;Communauté de communes du Haut Béarn;3;Oui;Non;Non;2;Non;64421;Ogeu-les-Bains;Commune;216404210;64421;OGEU-LES-BAINS;Dépenses d'investissement;243767.21;0.0;0.0;243767.21;0.24376720999999998;1301;187.36910837817064;1;;;;;;;;;;;2024;1301
2024;Non;75;Nouvelle-Aquitaine;64;Pyrénées-Atlantiques;200067262;Communauté de communes du Haut Béarn;7;Non;Oui;Oui;1;Non;64422;Oloron-Sainte-Marie;Commune;216404228;64422;OLORON-SAINTE-MARIE;Dépenses d'investissement;7690465.51;1191955.74;0.0;8882421.25;8.88242125;11273;787.9376607824004;1;;;;;;;;;;;2024;11273
2024;Non;75;Nouvelle-Aquitaine;64;Pyrénées-Atlantiques;200067288;Communauté de communes du Béarn des Gaves;1;Oui;Non;Non;2;Non;64423;Oraàs;Commune;216404236;64423;ORAAS;Dépenses d'investissement;20425.35;5467.15;0.0;25892.5;0.0258925;188;137.72606382978722;1;;;;;;;;;;;2024;188
2024;Non;75;Nouvelle-Aquitaine;64;Pyrénées-Atlantiques;200067106;Communauté d'agglomération du Pays Basque;3;Oui;Oui;Non;1;Non;64424;Ordiarp;Commune;216404244;64424;ORDIARP;Dépenses d'investissement;185159.99;0.0;0.0;185159.99;0.18515999;556;333.0215647482014;1;;;;;;;;;;;2024;556
2024;Non;75;Nouvelle-Aquitaine;64;Pyrénées-Atlantiques;200067106;Communauté d'agglomération du Pays Basque;3;Oui;Oui;Non;1;Non;64425;Orègue;Commune;216404251;64425;OREGUE;Dépenses d'investissement;209853.2;0.0;0.0;209853.2;0.20985320000000002;514;408.27470817120627;1;;;;;;;;;;;2024;514
2024;Non;75;Nouvelle-Aquitaine;64;Pyrénées-Atlantiques;200067262;Communauté de communes du Haut Béarn;2;Oui;Non;Non;2;Non;64426;Orin;Commune;216404269;64426;ORIN;Dépenses d'investissement;100996.4;1692.94;0.0;102689.34;0.10268933999999999;274;374.7786131386861;1;;;;;;;;;;;2024;274
2024;Non;75;Nouvelle-Aquitaine;64;Pyrénées-Atlantiques;200067288;Communauté de communes du Béarn des Gaves;1;Oui;Non;Non;2;Non;64427;Orion;Commune;216404277;64427;ORION;Dépenses d'investissement;85879.61;0.0;0.0;85879.61;0.08587961;152;564.9974342105263;1;;;;;;;;;;;2024;152
2024;Non;75;Nouvelle-Aquitaine;64;Pyrénées-Atlantiques;200067288;Communauté de communes du Béarn des Gaves;1;Oui;Non;Non;1;Non;64428;Orriule;Commune;216404285;64428;ORRIULE;Dépenses d'investissement;25546.64;0.0;0.0;25546.64;0.02554664;143;178.64783216783218;1;;;;;;;;;;;2024;143
2024;Non;75;Nouvelle-Aquitaine;64;Pyrénées-Atlantiques;200067106;Communauté d'agglomération du Pays Basque;1;Oui;Oui;Non;1;Non;64429;Orsanco;Commune;216404293;64429;ORSANCO;Dépenses d'investissement;134711.54;0.0;0.0;134711.54;0.13471154000000002;109;1235.8856880733945;1;;;;;;;;;;;2024;109
2024;Non;75;Nouvelle-Aquitaine;64;Pyrénées-Atlantiques;200039204;Communauté de communes de Lacq-Orthez;7;Non;Non;Non;1;Non;64430;Orthez;Commune;216404301;64430;ORTHEZ;Dépenses d'investissement;2771270.35;1304385.71;63500.0;4012156.06;4.01215606;11322;354.36813813813814;1;;;;;;;;;;;2024;11322
2024;Non;75;Nouvelle-Aquitaine;64;Pyrénées-Atlantiques;200039204;Communauté de communes de Lacq-Orthez;3;Non;Non;Non;2;Non;64431;Os-Marsillon;Commune;216404319;64431;OS-MARSILLON;Dépenses d'investissement;118883.94;0.0;0.0;118883.94;0.11888394000000001;553;214.98000000000002;1;;;;;;;;;;;2024;553
2024;Non;75;Nouvelle-Aquitaine;64;Pyrénées-Atlantiques;200067106;Communauté d'agglomération du Pays Basque;0;Oui;Oui;Non;1;Non;64432;Ossas-Suhare;Commune;216404327;64432;OSSAS-SUHARE;Dépenses d'investissement;61173.36;0.0;0.0;61173.36;0.06117336;88;695.1518181818182;1;;;;;;;;;;;2024;88
2024;Non;75;Nouvelle-Aquitaine;64;Pyrénées-Atlantiques;200067262;Communauté de communes du Haut Béarn;2;Oui;Oui;Non;1;Non;64433;Osse-en-Aspe;Commune;216404335;64433;OSSE-EN-ASPE;Dépenses d'investissement;196666.08;20853.11;0.0;217519.19;0.21751919;351;619.712792022792;1;;;;;;;;;;;2024;351
2024;Non;75;Nouvelle-Aquitaine;64;Pyrénées-Atlantiques;200067288;Communauté de communes du Béarn des Gaves;0;Oui;Non;Non;0;Non;64434;Ossenx;Commune;216404343;64434;OSSENX;Dépenses d'investissement;2811.8;0.0;0.0;2811.8;0.0028118;50;56.236000000000004;1;;;;;;;;;;;2024;50
2024;Non;75;Nouvelle-Aquitaine;64;Pyrénées-Atlantiques;200067106;Communauté d'agglomération du Pays Basque;2;Oui;Non;Non;1;Non;64435;Osserain-Rivareyte;Commune;216404350;64435;OSSERAIN-RIVAREYTE;Dépenses d'investissement;81334.69;0.0;0.0;81334.69;0.08133469;229;355.1733187772926;1;;;;;;;;;;;2024;229
2024;Non;75;Nouvelle-Aquitaine;64;Pyrénées-Atlantiques;200067106;Communauté d'agglomération du Pays Basque;3;Oui;Oui;Non;1;Non;64436;Ossès;Commune;216404368;64436;OSSES;Dépenses d'investissement;482141.54;326193.51;326193.51;482141.54;0.48214154;875;551.0189028571428;1;;;;;;;;;;;2024;875
2024;Non;75;Nouvelle-Aquitaine;64;Pyrénées-Atlantiques;200067106;Communauté d'agglomération du Pays Basque;2;Oui;Oui;Non;1;Non;64437;Ostabat-Asme;Commune;216404376;64437;OSTABAT-ASME;Dépenses d'investissement;91969.15;0.0;0.0;91969.15;0.09196915;220;418.04159090909087;1;;;;;;;;;;;2024;220
2024;Non;75;Nouvelle-Aquitaine;64;Pyrénées-Atlantiques;200067296;Communauté de communes du Nord Est Béarn;3;Oui;Non;Non;2;Non;64438;Ouillon;Commune;216404384;64438;OUILLON;Dépenses d'investissement;195319.59;0.0;0.0;195319.59;0.19531959;567;344.4789947089947;1;;;;;;;;;;;2024;567
2024;Non;75;Nouvelle-Aquitaine;64;Pyrénées-Atlantiques;200039204;Communauté de communes de Lacq-Orthez;2;Oui;Non;Non;5;Non;64440;Ozenx-Montestrucq;Commune;216404400;64440;OZENX-MONTESTRUCQ;Dépenses d'investissement;35660.91;0.0;0.0;35660.91;0.035660910000000004;395;90.28078481012659;1;;;;;;;;;;;2024;395
2024;Non;75;Nouvelle-Aquitaine;64;Pyrénées-Atlantiques;200067106;Communauté d'agglomération du Pays Basque;2;Oui;Oui;Non;1;Non;64441;Pagolle;Commune;216404418;64441;PAGOLLE;Dépenses d'investissement;214045.21;0.0;0.0;214045.21;0.21404520999999999;266;804.6812406015038;1;;;;;;;;;;;2024;266
2024;Non;75;Nouvelle-Aquitaine;64;Pyrénées-Atlantiques;200039204;Communauté de communes de Lacq-Orthez;2;Non;Non;Non;1;Non;64442;Parbayse;Commune;216404426;64442;PARBAYSE;Dépenses d'investissement;334560.92;0.0;0.0;334560.92;0.33456092;333;1004.6874474474474;1;;;;;;;;;;;2024;333
2024;Non;75;Nouvelle-Aquitaine;64;Pyrénées-Atlantiques;200039204;Communauté de communes de Lacq-Orthez;3;Non;Non;Non;1;Non;64443;Pardies;Commune;216404434;64443;PARDIES;Dépenses d'investissement;856903.41;0.0;0.0;856903.41;0.85690341;936;915.4950961538461;1;;;;;;;;;;;2024;936
2024;Non;75;Nouvelle-Aquitaine;64;Pyrénées-Atlantiques;246401756;Communauté de communes Pays de Nay;2;Non;Non;Non;2;Non;64444;Pardies-Piétat;Commune;216404442;64444;PARDIES-PIETAT;Dépenses d'investissement;30937.31;0.0;0.0;30937.31;0.030937310000000003;473;65.40657505285412;1;;;;;;;;;;;2024;473
2024;Non;75;Nouvelle-Aquitaine;64;Pyrénées-Atlantiques;200067254;Communauté d'agglomération Pau Béarn Pyrénées;9;Non;Non;Oui;2;Oui;64445;Pau;Commune;216404459;64445;PAU;Dépenses d'investissement;47396546.47;3523688.96;0.0;50920235.43;50.92023543;78375;649.6999735885167;1;;;;;;;;;;;2024;78375
2024;Non;75;Nouvelle-Aquitaine;64;Pyrénées-Atlantiques;200067296;Communauté de communes du Nord Est Béarn;1;Oui;Non;Non;1;Non;64446;Peyrelongue-Abos;Commune;216404467;64446;PEYRELONGUE-ABOS;Dépenses d'investissement;21744.42;0.0;0.0;21744.42;0.021744419999999997;155;140.28658064516128;1;;;;;;;;;;;2024;155
2024;Non;75;Nouvelle-Aquitaine;64;Pyrénées-Atlantiques;200067239;Communauté de communes des Luys en Béarn;1;Oui;Non;Non;1;Non;64447;Piets-Plasence-Moustrou;Commune;216404475;64447;PIETS-PLASENCE-MOUSTROU;Dépenses d'investissement;12842.4;0.0;0.0;12842.4;0.0128424;140;91.73142857142857;1;;;;;;;;;;;2024;140
2024;Non;75;Nouvelle-Aquitaine;64;Pyrénées-Atlantiques;200067254;Communauté d'agglomération Pau Béarn Pyrénées;3;Non;Non;Non;2;Non;64448;Poey-de-Lescar;Commune;216404483;64448;POEY-DE-LESCAR;Dépenses d'investissement;2989507.72;0.0;0.0;2989507.72;2.98950772;1871;1597.812784607162;1;;;;;;;;;;;2024;1871
2024;Non;75;Nouvelle-Aquitaine;64;Pyrénées-Atlantiques;200067262;Communauté de communes du Haut Béarn;1;Oui;Non;Non;1;Non;64449;Poey-d'Oloron;Commune;216404491;64449;POEY-D'OLORON;Dépenses d'investissement;43208.5;0.0;0.0;43208.5;0.0432085;166;260.2921686746988;1;;;;;;;;;;;2024;166
2024;Non;75;Nouvelle-Aquitaine;64;Pyrénées-Atlantiques;200067239;Communauté de communes des Luys en Béarn;2;Oui;Non;Non;1;Non;64450;Pomps;Commune;216404509;64450;POMPS;Dépenses d'investissement;129985.6;5006.26;0.0;134991.86;0.13499186;303;445.5176897689769;1;;;;;;;;;;;2024;303
2024;Non;75;Nouvelle-Aquitaine;64;Pyrénées-Atlantiques;200072106;Communauté de communes Adour Madiran;1;Oui;Non;Non;1;Non;64451;Ponson-Debat-Pouts;Commune;216404517;64451;PONSON-DEBAT-POUTS;Dépenses d'investissement;10466.26;0.0;0.0;10466.26;0.01046626;101;103.62633663366337;1;;;;;;;;;;;2024;101
2024;Non;75;Nouvelle-Aquitaine;64;Pyrénées-Atlantiques;200067296;Communauté de communes du Nord Est Béarn;2;Oui;Non;Non;2;Non;64452;Ponson-Dessus;Commune;216404525;64452;PONSON-DESSUS;Dépenses d'investissement;58018.92;0.0;0.0;58018.92;0.05801892;268;216.48850746268656;1;;;;;;;;;;;2024;268
2024;Non;75;Nouvelle-Aquitaine;64;Pyrénées-Atlantiques;200067296;Communauté de communes du Nord Est Béarn;4;Non;Non;Non;1;Non;64453;Pontacq;Commune;216404533;64453;PONTACQ;Dépenses d'investissement;2425770.64;61346.93;46551.59;2440565.98;2.44056598;2962;823.95880486158;1;;;;;;;;;;;2024;2962
2024;Non;75;Nouvelle-Aquitaine;64;Pyrénées-Atlantiques;200072106;Communauté de communes Adour Madiran;1;Oui;Non;Non;1;Non;64454;Pontiacq-Viellepinte;Commune;216404541;64454;PONTIACQ-VIELLEPINTE;Dépenses d'investissement;168135.42;0.0;0.0;168135.42;0.16813542;182;923.8209890109891;1;;;;;;;;;;;2024;182
2024;Non;75;Nouvelle-Aquitaine;64;Pyrénées-Atlantiques;200067239;Communauté de communes des Luys en Béarn;1;Oui;Non;Non;1;Non;64455;Portet;Commune;216404558;64455;PORTET;Dépenses d'investissement;12064.5;0.0;0.0;12064.5;0.0120645;166;72.67771084337349;1;;;;;;;;;;;2024;166
2024;Non;75;Nouvelle-Aquitaine;64;Pyrénées-Atlantiques;200067239;Communauté de communes des Luys en Béarn;0;Oui;Non;Non;2;Non;64456;Pouliacq;Commune;216404566;64456;POULIACQ;Dépenses d'investissement;56065.53;0.0;0.0;56065.53;0.056065529999999995;53;1057.8401886792453;1;;;;;;;;;;;2024;53
2024;Non;75;Nouvelle-Aquitaine;64;Pyrénées-Atlantiques;200067239;Communauté de communes des Luys en Béarn;1;Oui;Non;Non;1;Non;64457;Poursiugues-Boucoue;Commune;216404574;64457;POURSIUGUES-BOUCOUE;Dépenses d'investissement;105274.67;0.0;0.0;105274.67;0.10527467;189;557.0088359788359;1;;;;;;;;;;;2024;189
2024;Non;75;Nouvelle-Aquitaine;64;Pyrénées-Atlantiques;200067262;Communauté de communes du Haut Béarn;2;Oui;Non;Non;2;Non;64458;Préchacq-Josbaig;Commune;216404582;64458;PRECHACQ-JOSBAIG;Dépenses d'investissement;49360.37;0.0;0.0;49360.37;0.04936037;300;164.53456666666668;1;;;;;;;;;;;2024;300
2024;Non;75;Nouvelle-Aquitaine;64;Pyrénées-Atlantiques;200067288;Communauté de communes du Béarn des Gaves;1;Oui;Non;Non;1;Non;64459;Préchacq-Navarrenx;Commune;216404590;64459;PRECHACQ-NAVARRENX;Dépenses d'investissement;12854.05;0.0;0.0;12854.05;0.012854049999999999;182;70.62664835164834;1;;;;;;;;;;;2024;182
2024;Non;75;Nouvelle-Aquitaine;64;Pyrénées-Atlantiques;200067262;Communauté de communes du Haut Béarn;2;Non;Non;Non;2;Non;64460;Précilhon;Commune;216404608;64460;PRECILHON;Dépenses d'investissement;210754.23;1585.31;0.0;212339.54;0.21233954000000002;408;520.4400490196078;1;;;;;;;;;;;2024;408
2024;Non;75;Nouvelle-Aquitaine;64;Pyrénées-Atlantiques;246400337;Communauté de communes de la Vallée d'Ossau;3;Oui;Oui;Non;2;Non;64463;Rébénacq;Commune;216404632;64463;REBENACQ;Dépenses d'investissement;237243.4;290.0;0.0;237533.4;0.2375334;653;363.7571209800919;1;;;;;;;;;;;2024;653
2024;Non;75;Nouvelle-Aquitaine;64;Pyrénées-Atlantiques;200067239;Communauté de communes des Luys en Béarn;0;Oui;Non;Non;1;Non;64464;Ribarrouy;Commune;216404640;64464;RIBARROUY;Dépenses d'investissement;16743.31;0.0;0.0;16743.31;0.01674331;82;204.1867073170732;1;;;;;;;;;;;2024;82
2024;Non;75;Nouvelle-Aquitaine;64;Pyrénées-Atlantiques;200067296;Communauté de communes du Nord Est Béarn;2;Oui;Non;Non;1;Non;64465;Riupeyrous;Commune;216404657;64465;RIUPEYROUS;Dépenses d'investissement;71985.3;0.0;0.0;71985.3;0.0719853;234;307.62948717948717;1;;;;;;;;;;;2024;234
2024;Non;75;Nouvelle-Aquitaine;64;Pyrénées-Atlantiques;200067288;Communauté de communes du Béarn des Gaves;2;Oui;Non;Non;1;Non;64466;Rivehaute;Commune;216404665;64466;RIVEHAUTE;Dépenses d'investissement;50438.76;0.0;0.0;50438.76;0.05043876;278;181.43438848920863;1;;;;;;;;;;;2024;278
2024;Non;75;Nouvelle-Aquitaine;64;Pyrénées-Atlantiques;200067254;Communauté d'agglomération Pau Béarn Pyrénées;3;Non;Non;Non;2;Non;64467;Rontignon;Commune;216404673;64467;RONTIGNON;Dépenses d'investissement;418670.93;2773.5;2773.5;418670.93;0.41867093;879;476.30367463026164;1;;;;;;;;;;;2024;879
2024;Non;75;Nouvelle-Aquitaine;64;Pyrénées-Atlantiques;200067106;Communauté d'agglomération du Pays Basque;1;Oui;Oui;Non;1;Non;64468;Roquiague;Commune;216404681;64468;ROQUIAGUE;Dépenses d'investissement;148981.93;0.0;0.0;148981.93;0.14898192999999998;124;1201.4671774193548;1;;;;;;;;;;;2024;124
2024;Non;75;Nouvelle-Aquitaine;64;Pyrénées-Atlantiques;246401756;Communauté de communes Pays de Nay;2;Non;Non;Non;2;Non;64469;Saint-Abit;Commune;216404699;64469;SAINT-ABIT;Dépenses d'investissement;269032.47;0.0;0.0;269032.47;0.26903246999999997;312;862.2835576923076;1;;;;;;;;;;;2024;312
2024;Non;75;Nouvelle-Aquitaine;64;Pyrénées-Atlantiques;200067296;Communauté de communes du Nord Est Béarn;3;Oui;Non;Non;2;Non;64470;Saint-Armou;Commune;216404707;64470;SAINT-ARMOU;Dépenses d'investissement;287077.39;0.0;0.0;287077.39;0.28707739;639;449.26039123630676;1;;;;;;;;;;;2024;639
2024;Non;75;Nouvelle-Aquitaine;64;Pyrénées-Atlantiques;200039204;Communauté de communes de Lacq-Orthez;2;Oui;Non;Non;2;Non;64471;Saint-Boès;Commune;216404715;64471;SAINT-BOES;Dépenses d'investissement;30822.69;18114.5;0.0;48937.19;0.048937190000000005;367;133.34384196185286;1;;;;;;;;;;;2024;367
2024;Non;75;Nouvelle-Aquitaine;64;Pyrénées-Atlantiques;200067296;Communauté de communes du Nord Est Béarn;3;Oui;Non;Non;2;Non;64472;Saint-Castin;Commune;216404723;64472;SAINT-CASTIN;Dépenses d'investissement;161033.1;0.0;0.0;161033.1;0.1610331;868;185.52200460829494;1;;;;;;;;;;;2024;868
2024;Non;75;Nouvelle-Aquitaine;64;Pyrénées-Atlantiques;246400337;Communauté de communes de la Vallée d'Ossau;2;Oui;Oui;Non;1;Non;64473;Sainte-Colome;Commune;216404731;64473;SAINTE-COLOME;Dépenses d'investissement;61255.2;0.0;0.0;61255.2;0.061255199999999996;364;168.28351648351648;1;;;;;;;;;;;2024;364
2024;Non;75;Nouvelle-Aquitaine;64;Pyrénées-Atlantiques;200067288;Communauté de communes du Béarn des Gaves;1;Oui;Non;Non;1;Non;64474;Saint-Dos;Commune;216404749;64474;SAINT-DOS;Dépenses d'investissement;10334.95;0.0;0.0;10334.95;0.01033495;162;63.79598765432099;1;;;;;;;;;;;2024;162
2024;Non;75;Nouvelle-Aquitaine;64;Pyrénées-Atlantiques;200067106;Communauté d'agglomération du Pays Basque;1;Oui;Oui;Non;1;Non;64475;Sainte-Engrâce;Commune;216404756;64475;SAINTE-ENGRACE;Dépenses d'investissement;89599.15;0.0;0.0;89599.15;0.08959914999999999;184;486.951902173913;1;;;;;;;;;;;2024;184
2024;Non;75;Nouvelle-Aquitaine;64;Pyrénées-Atlantiques;200067106;Communauté d'agglomération du Pays Basque;2;Oui;Oui;Non;1;Non;64476;Saint-Esteben;Commune;216404764;64476;SAINT-ESTEBEN;Dépenses d'investissement;255036.27;0.0;0.0;255036.27;0.25503627;440;579.6278863636363;1;;;;;;;;;;;2024;440
2024;Non;75;Nouvelle-Aquitaine;64;Pyrénées-Atlantiques;200067106;Communauté d'agglomération du Pays Basque;3;Oui;Oui;Oui;2;Non;64477;Saint-Étienne-de-Baïgorry;Commune;216404772;64477;SAINT-ETIENNE-DE-BAIGORRY;Dépenses d'investissement;811630.87;29693.0;0.0;841323.87;0.84132387;1550;542.7895935483871;1;;;;;;;;;;;2024;1550
2024;Non;75;Nouvelle-Aquitaine;64;Pyrénées-Atlantiques;200067254;Communauté d'agglomération Pau Béarn Pyrénées;3;Non;Oui;Non;2;Non;64478;Saint-Faust;Commune;216404780;64478;SAINT-FAUST;Dépenses d'investissement;159321.33;0.0;0.0;159321.33;0.15932132999999998;759;209.9095256916996;1;;;;;;;;;;;2024;759
2024;Non;75;Nouvelle-Aquitaine;64;Pyrénées-Atlantiques;200039204;Communauté de communes de Lacq-Orthez;1;Oui;Non;Non;2;Non;64479;Saint-Girons-en-Béarn;Commune;216404798;64479;SAINT-GIRONS;Dépenses d'investissement;9125.9;0.0;0.0;9125.9;0.0091259;180;50.699444444444445;1;;;;;;;;;;;2024;180
2024;Non;75;Nouvelle-Aquitaine;64;Pyrénées-Atlantiques;200067288;Communauté de communes du Béarn des Gaves;2;Oui;Non;Non;1;Non;64480;Saint-Gladie-Arrive-Munein;Commune;216404806;64480;SAINT-GLADIE-ARRIVE-MUNEIN;Dépenses d'investissement;15270.04;0.0;0.0;15270.04;0.01527004;204;74.85313725490197;1;;;;;;;;;;;2024;204
2024;Non;75;Nouvelle-Aquitaine;64;Pyrénées-Atlantiques;200067262;Communauté de communes du Haut Béarn;2;Oui;Non;Non;1;Non;64481;Saint-Goin;Commune;216404814;64481;SAINT-GOIN;Dépenses d'investissement;61004.85;0.0;0.0;61004.85;0.06100485;234;260.70448717948716;1;;;;;;;;;;;2024;234
2024;Non;75;Nouvelle-Aquitaine;64;Pyrénées-Atlantiques;200067296;Communauté de communes du Nord Est Béarn;3;Non;Non;Non;2;Non;64482;Saint-Jammes;Commune;216404822;64482;SAINT-JAMMES;Dépenses d'investissement;185407.6;0.0;0.0;185407.6;0.1854076;642;288.7968847352025;1;;;;;;;;;;;2024;642
2024;Non;75;Nouvelle-Aquitaine;64;Pyrénées-Atlantiques;200067106;Communauté d'agglomération du Pays Basque;7;Non;Non;Oui;3;Non;64483;Saint-Jean-de-Luz;Commune;216404830;64483;SAINT-JEAN-DE-LUZ;Dépenses d'investissement;13332999.51;17802.0;0.0;13350801.51;13.35080151;15007;889.6382694742454;1;;;;;;;;;;;2024;15007
2024;Non;75;Nouvelle-Aquitaine;64;Pyrénées-Atlantiques;200067106;Communauté d'agglomération du Pays Basque;3;Non;Oui;Oui;2;Non;64484;Saint-Jean-le-Vieux;Commune;216404848;64484;SAINT-JEAN-LE-VIEUX;Dépenses d'investissement;141294.77;8246.91;0.0;149541.68;0.14954167999999998;871;171.68964408725603;1;;;;;;;;;;;2024;871
2024;Non;75;Nouvelle-Aquitaine;64;Pyrénées-Atlantiques;200067106;Communauté d'agglomération du Pays Basque;3;Non;Oui;Oui;1;Non;64485;Saint-Jean-Pied-de-Port;Commune;216404855;64485;SAINT-JEAN-PIED-DE-PORT;Dépenses d'investissement;1622677.42;28462.06;0.0;1651139.48;1.6511394799999999;1797;918.8310962715638;1;;;;;;;;;;;2024;1797
2024;Non;75;Nouvelle-Aquitaine;64;Pyrénées-Atlantiques;200067239;Communauté de communes des Luys en Béarn;0;Oui;Non;Non;1;Non;64486;Saint-Jean-Poudge;Commune;216404863;64486;SAINT-JEAN-POUDGE;Dépenses d'investissement;1620.58;0.0;0.0;1620.58;0.00162058;73;22.199726027397258;1;;;;;;;;;;;2024;73
2024;Non;75;Nouvelle-Aquitaine;64;Pyrénées-Atlantiques;200067106;Communauté d'agglomération du Pays Basque;2;Oui;Oui;Non;1;Non;64487;Saint-Just-Ibarre;Commune;216404871;64487;SAINT-JUST-IBARRE;Dépenses d'investissement;114916.64;0.0;0.0;114916.64;0.11491664;204;563.3168627450981;1;;;;;;;;;;;2024;204
2024;Non;75;Nouvelle-Aquitaine;64;Pyrénées-Atlantiques;200067296;Communauté de communes du Nord Est Béarn;2;Oui;Non;Non;2;Non;64488;Saint-Laurent-Bretagne;Commune;216404889;64488;SAINT-LAURENT-BRETAGNE;Dépenses d'investissement;267434.85;13143.48;0.0;280578.33;0.28057833000000004;454;618.0139427312776;1;;;;;;;;;;;2024;454
2024;Non;75;Nouvelle-Aquitaine;64;Pyrénées-Atlantiques;200067106;Communauté d'agglomération du Pays Basque;2;Oui;Oui;Non;1;Non;64489;Saint-Martin-d'Arberoue;Commune;216404897;64489;SAINT-MARTIN-D'ARBEROUE;Dépenses d'investissement;973817.63;0.0;0.0;973817.63;0.97381763;354;2750.8972598870055;1;;;;;;;;;;;2024;354
2024;Non;75;Nouvelle-Aquitaine;64;Pyrénées-Atlantiques;200067106;Communauté d'agglomération du Pays Basque;3;Oui;Oui;Non;1;Non;64490;Saint-Martin-d'Arrossa;Commune;216404905;64490;SAINT-MARTIN-D'ARROSSA;Dépenses d'investissement;260147.39;25340.74;0.0;285488.13;0.28548813;560;509.80023214285717;1;;;;;;;;;;;2024;560
2024;Non;75;Nouvelle-Aquitaine;64;Pyrénées-Atlantiques;200039204;Communauté de communes de Lacq-Orthez;2;Oui;Non;Non;1;Non;64491;Saint-Médard;Commune;216404913;64491;SAINT-MEDARD;Dépenses d'investissement;89776.48;1440.0;0.0;91216.48;0.09121648;206;442.79844660194175;1;;;;;;;;;;;2024;206
2024;Non;75;Nouvelle-Aquitaine;64;Pyrénées-Atlantiques;200067106;Communauté d'agglomération du Pays Basque;2;Oui;Oui;Non;1;Non;64492;Saint-Michel;Commune;216404921;64492;SAINT-MICHEL;Dépenses d'investissement;61589.38;12744.21;0.0;74333.59;0.07433358999999999;296;251.12699324324322;1;;;;;;;;;;;2024;296
2024;Non;75;Nouvelle-Aquitaine;64;Pyrénées-Atlantiques;200067106;Communauté d'agglomération du Pays Basque;4;Non;Non;Non;1;Non;64493;Saint-Palais;Commune;216404939;64493;SAINT-PALAIS;Dépenses d'investissement;927108.92;79917.56;0.0;1007026.48;1.00702648;2133;472.11743084857005;1;;;;;;;;;;;2024;2133
2024;Non;75;Nouvelle-Aquitaine;64;Pyrénées-Atlantiques;200067288;Communauté de communes du Béarn des Gaves;2;Oui;Non;Non;1;Non;64494;Saint-Pé-de-Léren;Commune;216404947;64494;SAINT-PE-DE-LEREN;Dépenses d'investissement;83838.72;2000.0;0.0;85838.72;0.08583872000000001;271;316.7480442804428;1;;;;;;;;;;;2024;271
2024;Non;75;Nouvelle-Aquitaine;64;Pyrénées-Atlantiques;200067106;Communauté d'agglomération du Pays Basque;6;Non;Oui;Oui;2;Non;64495;Saint-Pée-sur-Nivelle;Commune;216404954;64495;SAINT-PEE-SUR-NIVELLE;Dépenses d'investissement;2094198.07;33821.4;0.0;2128019.47;2.1280194700000004;7361;289.0938011139791;1;;;;;;;;;;;2024;7361
2024;Non;75;Nouvelle-Aquitaine;64;Pyrénées-Atlantiques;200067106;Communauté d'agglomération du Pays Basque;6;Non;Non;Non;2;Non;64496;Saint-Pierre-d'Irube;Commune;216404962;64496;SAINT-PIERRE-D'IRUBE;Dépenses d'investissement;5724544.07;0.0;0.0;5724544.07;5.72454407;5923;966.4940182340031;1;;;;;;;;;;;2024;5923
2024;Non;75;Nouvelle-Aquitaine;64;Pyrénées-Atlantiques;246401756;Communauté de communes Pays de Nay;2;Oui;Oui;Non;1;Non;64498;Saint-Vincent;Commune;216404988;64498;SAINT-VINCENT;Dépenses d'investissement;309385.98;0.0;0.0;309385.98;0.30938598;400;773.4649499999999;1;;;;;;;;;;;2024;400
2024;Non;75;Nouvelle-Aquitaine;64;Pyrénées-Atlantiques;200067288;Communauté de communes du Béarn des Gaves;5;Non;Non;Oui;2;Non;64499;Salies-de-Béarn;Commune;216404996;64499;SALIES-DE-BEARN;Dépenses d'investissement;1716149.05;178002.06;0.0;1894151.11;1.8941511100000001;4675;405.1660128342246;1;;;;;;;;;;;2024;4675
2024;Non;75;Nouvelle-Aquitaine;64;Pyrénées-Atlantiques;200039204;Communauté de communes de Lacq-Orthez;2;Oui;Non;Non;2;Non;64500;Salles-Mongiscard;Commune;216405001;64500;SALLES-MONGISCARD;Dépenses d'investissement;30931.14;13246.08;0.0;44177.22;0.04417722;314;140.69178343949045;1;;;;;;;;;;;2024;314
2024;Non;75;Nouvelle-Aquitaine;64;Pyrénées-Atlantiques;200039204;Communauté de communes de Lacq-Orthez;3;Oui;Non;Non;2;Non;64501;Sallespisse;Commune;216405019;64501;SALLESPISSE;Dépenses d'investissement;56553.76;0.0;0.0;56553.76;0.05655376;591;95.69164128595601;1;;;;;;;;;;;2024;591
2024;Non;75;Nouvelle-Aquitaine;64;Pyrénées-Atlantiques;200067106;Communauté d'agglomération du Pays Basque;3;Oui;Non;Non;1;Non;64502;Sames;Commune;216405027;64502;SAMES;Dépenses d'investissement;119838.99;0.0;0.0;119838.99;0.11983899;730;164.163;1;;;;;;;;;;;2024;730
2024;Non;75;Nouvelle-Aquitaine;64;Pyrénées-Atlantiques;200067296;Communauté de communes du Nord Est Béarn;0;Oui;Non;Non;1;Non;64503;Samsons-Lion;Commune;216405035;64503;SAMSONS-LION;Dépenses d'investissement;37980.79;0.0;0.0;37980.79;0.03798079;96;395.6332291666667;1;;;;;;;;;;;2024;96
2024;Non;75;Nouvelle-Aquitaine;64;Pyrénées-Atlantiques;200067106;Communauté d'agglomération du Pays Basque;4;Oui;Oui;Oui;2;Non;64504;Sare;Commune;216405043;64504;SARE;Dépenses d'investissement;631357.66;114219.34;0.0;745577.0;0.745577;2758;270.33248730964465;1;;;;;;;;;;;2024;2758
2024;Non;75;Nouvelle-Aquitaine;64;Pyrénées-Atlantiques;200039204;Communauté de communes de Lacq-Orthez;2;Non;Non;Non;1;Non;64505;Sarpourenx;Commune;216405050;64505;SARPOURENX;Dépenses d'investissement;35714.35;0.0;0.0;35714.35;0.03571435;304;117.48141447368421;1;;;;;;;;;;;2024;304
2024;Non;75;Nouvelle-Aquitaine;64;Pyrénées-Atlantiques;200067262;Communauté de communes du Haut Béarn;1;Oui;Oui;Non;1;Non;64506;Sarrance;Commune;216405068;64506;SARRANCE;Dépenses d'investissement;379961.76;109165.71;0.0;489127.47;0.48912746999999995;158;3095.743481012658;1;;;;;;;;;;;2024;158
2024;Non;75;Nouvelle-Aquitaine;64;Pyrénées-Atlantiques;200067296;Communauté de communes du Nord Est Béarn;1;Oui;Non;Non;1;Non;64507;Saubole;Commune;216405076;64507;SAUBOLE;Dépenses d'investissement;51148.8;0.0;0.0;51148.8;0.0511488;146;350.3342465753425;1;;;;;;;;;;;2024;146
2024;Non;75;Nouvelle-Aquitaine;64;Pyrénées-Atlantiques;200067262;Communauté de communes du Haut Béarn;1;Oui;Non;Non;1;Non;64508;Saucède;Commune;216405084;64508;SAUCEDE;Dépenses d'investissement;39113.07;0.0;0.0;39113.07;0.03911307;131;298.5730534351145;1;;;;;;;;;;;2024;131
2024;Non;75;Nouvelle-Aquitaine;64;Pyrénées-Atlantiques;200067106;Communauté d'agglomération du Pays Basque;1;Oui;Oui;Non;2;Non;64509;Sauguis-Saint-Étienne;Commune;216405092;64509;SAUGUIS-SAINT-ETIENNE;Dépenses d'investissement;76199.5;0.0;0.0;76199.5;0.0761995;174;437.92816091954023;1;;;;;;;;;;;2024;174
2024;Non;75;Nouvelle-Aquitaine;64;Pyrénées-Atlantiques;200039204;Communauté de communes de Lacq-Orthez;3;Oui;Non;Non;1;Non;64510;Sault-de-Navailles;Commune;216405100;64510;SAULT-DE-NAVAILLES;Dépenses d'investissement;464165.48;0.0;282565.0;181600.48;0.18160048;960;189.16716666666667;1;;;;;;;;;;;2024;960
2024;Non;75;Nouvelle-Aquitaine;64;Pyrénées-Atlantiques;200067239;Communauté de communes des Luys en Béarn;5;Non;Non;Non;2;Non;64511;Sauvagnon;Commune;216405118;64511;SAUVAGNON;Dépenses d'investissement;2185352.58;0.0;0.0;2185352.58;2.18535258;3570;612.1435798319328;1;;;;;;;;;;;2024;3570
2024;Non;75;Nouvelle-Aquitaine;64;Pyrénées-Atlantiques;200039204;Communauté de communes de Lacq-Orthez;2;Oui;Non;Non;3;Non;64512;Sauvelade;Commune;216405126;64512;SAUVELADE;Dépenses d'investissement;39322.39;0.0;0.0;39322.39;0.03932239;272;144.56761029411766;1;;;;;;;;;;;2024;272
2024;Non;75;Nouvelle-Aquitaine;64;Pyrénées-Atlantiques;200067288;Communauté de communes du Béarn des Gaves;3;Oui;Non;Non;1;Non;64513;Sauveterre-de-Béarn;Commune;216405134;64513;SAUVETERRE-DE-BEARN;Dépenses d'investissement;605547.29;679606.42;33291.43;1251862.28;1.25186228;1464;855.0971857923497;1;;;;;;;;;;;2024;1464
2024;Non;75;Nouvelle-Aquitaine;64;Pyrénées-Atlantiques;200067239;Communauté de communes des Luys en Béarn;2;Oui;Non;Non;1;Non;64514;Séby;Commune;216405142;64514;SEBY;Dépenses d'investissement;25995.5;0.0;0.0;25995.5;0.0259955;205;126.80731707317074;1;;;;;;;;;;;2024;205
2024;Non;75;Nouvelle-Aquitaine;64;Pyrénées-Atlantiques;200072106;Communauté de communes Adour Madiran;2;Oui;Non;Non;1;Non;64515;Sedze-Maubecq;Commune;216405159;64515;SEDZE-MAUBECQ;Dépenses d'investissement;143300.73;0.0;0.0;143300.73;0.14330073000000002;240;597.0863750000001;1;;;;;;;;;;;2024;240
2024;Non;75;Nouvelle-Aquitaine;64;Pyrénées-Atlantiques;200067296;Communauté de communes du Nord Est Béarn;2;Oui;Non;Non;2;Non;64516;Sedzère;Commune;216405167;64516;SEDZERE;Dépenses d'investissement;64238.72;0.0;0.0;64238.72;0.06423872;380;169.04926315789473;1;;;;;;;;;;;2024;380
2024;Non;75;Nouvelle-Aquitaine;64;Pyrénées-Atlantiques;200067296;Communauté de communes du Nord Est Béarn;1;Oui;Non;Non;1;Non;64517;Séméacq-Blachon;Commune;216405175;64517;SEMEACQ-BLACHON;Dépenses d'investissement;28405.01;0.0;0.0;28405.01;0.028405009999999998;167;170.08988023952094;1;;;;;;;;;;;2024;167
2024;Non;75;Nouvelle-Aquitaine;64;Pyrénées-Atlantiques;200067239;Communauté de communes des Luys en Béarn;5;Non;Non;Non;2;Non;64519;Serres-Castet;Commune;216405191;64519;SERRES-CASTET;Dépenses d'investissement;2030132.48;0.0;0.0;2030132.48;2.03013248;4504;450.73989342806397;1;;;;;;;;;;;2024;4504
2024;Non;75;Nouvelle-Aquitaine;64;Pyrénées-Atlantiques;200067296;Communauté de communes du Nord Est Béarn;3;Non;Non;Non;4;Non;64520;Serres-Morlaàs;Commune;216405209;64520;SERRES-MORLAAS;Dépenses d'investissement;225826.59;60033.44;60033.44;225826.59;0.22582659;866;260.76973441108544;1;;;;;;;;;;;2024;866
2024;Non;75;Nouvelle-Aquitaine;64;Pyrénées-Atlantiques;200039204;Communauté de communes de Lacq-Orthez;3;Oui;Non;Non;2;Non;64521;Serres-Sainte-Marie;Commune;216405217;64521;SERRES-SAINTE-MARIE;Dépenses d'investissement;353958.23;0.0;0.0;353958.23;0.35395823;617;573.6762236628849;1;;;;;;;;;;;2024;617
2024;Non;75;Nouvelle-Aquitaine;64;Pyrénées-Atlantiques;246400337;Communauté de communes de la Vallée d'Ossau;3;Non;Oui;Non;1;Non;64522;Sévignacq-Meyracq;Commune;216405225;64522;SEVIGNACQ-MEYRACQ;Dépenses d'investissement;302801.46;0.0;0.0;302801.46;0.30280146;568;533.1011619718311;1;;;;;;;;;;;2024;568
2024;Non;75;Nouvelle-Aquitaine;64;Pyrénées-Atlantiques;200067239;Communauté de communes des Luys en Béarn;3;Oui;Non;Non;1;Non;64523;Sévignacq;Commune;216405233;64523;SEVIGNACQ;Dépenses d'investissement;286865.84;0.0;0.0;286865.84;0.28686584000000004;800;358.58230000000003;1;;;;;;;;;;;2024;800
2024;Non;75;Nouvelle-Aquitaine;64;Pyrénées-Atlantiques;200067296;Communauté de communes du Nord Est Béarn;2;Oui;Non;Non;1;Non;64524;Simacourbe;Commune;216405241;64524;SIMACOURBE;Dépenses d'investissement;145327.88;13488.34;0.0;158816.22;0.15881622;422;376.34175355450236;1;;;;;;;;;;;2024;422
2024;Non;75;Nouvelle-Aquitaine;64;Pyrénées-Atlantiques;200067254;Communauté d'agglomération Pau Béarn Pyrénées;3;Non;Non;Non;2;Non;64525;Siros;Commune;216405258;64525;SIROS;Dépenses d'investissement;133916.18;0.0;0.0;133916.18;0.13391618;833;160.76372148859542;1;;;;;;;;;;;2024;833
2024;Non;75;Nouvelle-Aquitaine;64;Pyrénées-Atlantiques;200067296;Communauté de communes du Nord Est Béarn;3;Non;Non;Non;2;Non;64526;Soumoulou;Commune;216405266;64526;SOUMOULOU;Dépenses d'investissement;1279296.17;0.0;0.0;1279296.17;1.2792961699999998;1603;798.0637367436057;1;;;;;;;;;;;2024;1603
2024;Non;75;Nouvelle-Aquitaine;64;Pyrénées-Atlantiques;200067106;Communauté d'agglomération du Pays Basque;3;Oui;Oui;Non;2;Non;64527;Souraïde;Commune;216405274;64527;SOURAIDE;Dépenses d'investissement;532822.14;7930.0;0.0;540752.14;0.54075214;1537;351.82312296681846;1;;;;;;;;;;;2024;1537
2024;Non;75;Nouvelle-Aquitaine;64;Pyrénées-Atlantiques;200067106;Communauté d'agglomération du Pays Basque;1;Oui;Oui;Non;1;Non;64528;Suhescun;Commune;216405282;64528;SUHESCUN;Dépenses d'investissement;201385.23;9157.85;0.0;210543.08;0.21054308;172;1224.0876744186046;1;;;;;;;;;;;2024;172
2024;Non;75;Nouvelle-Aquitaine;64;Pyrénées-Atlantiques;200067288;Communauté de communes du Béarn des Gaves;2;Non;Non;Non;1;Non;64529;Sus;Commune;216405290;64529;SUS;Dépenses d'investissement;26982.87;0.0;0.0;26982.87;0.02698287;389;69.36470437017995;1;;;;;;;;;;;2024;389
2024;Non;75;Nouvelle-Aquitaine;64;Pyrénées-Atlantiques;200067288;Communauté de communes du Béarn des Gaves;2;Non;Non;Non;2;Non;64530;Susmiou;Commune;216405308;64530;SUSMIOU;Dépenses d'investissement;115870.12;0.0;0.0;115870.12;0.11587012;362;320.0832044198895;1;;;;;;;;;;;2024;362
2024;Non;75;Nouvelle-Aquitaine;64;Pyrénées-Atlantiques;200067288;Communauté de communes du Béarn des Gaves;0;Oui;Non;Non;1;Non;64531;Tabaille-Usquain;Commune;216405316;64531;TABAILLE-USQUAIN;Dépenses d'investissement;37319.28;0.0;0.0;37319.28;0.037319279999999996;47;794.0272340425531;1;;;;;;;;;;;2024;47
2024;Non;75;Nouvelle-Aquitaine;64;Pyrénées-Atlantiques;200067239;Communauté de communes des Luys en Béarn;0;Oui;Non;Non;0;Non;64532;Tadousse-Ussau;Commune;216405324;64532;TADOUSSE-USSAU;Dépenses d'investissement;0.0;0.0;0.0;0.0;0.0;73;0.0;1;;;;;;;;;;;2024;73
2024;Non;75;Nouvelle-Aquitaine;64;Pyrénées-Atlantiques;200067106;Communauté d'agglomération du Pays Basque;3;Oui;Oui;Non;1;Non;64533;Tardets-Sorholus;Commune;216405332;64533;TARDETS-SORHOLUS;Dépenses d'investissement;351301.21;14956.98;0.0;366258.19;0.36625819;582;629.3096048109966;1;;;;;;;;;;;2024;582
2024;Non;75;Nouvelle-Aquitaine;64;Pyrénées-Atlantiques;200067239;Communauté de communes des Luys en Béarn;1;Oui;Non;Non;1;Non;64534;Taron-Sadirac-Viellenave;Commune;216405340;64534;TARON-SADIRAC-VIELLENAVE;Dépenses d'investissement;219041.8;0.0;0.0;219041.8;0.21904179999999998;180;1216.898888888889;1;;;;;;;;;;;2024;180
2024;Non;75;Nouvelle-Aquitaine;64;Pyrénées-Atlantiques;200039204;Communauté de communes de Lacq-Orthez;3;Oui;Non;Non;2;Non;64535;Tarsacq;Commune;216405357;64535;TARSACQ;Dépenses d'investissement;292652.14;0.0;0.0;292652.14;0.29265214;542;539.9485977859779;1;;;;;;;;;;;2024;542
2024;Non;75;Nouvelle-Aquitaine;64;Pyrénées-Atlantiques;200067239;Communauté de communes des Luys en Béarn;3;Oui;Non;Non;2;Non;64536;Thèze;Commune;216405365;64536;THEZE;Dépenses d'investissement;731505.49;27591.54;0.0;759097.03;0.7590970300000001;897;846.2620178372352;1;;;;;;;;;;;2024;897
2024;Non;75;Nouvelle-Aquitaine;64;Pyrénées-Atlantiques;200067106;Communauté d'agglomération du Pays Basque;1;Oui;Oui;Non;2;Non;64537;Trois-Villes;Commune;216405373;64537;TROIS-VILLES;Dépenses d'investissement;26177.37;0.0;0.0;26177.37;0.02617737;136;192.48066176470587;1;;;;;;;;;;;2024;136
2024;Non;75;Nouvelle-Aquitaine;64;Pyrénées-Atlantiques;200067106;Communauté d'agglomération du Pays Basque;3;Non;Oui;Non;2;Non;64538;Uhart-Cize;Commune;216405381;64538;UHART-CIZE;Dépenses d'investissement;138572.35;0.0;0.0;138572.35;0.13857235;820;168.99067073170733;1;;;;;;;;;;;2024;820
2024;Non;75;Nouvelle-Aquitaine;64;Pyrénées-Atlantiques;200067106;Communauté d'agglomération du Pays Basque;2;Oui;Oui;Non;1;Non;64539;Uhart-Mixe;Commune;216405399;64539;UHART-MIXE;Dépenses d'investissement;109760.21;0.0;0.0;109760.21;0.10976021000000001;220;498.91004545454547;1;;;;;;;;;;;2024;220
2024;Non;75;Nouvelle-Aquitaine;64;Pyrénées-Atlantiques;200067106;Communauté d'agglomération du Pays Basque;4;Non;Non;Non;2;Non;64540;Urcuit;Commune;216405407;64540;URCUIT;Dépenses d'investissement;2452978.01;0.0;0.0;2452978.01;2.45297801;2992;819.8455915775401;1;;;;;;;;;;;2024;2992
2024;Non;75;Nouvelle-Aquitaine;64;Pyrénées-Atlantiques;200067262;Communauté de communes du Haut Béarn;0;Oui;Oui;Non;2;Non;64542;Urdos;Commune;216405423;64542;URDOS;Dépenses d'investissement;89923.47;607.5;0.0;90530.97;0.09053097;69;1312.0430434782609;1;;;;;;;;;;;2024;69
2024;Non;75;Nouvelle-Aquitaine;64;Pyrénées-Atlantiques;200067106;Communauté d'agglomération du Pays Basque;2;Oui;Oui;Non;0;Non;64543;Urepel;Commune;216405431;64543;UREPEL;Dépenses d'investissement;189087.87;0.0;0.0;189087.87;0.18908787;281;672.9105693950178;1;;;;;;;;;;;2024;281
2024;Non;75;Nouvelle-Aquitaine;64;Pyrénées-Atlantiques;200067296;Communauté de communes du Nord Est Béarn;0;Oui;Non;Non;2;Non;64544;Urost;Commune;216405449;64544;UROST;Dépenses d'investissement;661.76;0.0;0.0;661.76;0.00066176;78;8.484102564102564;1;;;;;;;;;;;2024;78
2024;Non;75;Nouvelle-Aquitaine;64;Pyrénées-Atlantiques;200067106;Communauté d'agglomération du Pays Basque;7;Non;Non;Oui;2;Non;64545;Urrugne;Commune;216405456;64545;URRUGNE;Dépenses d'investissement;4360088.41;0.0;0.0;4360088.41;4.36008841;10704;407.33262425261586;1;;;;;;;;;;;2024;10704
2024;Non;75;Nouvelle-Aquitaine;64;Pyrénées-Atlantiques;200067106;Communauté d'agglomération du Pays Basque;4;Oui;Non;Non;2;Non;64546;Urt;Commune;216405464;64546;URT;Dépenses d'investissement;537746.44;0.0;0.0;537746.44;0.5377464399999999;2390;224.99851046025103;1;;;;;;;;;;;2024;2390
2024;Non;75;Nouvelle-Aquitaine;64;Pyrénées-Atlantiques;200067106;Communauté d'agglomération du Pays Basque;6;Non;Non;Non;2;Non;64547;Ustaritz;Commune;216405472;64547;USTARITZ;Dépenses d'investissement;2564193.84;0.0;0.0;2564193.84;2.5641938399999997;7755;330.6503984526112;1;;;;;;;;;;;2024;7755
2024;Non;75;Nouvelle-Aquitaine;64;Pyrénées-Atlantiques;200067239;Communauté de communes des Luys en Béarn;1;Oui;Non;Non;2;Non;64548;Uzan;Commune;216405480;64548;UZAN;Dépenses d'investissement;35564.65;0.0;0.0;35564.65;0.03556465;168;211.69434523809525;1;;;;;;;;;;;2024;168
2024;Non;75;Nouvelle-Aquitaine;64;Pyrénées-Atlantiques;200067254;Communauté d'agglomération Pau Béarn Pyrénées;3;Oui;Non;Non;2;Non;64549;Uzein;Commune;216405498;64549;UZEIN;Dépenses d'investissement;1441112.57;0.0;0.0;1441112.57;1.44111257;1310;1100.08593129771;1;;;;;;;;;;;2024;1310
2024;Non;75;Nouvelle-Aquitaine;64;Pyrénées-Atlantiques;200067254;Communauté d'agglomération Pau Béarn Pyrénées;3;Non;Non;Non;3;Non;64550;Uzos;Commune;216405506;64550;UZOS;Dépenses d'investissement;144107.77;35000.0;0.0;179107.77;0.17910777;860;208.26484883720929;1;;;;;;;;;;;2024;860
2024;Non;75;Nouvelle-Aquitaine;64;Pyrénées-Atlantiques;200067262;Communauté de communes du Haut Béarn;2;Oui;Non;Non;1;Non;64551;Verdets;Commune;216405514;64551;VERDETS;Dépenses d'investissement;238206.99;22236.76;0.0;260443.75;0.26044375;302;862.3965231788079;1;;;;;;;;;;;2024;302
2024;Non;75;Nouvelle-Aquitaine;64;Pyrénées-Atlantiques;200067239;Communauté de communes des Luys en Béarn;1;Oui;Non;Non;1;Non;64552;Vialer;Commune;216405522;64552;VIALER;Dépenses d'investissement;20977.85;0.0;0.0;20977.85;0.02097785;168;124.86815476190475;1;;;;;;;;;;;2024;168
2024;Non;75;Nouvelle-Aquitaine;64;Pyrénées-Atlantiques;200039204;Communauté de communes de Lacq-Orthez;2;Oui;Non;Non;1;Non;64554;Viellenave-d'Arthez;Commune;216405548;64554;VIELLENAVE-D'ARTHEZ;Dépenses d'investissement;37682.38;0.0;0.0;37682.38;0.037682379999999994;222;169.74045045045042;1;;;;;;;;;;;2024;222
2024;Non;75;Nouvelle-Aquitaine;64;Pyrénées-Atlantiques;200067288;Communauté de communes du Béarn des Gaves;1;Oui;Non;Non;1;Non;64555;Viellenave-de-Navarrenx;Commune;216405555;64555;VIELLENAVE-DE-NAVARRENX;Dépenses d'investissement;38618.92;0.0;0.0;38618.92;0.03861892;167;231.25101796407185;1;;;;;;;;;;;2024;167
2024;Non;75;Nouvelle-Aquitaine;64;Pyrénées-Atlantiques;200039204;Communauté de communes de Lacq-Orthez;2;Oui;Non;Non;2;Non;64556;Vielleségure;Commune;216405563;64556;VIELLESEGURE;Dépenses d'investissement;40692.47;0.0;0.0;40692.47;0.04069247;390;104.33966666666667;1;;;;;;;;;;;2024;390
2024;Non;75;Nouvelle-Aquitaine;64;Pyrénées-Atlantiques;200067239;Communauté de communes des Luys en Béarn;2;Oui;Non;Non;2;Non;64557;Vignes;Commune;216405571;64557;VIGNES;Dépenses d'investissement;52763.97;0.0;0.0;52763.97;0.05276397;470;112.26376595744681;1;;;;;;;;;;;2024;470
2024;Non;75;Nouvelle-Aquitaine;64;Pyrénées-Atlantiques;200067106;Communauté d'agglomération du Pays Basque;4;Non;Non;Non;2;Non;64558;Villefranque;Commune;216405589;64558;VILLEFRANQUE;Dépenses d'investissement;1153114.94;15315.46;0.0;1168430.4;1.1684303999999999;2973;393.01392532795154;1;;;;;;;;;;;2024;2973
2024;Non;75;Nouvelle-Aquitaine;64;Pyrénées-Atlantiques;200067106;Communauté d'agglomération du Pays Basque;3;Non;Oui;Non;2;Non;64559;Viodos-Abense-de-Bas;Commune;216405597;64559;VIODOS-ABENSE-DE-BAS;Dépenses d'investissement;135888.59;2410.68;0.0;138299.27;0.13829927;764;181.01998691099476;1;;;;;;;;;;;2024;764
2024;Non;75;Nouvelle-Aquitaine;64;Pyrénées-Atlantiques;200067239;Communauté de communes des Luys en Béarn;1;Oui;Non;Non;2;Non;64560;Viven;Commune;216405605;64560;VIVEN;Dépenses d'investissement;33109.29;0.0;0.0;33109.29;0.03310929;176;188.12096590909093;1;;;;;;;;;;;2024;176
2024;Non;75;Nouvelle-Aquitaine;64;Pyrénées-Atlantiques;200067254;Communauté d'agglomération Pau Béarn Pyrénées;3;Non;Non;Non;4;Non;64329;Lée;Commune;216405712;64329;LEE;Dépenses d'investissement;517738.08;0.0;0.0;517738.08;0.51773808;1307;396.12706962509566;1;;;;;;;;;;;2024;1307
2024;Non;75;Nouvelle-Aquitaine;64;Pyrénées-Atlantiques;200067262;Communauté de communes du Haut Béarn;3;Non;Non;Non;2;Non;64007;Agnos;Commune;216405803;64007;AGNOS;Dépenses d'investissement;132205.18;0.0;0.0;132205.18;0.13220518;1064;124.2529887218045;1;;;;;;;;;;;2024;1064
2024;Non;75;Nouvelle-Aquitaine;64;Pyrénées-Atlantiques;200039204;Communauté de communes de Lacq-Orthez;3;Oui;Non;Non;1;Non;64349;Loubieng;Commune;216405811;64349;LOUBIENG;Dépenses d'investissement;131178.62;0.0;0.0;131178.62;0.13117862;515;254.71576699029126;1;;;;;;;;;;;2024;515
2024;Non;75;Nouvelle-Aquitaine;64;Pyrénées-Atlantiques;200067296;Communauté de communes du Nord Est Béarn;1;Oui;Non;Non;1;Non;64311;Lannecaube;Commune;216405829;64311;LANNECAUBE;Dépenses d'investissement;13520.19;0.0;0.0;13520.19;0.013520190000000001;151;89.5376821192053;1;;;;;;;;;;;2024;151
2024;Non;75;Nouvelle-Aquitaine;64;Pyrénées-Atlantiques;200039204;Communauté de communes de Lacq-Orthez;1;Oui;Non;Non;2;Non;64179;Castetner;Commune;216405845;64179;CASTETNER;Dépenses d'investissement;30546.8;0.0;0.0;30546.8;0.0305468;141;216.64397163120566;1;;;;;;;;;;;2024;141
2024;Non;75;Nouvelle-Aquitaine;64;Pyrénées-Atlantiques;200039204;Communauté de communes de Lacq-Orthez;2;Non;Non;Non;2;Non;64462;Ramous;Commune;216405852;64462;RAMOUS;Dépenses d'investissement;20700.19;0.0;0.0;20700.19;0.02070019;493;41.988215010141985;1;;;;;;;;;;;2024;493
2024;Non;75;Nouvelle-Aquitaine;64;Pyrénées-Atlantiques;200067262;Communauté de communes du Haut Béarn;3;Non;Non;Non;1;Non;64252;Gurmençon;Commune;216405860;64252;GURMENCON;Dépenses d'investissement;84395.14;0.0;0.0;84395.14;0.08439514;914;92.33603938730853;1;;;;;;;;;;;2024;914
2024;Non;75;Nouvelle-Aquitaine;64;Pyrénées-Atlantiques;200067106;Communauté d'agglomération du Pays Basque;1;Oui;Non;Non;1;Non;64031;Arancou;Commune;216405878;64031;ARANCOU;Dépenses d'investissement;378967.66;0.0;0.0;378967.66;0.37896766;181;2093.743977900552;1;;;;;;;;;;;2024;181
2024;Non;75;Nouvelle-Aquitaine;64;Pyrénées-Atlantiques;200039204;Communauté de communes de Lacq-Orthez;3;Non;Non;Non;1;Non;64108;Bellocq;Commune;216405886;64108;BELLOCQ;Dépenses d'investissement;191334.24;0.0;0.0;191334.24;0.19133424;923;207.29603466955578;1;;;;;;;;;;;2024;923
2024;Non;75;Nouvelle-Aquitaine;64;Pyrénées-Atlantiques;200039204;Communauté de communes de Lacq-Orthez;3;Non;Non;Non;1;Non;64461;Puyoô;Commune;216405894;64461;PUYOO;Dépenses d'investissement;350852.91;0.0;0.0;350852.91;0.35085290999999996;1118;313.82192307692304;1;;;;;;;;;;;2024;1118
2024;Non;75;Nouvelle-Aquitaine;64;Pyrénées-Atlantiques;200067254;Communauté d'agglomération Pau Béarn Pyrénées;3;Non;Non;Non;3;Non;64439;Ousse;Commune;216414052;64439;OUSSE;Dépenses d'investissement;834307.76;0.0;0.0;834307.76;0.83430776;1716;486.1933333333333;1;;;;;;;;;;;2024;1716
2024;Non;75;Nouvelle-Aquitaine;64;Pyrénées-Atlantiques;200067254;Communauté d'agglomération Pau Béarn Pyrénées;3;Non;Non;Non;3;Non;64518;Sendets;Commune;216414060;64518;SENDETS;Dépenses d'investissement;294458.58;0.0;0.0;294458.58;0.29445858;1171;251.45907771135782;1;;;;;;;;;;;2024;1171
2024;Non;75;Nouvelle-Aquitaine;64;Pyrénées-Atlantiques;200067262;Communauté de communes du Haut Béarn;3;Oui;Oui;Non;2;Non;64225;Ance Féas;Commune;200064350;64225;ANCE FEAS;Dépenses d'investissement;1602546.67;311957.91;0.0;1914504.58;1.91450458;628;3048.5741719745224;1;;;;;;;;;;;2024;628
2024;Non;75;Nouvelle-Aquitaine;64;Pyrénées-Atlantiques;200039204;Communauté de communes de Lacq-Orthez;3;Oui;Non;Non;2;Non;64300;Lacq;Commune;200102531;64300;LACQ;Dépenses d'investissement;519043.81;0.0;0.0;519043.81;0.51904381;1055;491.984654028436;1;;;;;;;;;;;2024;1055
2024;Non;75;Nouvelle-Aquitaine;64;Pyrénées-Atlantiques;200067296;Communauté de communes du Nord Est Béarn;1;Oui;Non;Non;2;Non;64001;Aast;Commune;216400010;64001;AAST;Dépenses d'investissement;97009.89;0.0;0.0;97009.89;0.09700989;196;494.94841836734696;1;;;;;;;;;;;2024;196
2024;Non;75;Nouvelle-Aquitaine;64;Pyrénées-Atlantiques;200067296;Communauté de communes du Nord Est Béarn;1;Oui;Non;Non;1;Non;64002;Abère;Commune;216400028;64002;ABERE;Dépenses d'investissement;36694.06;0.0;0.0;36694.06;0.03669406;163;225.1169325153374;1;;;;;;;;;;;2024;163
2024;Non;75;Nouvelle-Aquitaine;64;Pyrénées-Atlantiques;200039204;Communauté de communes de Lacq-Orthez;2;Oui;Non;Non;2;Non;64003;Abidos;Commune;216400036;64003;ABIDOS;Dépenses d'investissement;362192.22;0.0;0.0;362192.22;0.36219221999999995;217;1669.0885714285714;1;;;;;;;;;;;2024;217
2024;Non;75;Nouvelle-Aquitaine;64;Pyrénées-Atlantiques;200067288;Communauté de communes du Béarn des Gaves;1;Oui;Non;Non;2;Non;64004;Abitain;Commune;216400044;64004;ABITAIN;Dépenses d'investissement;86510.95;0.0;0.0;86510.95;0.08651095;110;786.4631818181817;1;;;;;;;;;;;2024;110
2024;Non;75;Nouvelle-Aquitaine;64;Pyrénées-Atlantiques;200039204;Communauté de communes de Lacq-Orthez;3;Oui;Non;Non;2;Non;64005;Abos;Commune;216400051;64005;ABOS;Dépenses d'investissement;41151.09;0.0;0.0;41151.09;0.041151089999999994;536;76.77442164179104;1;;;;;;;;;;;2024;536
2024;Non;75;Nouvelle-Aquitaine;64;Pyrénées-Atlantiques;200067262;Communauté de communes du Haut Béarn;2;Oui;Oui;Non;1;Non;64006;Accous;Commune;216400069;64006;ACCOUS;Dépenses d'investissement;467282.12;140415.7;0.0;607697.82;0.6076978199999999;469;1295.730959488273;1;;;;;;;;;;;2024;469
2024;Non;75;Nouvelle-Aquitaine;64;Pyrénées-Atlantiques;200067106;Communauté d'agglomération du Pays Basque;2;Oui;Oui;Non;1;Non;64008;Ahaxe-Alciette-Bascassan;Commune;216400085;64008;AHAXE-ALCIETTE-BASCASSAN;Dépenses d'investissement;347966.14;0.0;0.0;347966.14;0.34796614000000003;272;1279.2872794117648;1;;;;;;;;;;;2024;272
2024;Non;75;Nouvelle-Aquitaine;64;Pyrénées-Atlantiques;200067106;Communauté d'agglomération du Pays Basque;4;Non;Non;Non;3;Non;64009;Ahetze;Commune;216400093;64009;AHETZE;Dépenses d'investissement;652250.31;0.0;0.0;652250.31;0.6522503100000001;2081;313.4311917347429;1;;;;;;;;;;;2024;2081
2024;Non;75;Nouvelle-Aquitaine;64;Pyrénées-Atlantiques;200067106;Communauté d'agglomération du Pays Basque;3;Non;Non;Non;1;Non;64010;Aïcirits-Camou-Suhast;Commune;216400101;64010;AICIRITS-CAMOU-SUHAST;Dépenses d'investissement;1559589.56;14788.39;213500.0;1360877.95;1.36087795;710;1916.7295070422535;1;;;;;;;;;;;2024;710
2024;Non;75;Nouvelle-Aquitaine;64;Pyrénées-Atlantiques;200067106;Communauté d'agglomération du Pays Basque;1;Oui;Oui;Non;1;Non;64011;Aincille;Commune;216400119;64011;AINCILLE;Dépenses d'investissement;213134.28;36615.82;0.0;249750.1;0.2497501;120;2081.2508333333335;1;;;;;;;;;;;2024;120
2024;Non;75;Nouvelle-Aquitaine;64;Pyrénées-Atlantiques;200067106;Communauté d'agglomération du Pays Basque;1;Oui;Oui;Non;1;Non;64012;Ainharp;Commune;216400127;64012;AINHARP;Dépenses d'investissement;6514.83;0.0;0.0;6514.83;0.00651483;135;48.258;1;;;;;;;;;;;2024;135
2024;Non;75;Nouvelle-Aquitaine;64;Pyrénées-Atlantiques;200067106;Communauté d'agglomération du Pays Basque;1;Oui;Oui;Non;1;Non;64013;Ainhice-Mongelos;Commune;216400135;64013;AINHICE-MONGELOS;Dépenses d'investissement;44169.0;0.0;0.0;44169.0;0.044169;174;253.8448275862069;1;;;;;;;;;;;2024;174
2024;Non;75;Nouvelle-Aquitaine;64;Pyrénées-Atlantiques;200067106;Communauté d'agglomération du Pays Basque;3;Oui;Oui;Oui;1;Non;64014;Ainhoa;Commune;216400143;64014;AINHOA;Dépenses d'investissement;318935.88;0.0;0.0;318935.88;0.31893588;675;472.49760000000003;1;;;;;;;;;;;2024;675
2024;Non;75;Nouvelle-Aquitaine;64;Pyrénées-Atlantiques;200067106;Communauté d'agglomération du Pays Basque;2;Oui;Oui;Non;1;Non;64015;Alçay-Alçabéhéty-Sunharette;Commune;216400150;64015;ALCAY-ALCABEHETY-SUNHARETTE;Dépenses d'investissement;299174.85;0.0;0.0;299174.85;0.29917485;210;1424.6421428571427;1;;;;;;;;;;;2024;210
2024;Non;75;Nouvelle-Aquitaine;64;Pyrénées-Atlantiques;200067106;Communauté d'agglomération du Pays Basque;2;Oui;Oui;Non;1;Non;64016;Aldudes;Commune;216400168;64016;ALDUDES LES;Dépenses d'investissement;759030.85;0.0;0.0;759030.85;0.7590308499999999;328;2314.118445121951;1;;;;;;;;;;;2024;328
2024;Non;75;Nouvelle-Aquitaine;64;Pyrénées-Atlantiques;200067106;Communauté d'agglomération du Pays Basque;2;Oui;Oui;Non;1;Non;64017;Alos-Sibas-Abense;Commune;216400176;64017;ALOS-SIBAS-ABENSE-DE-HAUT;Dépenses d'investissement;107338.94;0.0;0.0;107338.94;0.10733894000000001;327;328.2536391437309;1;;;;;;;;;;;2024;327
2024;Non;75;Nouvelle-Aquitaine;64;Pyrénées-Atlantiques;200067106;Communauté d'agglomération du Pays Basque;2;Non;Non;Non;3;Non;64018;Amendeuix-Oneix;Commune;216400184;64018;AMENDEUIX-ONEIX;Dépenses d'investissement;494458.82;0.0;0.0;494458.82;0.49445882;468;1056.5359401709402;1;;;;;;;;;;;2024;468
2024;Non;75;Nouvelle-Aquitaine;64;Pyrénées-Atlantiques;200067106;Communauté d'agglomération du Pays Basque;2;Oui;Oui;Non;1;Non;64019;Amorots-Succos;Commune;216400192;64019;AMOROTS-SUCCOS;Dépenses d'investissement;193495.89;0.0;0.0;193495.89;0.19349589;231;837.6445454545456;1;;;;;;;;;;;2024;231
2024;Non;75;Nouvelle-Aquitaine;64;Pyrénées-Atlantiques;200067296;Communauté de communes du Nord Est Béarn;3;Non;Non;Non;2;Non;64021;Andoins;Commune;216400218;64021;ANDOINS;Dépenses d'investissement;471103.58;0.0;0.0;471103.58;0.47110358;728;647.1203021978022;1;;;;;;;;;;;2024;728
2024;Non;75;Nouvelle-Aquitaine;64;Pyrénées-Atlantiques;200067288;Communauté de communes du Béarn des Gaves;1;Oui;Non;Non;1;Non;64022;Andrein;Commune;216400226;64022;ANDREIN;Dépenses d'investissement;44853.83;0.0;0.0;44853.83;0.044853830000000004;143;313.6631468531469;1;;;;;;;;;;;2024;143
2024;Non;75;Nouvelle-Aquitaine;64;Pyrénées-Atlantiques;246401756;Communauté de communes Pays de Nay;3;Non;Non;Non;2;Non;64023;Angaïs;Commune;216400234;64023;ANGAIS;Dépenses d'investissement;231696.95;0.0;0.0;231696.95;0.23169695;929;249.40468245425188;1;;;;;;;;;;;2024;929
2024;Non;75;Nouvelle-Aquitaine;64;Pyrénées-Atlantiques;200067106;Communauté d'agglomération du Pays Basque;8;Non;Non;Oui;3;Non;64024;Anglet;Commune;216400242;64024;ANGLET;Dépenses d'investissement;35333274.57;0.0;0.0;35333274.57;35.33327457;42228;836.7262141233305;1;;;;;;;;;;;2024;42228
2024;Non;75;Nouvelle-Aquitaine;64;Pyrénées-Atlantiques;200067288;Communauté de communes du Béarn des Gaves;1;Oui;Non;Non;1;Non;64025;Angous;Commune;216400259;64025;ANGOUS;Dépenses d'investissement;7577.62;0.0;0.0;7577.62;0.00757762;100;75.7762;1;;;;;;;;;;;2024;100
2024;Non;75;Nouvelle-Aquitaine;64;Pyrénées-Atlantiques;200067106;Communauté d'agglomération du Pays Basque;2;Oui;Oui;Non;2;Non;64026;Anhaux;Commune;216400267;64026;ANHAUX;Dépenses d'investissement;139550.42;0.0;0.0;139550.42;0.13955042;389;358.741439588689;1;;;;;;;;;;;2024;389
2024;Non;75;Nouvelle-Aquitaine;64;Pyrénées-Atlantiques;200067296;Communauté de communes du Nord Est Béarn;1;Oui;Non;Non;2;Non;64027;Anos;Commune;216400275;64027;ANOS;Dépenses d'investissement;8073.0;0.0;0.0;8073.0;0.008073;190;42.48947368421052;1;;;;;;;;;;;2024;190
2024;Non;75;Nouvelle-Aquitaine;64;Pyrénées-Atlantiques;200067296;Communauté de communes du Nord Est Béarn;1;Oui;Non;Non;2;Non;64028;Anoye;Commune;216400283;64028;ANOYE;Dépenses d'investissement;27072.07;0.0;0.0;27072.07;0.02707207;130;208.2466923076923;1;;;;;;;;;;;2024;130
2024;Non;75;Nouvelle-Aquitaine;64;Pyrénées-Atlantiques;200067262;Communauté de communes du Haut Béarn;3;Oui;Oui;Non;1;Non;64029;Aramits;Commune;216400291;64029;ARAMITS;Dépenses d'investissement;518644.51;115606.17;0.0;634250.68;0.6342506800000001;674;941.0247477744808;1;;;;;;;;;;;2024;674
2024;Non;75;Nouvelle-Aquitaine;64;Pyrénées-Atlantiques;200067288;Communauté de communes du Béarn des Gaves;1;Oui;Non;Non;2;Non;64032;Araujuzon;Commune;216400325;64032;ARAUJUZON;Dépenses d'investissement;15438.57;0.0;0.0;15438.57;0.01543857;186;83.00306451612903;1;;;;;;;;;;;2024;186
2024;Non;75;Nouvelle-Aquitaine;64;Pyrénées-Atlantiques;200067288;Communauté de communes du Béarn des Gaves;1;Oui;Non;Non;1;Non;64033;Araux;Commune;216400333;64033;ARAUX;Dépenses d'investissement;112478.17;0.0;0.0;112478.17;0.11247817;132;852.1073484848484;1;;;;;;;;;;;2024;132
2024;Non;75;Nouvelle-Aquitaine;64;Pyrénées-Atlantiques;200067106;Communauté d'agglomération du Pays Basque;2;Oui;Non;Non;2;Non;64034;Arbérats-Sillègue;Commune;216400341;64034;ARBERATS-SILLEGUE;Dépenses d'investissement;92001.5;0.0;0.0;92001.5;0.0920015;327;281.3501529051988;1;;;;;;;;;;;2024;327
2024;Non;75;Nouvelle-Aquitaine;64;Pyrénées-Atlantiques;200067106;Communauté d'agglomération du Pays Basque;4;Non;Non;Non;3;Non;64035;Arbonne;Commune;216400358;64035;ARBONNE;Dépenses d'investissement;3933424.65;2400.0;0.0;3935824.65;3.93582465;2410;1633.1222614107883;1;;;;;;;;;;;2024;2410
2024;Non;75;Nouvelle-Aquitaine;64;Pyrénées-Atlantiques;200067106;Communauté d'agglomération du Pays Basque;2;Oui;Non;Non;2;Non;64036;Arbouet-Sussaute;Commune;216400366;64036;ARBOUET-SUSSAUTE;Dépenses d'investissement;133914.33;0.0;0.0;133914.33;0.13391433;318;421.1142452830188;1;;;;;;;;;;;2024;318
2024;Non;75;Nouvelle-Aquitaine;64;Pyrénées-Atlantiques;200067254;Communauté d'agglomération Pau Béarn Pyrénées;3;Non;Non;Non;2;Non;64037;Arbus;Commune;216400374;64037;ARBUS;Dépenses d'investissement;89173.55;0.0;0.0;89173.55;0.08917355;1275;69.94003921568628;1;;;;;;;;;;;2024;1275
2024;Non;75;Nouvelle-Aquitaine;64;Pyrénées-Atlantiques;200067106;Communauté d'agglomération du Pays Basque;5;Non;Non;Non;4;Non;64038;Arcangues;Commune;216400382;64038;ARCANGUES;Dépenses d'investissement;1564375.09;108736.57;0.0;1673111.66;1.67311166;3526;474.5069937606353;1;;;;;;;;;;;2024;3526
2024;Non;75;Nouvelle-Aquitaine;64;Pyrénées-Atlantiques;200067262;Communauté de communes du Haut Béarn;2;Oui;Non;Non;1;Non;64039;Aren;Commune;216400390;64039;AREN;Dépenses d'investissement;29511.17;62034.56;0.0;91545.73;0.09154572999999999;255;359.002862745098;1;;;;;;;;;;;2024;255
2024;Non;75;Nouvelle-Aquitaine;64;Pyrénées-Atlantiques;200067262;Communauté de communes du Haut Béarn;3;Oui;Oui;Oui;1;Non;64040;Arette;Commune;216400408;64040;ARETTE;Dépenses d'investissement;922218.19;279526.52;0.0;1201744.71;1.20174471;1104;1088.536875;1;;;;;;;;;;;2024;1104
2024;Non;75;Nouvelle-Aquitaine;64;Pyrénées-Atlantiques;200067254;Communauté d'agglomération Pau Béarn Pyrénées;3;Non;Non;Non;2;Non;64041;Aressy;Commune;216400416;64041;ARESSY;Dépenses d'investissement;320819.59;1400.0;0.0;322219.59;0.32221959;835;385.89172455089823;1;;;;;;;;;;;2024;835
2024;Non;75;Nouvelle-Aquitaine;64;Pyrénées-Atlantiques;200039204;Communauté de communes de Lacq-Orthez;3;Non;Non;Non;2;Non;64042;Argagnon;Commune;216400424;64042;ARGAGNON;Dépenses d'investissement;109137.66;44796.72;6500.0;147434.38;0.14743438;709;207.94693935119886;1;;;;;;;;;;;2024;709
2024;Non;75;Nouvelle-Aquitaine;64;Pyrénées-Atlantiques;200067239;Communauté de communes des Luys en Béarn;2;Oui;Non;Non;1;Non;64043;Argelos;Commune;216400432;64043;ARGELOS;Dépenses d'investissement;349348.82;0.0;0.0;349348.82;0.34934882;296;1180.2325;1;;;;;;;;;;;2024;296
2024;Non;75;Nouvelle-Aquitaine;64;Pyrénées-Atlantiques;200067239;Communauté de communes des Luys en Béarn;0;Oui;Non;Non;1;Non;64044;Arget;Commune;216400440;64044;ARGET;Dépenses d'investissement;7226.51;0.0;0.0;7226.51;0.00722651;80;90.33137500000001;1;;;;;;;;;;;2024;80
2024;Non;75;Nouvelle-Aquitaine;64;Pyrénées-Atlantiques;200067106;Communauté d'agglomération du Pays Basque;0;Oui;Oui;Non;0;Non;64045;Arhansus;Commune;216400457;64045;ARHANSUS;Dépenses d'investissement;39488.03;0.0;0.0;39488.03;0.03948803;70;564.1147142857143;1;;;;;;;;;;;2024;70
2024;Non;75;Nouvelle-Aquitaine;64;Pyrénées-Atlantiques;200067106;Communauté d'agglomération du Pays Basque;2;Oui;Oui;Non;1;Non;64046;Armendarits;Commune;216400465;64046;ARMENDARITS;Dépenses d'investissement;596672.16;0.0;0.0;596672.16;0.59667216;393;1518.2497709923664;1;;;;;;;;;;;2024;393
2024;Non;75;Nouvelle-Aquitaine;64;Pyrénées-Atlantiques;200067106;Communauté d'agglomération du Pays Basque;2;Oui;Oui;Non;1;Non;64047;Arnéguy;Commune;216400473;64047;ARNEGUY;Dépenses d'investissement;114485.02;0.0;0.0;114485.02;0.11448502;239;479.01682008368203;1;;;;;;;;;;;2024;239
2024;Non;75;Nouvelle-Aquitaine;64;Pyrénées-Atlantiques;200039204;Communauté de communes de Lacq-Orthez;1;Oui;Non;Non;1;Non;64048;Arnos;Commune;216400481;64048;ARNOS;Dépenses d'investissement;117746.82;0.0;0.0;117746.82;0.11774682;137;859.4658394160584;1;;;;;;;;;;;2024;137
2024;Non;75;Nouvelle-Aquitaine;64;Pyrénées-Atlantiques;200067106;Communauté d'agglomération du Pays Basque;2;Oui;Oui;Non;1;Non;64049;Aroue-Ithorots-Olhaïby;Commune;216400499;64049;AROUE-ITHOROTS-OLHAIBY;Dépenses d'investissement;142296.29;0.0;0.0;142296.29;0.14229629000000002;239;595.3819665271967;1;;;;;;;;;;;2024;239
2024;Non;75;Nouvelle-Aquitaine;64;Pyrénées-Atlantiques;200067106;Communauté d'agglomération du Pays Basque;0;Oui;Oui;Non;1;Non;64050;Arrast-Larrebieu;Commune;216400507;64050;ARRAST-LARREBIEU;Dépenses d'investissement;43596.24;0.0;0.0;43596.24;0.04359624;96;454.1275;1;;;;;;;;;;;2024;96
2024;Non;75;Nouvelle-Aquitaine;64;Pyrénées-Atlantiques;200067106;Communauté d'agglomération du Pays Basque;2;Oui;Oui;Non;1;Non;64051;Arraute-Charritte;Commune;216400515;64051;ARRAUTE-CHARRITTE;Dépenses d'investissement;252602.44;0.0;0.0;252602.44;0.25260244;430;587.4475348837209;1;;;;;;;;;;;2024;430
2024;Non;75;Nouvelle-Aquitaine;64;Pyrénées-Atlantiques;200067296;Communauté de communes du Nord Est Béarn;1;Oui;Non;Non;1;Non;64052;Arricau-Bordes;Commune;216400523;64052;ARRICAU-BORDES;Dépenses d'investissement;19422.15;0.0;0.0;19422.15;0.019422150000000003;110;176.56500000000003;1;;;;;;;;;;;2024;110
2024;Non;75;Nouvelle-Aquitaine;64;Pyrénées-Atlantiques;200067296;Communauté de communes du Nord Est Béarn;2;Oui;Non;Non;2;Non;64053;Arrien;Commune;216400531;64053;ARRIEN;Dépenses d'investissement;31621.1;0.0;0.0;31621.1;0.0316211;202;156.54009900990098;1;;;;;;;;;;;2024;202
2024;Non;75;Nouvelle-Aquitaine;64;Pyrénées-Atlantiques;246401756;Communauté de communes Pays de Nay;3;Non;Non;Non;2;Non;64054;Arros-de-Nay;Commune;216400549;64054;ARROS-DE-NAY;Dépenses d'investissement;142619.97;47968.96;14105.49;176483.44;0.17648344;819;215.48649572649572;1;;;;;;;;;;;2024;819
2024;Non;75;Nouvelle-Aquitaine;64;Pyrénées-Atlantiques;200067296;Communauté de communes du Nord Est Béarn;1;Oui;Non;Non;1;Non;64056;Arrosès;Commune;216400564;64056;ARROSES;Dépenses d'investissement;18741.94;0.0;0.0;18741.94;0.01874194;146;128.36945205479452;1;;;;;;;;;;;2024;146
2024;Non;75;Nouvelle-Aquitaine;64;Pyrénées-Atlantiques;200039204;Communauté de communes de Lacq-Orthez;3;Oui;Non;Non;2;Non;64057;Arthez-de-Béarn;Commune;216400572;64057;ARTHEZ-DE-BEARN;Dépenses d'investissement;302467.93;0.0;0.0;302467.93;0.30246793;1870;161.74755614973262;1;;;;;;;;;;;2024;1870
2024;Non;75;Nouvelle-Aquitaine;64;Pyrénées-Atlantiques;246401756;Communauté de communes Pays de Nay;2;Oui;Oui;Non;1;Non;64058;Arthez-d'Asson;Commune;216400580;64058;ARTHEZ-D'ASSON;Dépenses d'investissement;100697.52;0.0;0.0;100697.52;0.10069752;470;214.2500425531915;1;;;;;;;;;;;2024;470
2024;Non;75;Nouvelle-Aquitaine;64;Pyrénées-Atlantiques;200067254;Communauté d'agglomération Pau Béarn Pyrénées;3;Oui;Non;Non;2;Non;64059;Artigueloutan;Commune;216400598;64059;ARTIGUELOUTAN;Dépenses d'investissement;485390.14;0.0;0.0;485390.14;0.48539014;1121;432.99744870651205;1;;;;;;;;;;;2024;1121
2024;Non;75;Nouvelle-Aquitaine;64;Pyrénées-Atlantiques;200067254;Communauté d'agglomération Pau Béarn Pyrénées;4;Non;Non;Non;2;Non;64060;Artiguelouve;Commune;216400606;64060;ARTIGUELOUVE;Dépenses d'investissement;1059233.88;0.0;0.0;1059233.88;1.0592338799999998;2047;517.4567073766488;1;;;;;;;;;;;2024;2047
2024;Non;75;Nouvelle-Aquitaine;64;Pyrénées-Atlantiques;200039204;Communauté de communes de Lacq-Orthez;5;Non;Non;Non;2;Non;64061;Artix;Commune;216400614;64061;ARTIX;Dépenses d'investissement;629021.63;0.0;0.0;629021.63;0.62902163;3506;179.41290074158584;1;;;;;;;;;;;2024;3506
2024;Non;75;Nouvelle-Aquitaine;64;Pyrénées-Atlantiques;246400337;Communauté de communes de la Vallée d'Ossau;4;Non;Oui;Non;1;Non;64062;Arudy;Commune;216400622;64062;ARUDY;Dépenses d'investissement;948824.91;0.0;0.0;948824.91;0.94882491;2294;413.611556233653;1;;;;;;;;;;;2024;2294
2024;Non;75;Nouvelle-Aquitaine;64;Pyrénées-Atlantiques;200067239;Communauté de communes des Luys en Béarn;3;Oui;Non;Non;1;Non;64063;Arzacq-Arraziguet;Commune;216400630;64063;ARZACQ-ARRAZIGUET;Dépenses d'investissement;258376.3;0.0;0.0;258376.3;0.2583763;1070;241.47317757009344;1;;;;;;;;;;;2024;1070
2024;Non;75;Nouvelle-Aquitaine;64;Pyrénées-Atlantiques;200067262;Communauté de communes du Haut Béarn;2;Oui;Oui;Non;2;Non;64064;Asasp-Arros;Commune;216400648;64064;ASASP-ARROS;Dépenses d'investissement;68895.53;2460.42;0.0;71355.95;0.07135595;474;150.53997890295358;1;;;;;;;;;;;2024;474
2024;Non;75;Nouvelle-Aquitaine;64;Pyrénées-Atlantiques;200067106;Communauté d'agglomération du Pays Basque;5;Non;Oui;Oui;3;Non;64065;Ascain;Commune;216400655;64065;ASCAIN;Dépenses d'investissement;4120973.72;36705.13;0.0;4157678.85;4.15767885;4551;913.5747857613711;1;;;;;;;;;;;2024;4551
2024;Non;75;Nouvelle-Aquitaine;64;Pyrénées-Atlantiques;200067106;Communauté d'agglomération du Pays Basque;2;Non;Oui;Non;2;Non;64066;Ascarat;Commune;216400663;64066;ASCARAT;Dépenses d'investissement;364221.42;0.0;0.0;364221.42;0.36422141999999996;348;1046.613275862069;1;;;;;;;;;;;2024;348
2024;Non;75;Nouvelle-Aquitaine;64;Pyrénées-Atlantiques;246401756;Communauté de communes Pays de Nay;4;Non;Non;Non;2;Non;64067;Assat;Commune;216400671;64067;ASSAT;Dépenses d'investissement;698426.74;1090.0;0.0;699516.74;0.69951674;2092;334.37702676864245;1;;;;;;;;;;;2024;2092
2024;Non;75;Nouvelle-Aquitaine;64;Pyrénées-Atlantiques;246401756;Communauté de communes Pays de Nay;4;Oui;Oui;Non;2;Non;64068;Asson;Commune;216400689;64068;ASSON;Dépenses d'investissement;1272354.76;0.0;0.0;1272354.76;1.27235476;2046;621.8742717497556;1;;;;;;;;;;;2024;2046
2024;Non;75;Nouvelle-Aquitaine;64;Pyrénées-Atlantiques;246400337;Communauté de communes de la Vallée d'Ossau;2;Oui;Oui;Non;1;Non;64069;Aste-Béon;Commune;216400697;64069;ASTE-BEON;Dépenses d'investissement;86759.56;124402.1;0.0;211161.66;0.21116166;235;898.560255319149;1;;;;;;;;;;;2024;235
2024;Non;75;Nouvelle-Aquitaine;64;Pyrénées-Atlantiques;200067239;Communauté de communes des Luys en Béarn;2;Oui;Non;Non;2;Non;64070;Astis;Commune;216400705;64070;ASTIS;Dépenses d'investissement;35089.87;0.0;0.0;35089.87;0.03508987;338;103.81618343195267;1;;;;;;;;;;;2024;338
2024;Non;75;Nouvelle-Aquitaine;64;Pyrénées-Atlantiques;200067288;Communauté de communes du Béarn des Gaves;2;Oui;Non;Non;2;Non;64071;Athos-Aspis;Commune;216400713;64071;ATHOS-ASPIS;Dépenses d'investissement;32703.8;49100.0;49100.0;32703.8;0.0327038;214;152.8214953271028;1;;;;;;;;;;;2024;214
2024;Non;75;Nouvelle-Aquitaine;64;Pyrénées-Atlantiques;200067254;Communauté d'agglomération Pau Béarn Pyrénées;3;Oui;Oui;Non;3;Non;64072;Aubertin;Commune;216400721;64072;AUBERTIN;Dépenses d'investissement;48017.58;0.0;0.0;48017.58;0.048017580000000004;666;72.09846846846847;1;;;;;;;;;;;2024;666
2024;Non;75;Nouvelle-Aquitaine;64;Pyrénées-Atlantiques;200067239;Communauté de communes des Luys en Béarn;2;Oui;Non;Non;1;Non;64073;Aubin;Commune;216400739;64073;AUBIN;Dépenses d'investissement;113500.47;0.0;0.0;113500.47;0.11350047;270;420.3721111111111;1;;;;;;;;;;;2024;270
2024;Non;75;Nouvelle-Aquitaine;64;Pyrénées-Atlantiques;200067239;Communauté de communes des Luys en Béarn;0;Oui;Non;Non;1;Non;64074;Aubous;Commune;216400747;64074;AUBOUS;Dépenses d'investissement;0.0;0.0;0.0;0.0;0.0;45;0.0;1;;;;;;;;;;;2024;45
2024;Non;75;Nouvelle-Aquitaine;64;Pyrénées-Atlantiques;200067288;Communauté de communes du Béarn des Gaves;1;Oui;Non;Non;1;Non;64075;Audaux;Commune;216400754;64075;AUDAUX;Dépenses d'investissement;58762.4;0.0;0.0;58762.4;0.0587624;166;353.99036144578315;1;;;;;;;;;;;2024;166
2024;Non;75;Nouvelle-Aquitaine;64;Pyrénées-Atlantiques;200067239;Communauté de communes des Luys en Béarn;1;Oui;Non;Non;2;Non;64077;Auga;Commune;216400770;64077;AUGA;Dépenses d'investissement;2823.74;0.0;0.0;2823.74;0.00282374;182;15.515054945054944;1;;;;;;;;;;;2024;182
2024;Non;75;Nouvelle-Aquitaine;64;Pyrénées-Atlantiques;200067239;Communauté de communes des Luys en Béarn;2;Oui;Non;Non;2;Non;64078;Auriac;Commune;216400788;64078;AURIAC;Dépenses d'investissement;176819.07;0.0;0.0;176819.07;0.17681907;227;778.9386343612335;1;;;;;;;;;;;2024;227
2024;Non;75;Nouvelle-Aquitaine;64;Pyrénées-Atlantiques;200067296;Communauté de communes du Nord Est Béarn;1;Oui;Non;Non;1;Non;64079;Aurions-Idernes;Commune;216400796;64079;AURIONS-IDERNES;Dépenses d'investissement;15548.89;0.0;0.0;15548.89;0.01554889;108;143.9712037037037;1;;;;;;;;;;;2024;108
2024;Non;75;Nouvelle-Aquitaine;64;Pyrénées-Atlantiques;200067254;Communauté d'agglomération Pau Béarn Pyrénées;3;Non;Non;Non;2;Non;64080;Aussevielle;Commune;216400804;64080;AUSSEVIELLE;Dépenses d'investissement;125837.65;0.0;0.0;125837.65;0.12583765;838;150.16426014319808;1;;;;;;;;;;;2024;838
2024;Non;75;Nouvelle-Aquitaine;64;Pyrénées-Atlantiques;200067106;Communauté d'agglomération du Pays Basque;2;Oui;Oui;Non;1;Non;64081;Aussurucq;Commune;216400812;64081;AUSSURUCQ;Dépenses d'investissement;96245.67;0.0;0.0;96245.67;0.09624566999999999;239;402.7015481171548;1;;;;;;;;;;;2024;239
2024;Non;75;Nouvelle-Aquitaine;64;Pyrénées-Atlantiques;200067288;Communauté de communes du Béarn des Gaves;1;Oui;Non;Non;2;Non;64082;Auterrive;Commune;216400820;64082;AUTERRIVE;Dépenses d'investissement;22518.95;0.0;0.0;22518.95;0.02251895;145;155.30310344827586;1;;;;;;;;;;;2024;145
2024;Non;75;Nouvelle-Aquitaine;64;Pyrénées-Atlantiques;200067288;Communauté de communes du Béarn des Gaves;2;Oui;Non;Non;1;Non;64083;Autevielle-Saint-Martin-Bideren;Commune;216400838;64083;AUTEVIELLE-SAINT-MARTIN-BIDEREN;Dépenses d'investissement;33842.77;3448.87;0.0;37291.64;0.03729164;208;179.28673076923076;1;;;;;;;;;;;2024;208
2024;Non;75;Nouvelle-Aquitaine;64;Pyrénées-Atlantiques;200067239;Communauté de communes des Luys en Béarn;1;Oui;Non;Non;1;Non;64084;Aydie;Commune;216400846;64084;AYDIE;Dépenses d'investissement;16144.31;0.0;0.0;16144.31;0.01614431;141;114.4986524822695;1;;;;;;;;;;;2024;141
2024;Non;75;Nouvelle-Aquitaine;64;Pyrénées-Atlantiques;200067262;Communauté de communes du Haut Béarn;1;Oui;Oui;Non;2;Non;64085;Aydius;Commune;216400853;64085;AYDIUS;Dépenses d'investissement;102784.2;46226.32;0.0;149010.52;0.14901051999999998;105;1419.1478095238094;1;;;;;;;;;;;2024;105
2024;Non;75;Nouvelle-Aquitaine;64;Pyrénées-Atlantiques;200067106;Communauté d'agglomération du Pays Basque;3;Oui;Oui;Non;1;Non;64086;Ayherre;Commune;216400861;64086;AYHERRE;Dépenses d'investissement;815849.18;275000.0;0.0;1090849.18;1.09084918;1166;935.5481818181818;1;;;;;;;;;;;2024;1166
2024;Non;75;Nouvelle-Aquitaine;64;Pyrénées-Atlantiques;200039204;Communauté de communes de Lacq-Orthez;3;Oui;Non;Non;1;Non;64087;Baigts-de-Béarn;Commune;216400879;64087;BAIGTS-DE-BEARN;Dépenses d'investissement;106896.77;17546.26;0.0;124443.03;0.12444303;891;139.66670033670033;1;;;;;;;;;;;2024;891
2024;Non;75;Nouvelle-Aquitaine;64;Pyrénées-Atlantiques;200039204;Communauté de communes de Lacq-Orthez;2;Oui;Non;Non;1;Non;64088;Balansun;Commune;216400887;64088;BALANSUN;Dépenses d'investissement;23694.26;0.0;0.0;23694.26;0.023694259999999998;317;74.74529968454259;1;;;;;;;;;;;2024;317
2024;Non;75;Nouvelle-Aquitaine;64;Pyrénées-Atlantiques;200067296;Communauté de communes du Nord Est Béarn;1;Oui;Non;Non;2;Non;64089;Baleix;Commune;216400895;64089;BALEIX;Dépenses d'investissement;91887.45;0.0;0.0;91887.45;0.09188745;139;661.0607913669064;1;;;;;;;;;;;2024;139
2024;Non;75;Nouvelle-Aquitaine;64;Pyrénées-Atlantiques;200067239;Communauté de communes des Luys en Béarn;1;Oui;Non;Non;1;Non;64090;Baliracq-Maumusson;Commune;216400903;64090;BALIRACQ-MAUMUSSON;Dépenses d'investissement;0.0;0.0;0.0;0.0;0.0;121;0.0;1;;;;;;;;;;;2024;121
2024;Non;75;Nouvelle-Aquitaine;64;Pyrénées-Atlantiques;246401756;Communauté de communes Pays de Nay;3;Non;Non;Non;2;Non;64091;Baliros;Commune;216400911;64091;BALIROS;Dépenses d'investissement;130775.7;0.0;0.0;130775.7;0.1307757;511;255.9211350293542;1;;;;;;;;;;;2024;511
2024;Non;75;Nouvelle-Aquitaine;64;Pyrénées-Atlantiques;200067106;Communauté d'agglomération du Pays Basque;2;Oui;Oui;Non;0;Non;64092;Banca;Commune;216400929;64092;BANCA;Dépenses d'investissement;733870.94;0.0;0.0;733870.94;0.73387094;352;2084.860625;1;;;;;;;;;;;2024;352
2024;Non;75;Nouvelle-Aquitaine;64;Pyrénées-Atlantiques;200067106;Communauté d'agglomération du Pays Basque;3;Oui;Oui;Non;1;Non;64093;Barcus;Commune;216400937;64093;BARCUS;Dépenses d'investissement;226194.64;0.0;0.0;226194.64;0.22619464;640;353.429125;1;;;;;;;;;;;2024;640
2024;Non;75;Nouvelle-Aquitaine;64;Pyrénées-Atlantiques;200067106;Communauté d'agglomération du Pays Basque;3;Oui;Oui;Non;2;Non;64094;Bardos;Commune;216400945;64094;BARDOS;Dépenses d'investissement;1776142.68;0.0;0.0;1776142.68;1.77614268;1910;929.9176335078533;1;;;;;;;;;;;2024;1910
2024;Non;75;Nouvelle-Aquitaine;64;Pyrénées-Atlantiques;200067296;Communauté de communes du Nord Est Béarn;3;Oui;Non;Non;2;Non;64095;Barinque;Commune;216400952;64095;BARINQUE;Dépenses d'investissement;257104.58;0.0;0.0;257104.58;0.25710457999999997;601;427.79464226289514;1;;;;;;;;;;;2024;601
2024;Non;75;Nouvelle-Aquitaine;64;Pyrénées-Atlantiques;200067288;Communauté de communes du Béarn des Gaves;1;Oui;Non;Non;1;Non;64096;Barraute-Camu;Commune;216400960;64096;BARRAUTE-CAMU;Dépenses d'investissement;9749.51;0.0;0.0;9749.51;0.00974951;185;52.70005405405406;1;;;;;;;;;;;2024;185
2024;Non;75;Nouvelle-Aquitaine;64;Pyrénées-Atlantiques;200067296;Communauté de communes du Nord Est Béarn;3;Non;Non;Non;2;Non;64097;Barzun;Commune;216400978;64097;BARZUN;Dépenses d'investissement;135164.48;0.0;0.0;135164.48;0.13516448;635;212.85744881889767;1;;;;;;;;;;;2024;635
2024;Non;75;Nouvelle-Aquitaine;64;Pyrénées-Atlantiques;200067296;Communauté de communes du Nord Est Béarn;0;Oui;Non;Non;2;Non;64098;Bassillon-Vauzé;Commune;216400986;64098;BASSILLON-VAUZE;Dépenses d'investissement;9853.93;0.0;0.0;9853.93;0.00985393;68;144.91073529411764;1;;;;;;;;;;;2024;68
2024;Non;75;Nouvelle-Aquitaine;64;Pyrénées-Atlantiques;200067288;Communauté de communes du Béarn des Gaves;1;Oui;Non;Non;1;Non;64099;Bastanès;Commune;216400994;64099;BASTANES;Dépenses d'investissement;21089.99;0.0;0.0;21089.99;0.021089990000000003;101;208.81178217821784;1;;;;;;;;;;;2024;101
2024;Non;75;Nouvelle-Aquitaine;64;Pyrénées-Atlantiques;200067106;Communauté d'agglomération du Pays Basque;4;Non;Non;Non;4;Non;64100;Bassussarry;Commune;216401000;64100;BASSUSSARRY;Dépenses d'investissement;1339403.95;21161.95;0.0;1360565.9;1.3605658999999999;3399;400.28417181523974;1;;;;;;;;;;;2024;3399
2024;Non;75;Nouvelle-Aquitaine;64;Pyrénées-Atlantiques;246401756;Communauté de communes Pays de Nay;3;Non;Non;Oui;1;Non;64101;Baudreix;Commune;216401018;64101;BAUDREIX;Dépenses d'investissement;722168.37;0.0;0.0;722168.37;0.72216837;690;1046.6208260869564;1;;;;;;;;;;;2024;690
2024;Non;75;Nouvelle-Aquitaine;64;Pyrénées-Atlantiques;200067106;Communauté d'agglomération du Pays Basque;9;Non;Non;Oui;2;Oui;64102;Bayonne;Commune;216401026;64102;BAYONNE;Dépenses d'investissement;38898799.53;1023942.32;0.0;39922741.85;39.92274185;54029;738.9132104980658;1;;;;;;;;;;;2024;54029
2024;Non;75;Nouvelle-Aquitaine;64;Pyrénées-Atlantiques;200067296;Communauté de communes du Nord Est Béarn;2;Oui;Non;Non;1;Non;64103;Bédeille;Commune;216401034;64103;BEDEILLE;Dépenses d'investissement;16756.43;0.0;0.0;16756.43;0.01675643;210;79.79252380952381;1;;;;;;;;;;;2024;210
2024;Non;75;Nouvelle-Aquitaine;64;Pyrénées-Atlantiques;200067262;Communauté de communes du Haut Béarn;3;Oui;Oui;Non;1;Non;64104;Bedous;Commune;216401042;64104;BEDOUS;Dépenses d'investissement;718747.76;103914.83;0.0;822662.59;0.82266259;597;1377.9942881072027;1;;;;;;;;;;;2024;597
2024;Non;75;Nouvelle-Aquitaine;64;Pyrénées-Atlantiques;200067106;Communauté d'agglomération du Pays Basque;2;Oui;Oui;Non;1;Non;64105;Béguios;Commune;216401059;64105;BEGUIOS;Dépenses d'investissement;153611.33;0.0;0.0;153611.33;0.15361133;278;552.5587410071942;1;;;;;;;;;;;2024;278
2024;Non;75;Nouvelle-Aquitaine;64;Pyrénées-Atlantiques;200067106;Communauté d'agglomération du Pays Basque;3;Oui;Non;Non;2;Non;64106;Béhasque-Lapiste;Commune;216401067;64106;BEHASQUE-LAPISTE;Dépenses d'investissement;314729.93;0.0;0.0;314729.93;0.31472993;518;607.5867374517375;1;;;;;;;;;;;2024;518
2024;Non;75;Nouvelle-Aquitaine;64;Pyrénées-Atlantiques;200067106;Communauté d'agglomération du Pays Basque;0;Oui;Oui;Non;1;Non;64107;Béhorléguy;Commune;216401075;64107;BEHORLEGUY;Dépenses d'investissement;58571.21;0.0;0.0;58571.21;0.05857121;75;780.9494666666667;1;;;;;;;;;;;2024;75
2024;Non;75;Nouvelle-Aquitaine;64;Pyrénées-Atlantiques;246401756;Communauté de communes Pays de Nay;4;Non;Non;Non;2;Non;64109;Bénéjacq;Commune;216401091;64109;BENEJACQ;Dépenses d'investissement;277609.55;0.0;0.0;277609.55;0.27760955;2003;138.59687968047928;1;;;;;;;;;;;2024;2003
2024;Non;75;Nouvelle-Aquitaine;64;Pyrénées-Atlantiques;246400337;Communauté de communes de la Vallée d'Ossau;2;Oui;Oui;Non;2;Non;64110;Béost;Commune;216401109;64110;BEOST;Dépenses d'investissement;226741.69;103030.45;0.0;329772.14;0.32977214;228;1446.3690350877193;1;;;;;;;;;;;2024;228
2024;Non;75;Nouvelle-Aquitaine;64;Pyrénées-Atlantiques;200072106;Communauté de communes Adour Madiran;1;Oui;Non;Non;1;Non;64111;Bentayou-Sérée;Commune;216401117;64111;BENTAYOU-SEREE;Dépenses d'investissement;19146.01;0.0;0.0;19146.01;0.019146009999999998;111;172.48657657657657;1;;;;;;;;;;;2024;111
2024;Non;75;Nouvelle-Aquitaine;64;Pyrénées-Atlantiques;200067288;Communauté de communes du Béarn des Gaves;2;Oui;Non;Non;2;Non;64112;Bérenx;Commune;216401125;64112;BERENX;Dépenses d'investissement;392818.65;149390.44;0.0;542209.09;0.54220909;423;1281.8181796690308;1;;;;;;;;;;;2024;423
2024;Non;75;Nouvelle-Aquitaine;64;Pyrénées-Atlantiques;200067106;Communauté d'agglomération du Pays Basque;1;Oui;Non;Non;1;Non;64113;Bergouey-Viellenave;Commune;216401133;64113;BERGOUEY-VIELLENAVE;Dépenses d'investissement;196056.53;0.0;0.0;196056.53;0.19605653;124;1581.1010483870969;1;;;;;;;;;;;2024;124
2024;Non;75;Nouvelle-Aquitaine;64;Pyrénées-Atlantiques;200067296;Communauté de communes du Nord Est Béarn;3;Oui;Non;Non;2;Non;64114;Bernadets;Commune;216401141;64114;BERNADETS;Dépenses d'investissement;216580.41;0.0;0.0;216580.41;0.21658041;589;367.708675721562;1;;;;;;;;;;;2024;589
2024;Non;75;Nouvelle-Aquitaine;64;Pyrénées-Atlantiques;200067106;Communauté d'agglomération du Pays Basque;2;Non;Oui;Non;0;Non;64115;Berrogain-Laruns;Commune;216401158;64115;BERROGAIN-LARUNS;Dépenses d'investissement;22220.4;0.0;0.0;22220.4;0.0222204;227;97.88722466960353;1;;;;;;;;;;;2024;227
2024;Non;75;Nouvelle-Aquitaine;64;Pyrénées-Atlantiques;246400337;Communauté de communes de la Vallée d'Ossau;2;Oui;Oui;Non;2;Non;64116;Bescat;Commune;216401166;64116;BESCAT;Dépenses d'investissement;136127.77;0.0;0.0;136127.77;0.13612776999999998;252;540.1895634920635;1;;;;;;;;;;;2024;252
2024;Non;75;Nouvelle-Aquitaine;64;Pyrénées-Atlantiques;200039204;Communauté de communes de Lacq-Orthez;1;Non;Non;Non;1;Non;64117;Bésingrand;Commune;216401174;64117;BESINGRAND;Dépenses d'investissement;97133.89;6707.89;0.0;103841.78;0.10384178;148;701.6336486486487;1;;;;;;;;;;;2024;148
2024;Non;75;Nouvelle-Aquitaine;64;Pyrénées-Atlantiques;200067296;Communauté de communes du Nord Est Béarn;0;Oui;Non;Non;1;Non;64118;Bétracq;Commune;216401182;64118;BETRACQ;Dépenses d'investissement;1124.86;0.0;0.0;1124.86;0.0011248599999999999;49;22.956326530612245;1;;;;;;;;;;;2024;49
2024;Non;75;Nouvelle-Aquitaine;64;Pyrénées-Atlantiques;246401756;Communauté de communes Pays de Nay;3;Oui;Non;Non;2;Non;64119;Beuste;Commune;216401190;64119;BEUSTE;Dépenses d'investissement;157610.37;0.0;0.0;157610.37;0.15761037;685;230.0881313868613;1;;;;;;;;;;;2024;685
2024;Non;75;Nouvelle-Aquitaine;64;Pyrénées-Atlantiques;200067106;Communauté d'agglomération du Pays Basque;3;Oui;Oui;Non;1;Non;64120;Beyrie-sur-Joyeuse;Commune;216401208;64120;BEYRIE-SUR-JOYEUSE;Dépenses d'investissement;1048768.99;0.0;0.0;1048768.99;1.04876899;548;1913.8120255474453;1;;;;;;;;;;;2024;548
2024;Non;75;Nouvelle-Aquitaine;64;Pyrénées-Atlantiques;200067254;Communauté d'agglomération Pau Béarn Pyrénées;1;Oui;Non;Non;3;Non;64121;Beyrie-en-Béarn;Commune;216401216;64121;BEYRIE-EN-BEARN;Dépenses d'investissement;191813.47;0.0;0.0;191813.47;0.19181347;197;973.6724365482233;1;;;;;;;;;;;2024;197
2024;Non;75;Nouvelle-Aquitaine;64;Pyrénées-Atlantiques;200067106;Communauté d'agglomération du Pays Basque;8;Non;Non;Oui;4;Non;64122;Biarritz;Commune;216401224;64122;BIARRITZ;Dépenses d'investissement;19780560.18;4105402.48;0.0;23885962.66;23.88596266;26435;903.5733936069605;1;;;;;;;;;;;2024;26435
2024;Non;75;Nouvelle-Aquitaine;64;Pyrénées-Atlantiques;200067106;Communauté d'agglomération du Pays Basque;3;Oui;Non;Non;2;Non;64123;Bidache;Commune;216401232;64123;BIDACHE;Dépenses d'investissement;1645977.59;0.0;0.0;1645977.59;1.64597759;1369;1202.3211029948868;1;;;;;;;;;;;2024;1369
2024;Non;75;Nouvelle-Aquitaine;64;Pyrénées-Atlantiques;200067106;Communauté d'agglomération du Pays Basque;3;Oui;Oui;Non;1;Non;64124;Bidarray;Commune;216401240;64124;BIDARRAY;Dépenses d'investissement;240848.3;6101.06;0.0;246949.36;0.24694935999999998;676;365.3097041420118;1;;;;;;;;;;;2024;676
2024;Non;75;Nouvelle-Aquitaine;64;Pyrénées-Atlantiques;200067106;Communauté d'agglomération du Pays Basque;6;Non;Non;Oui;3;Non;64125;Bidart;Commune;216401257;64125;BIDART;Dépenses d'investissement;6994624.86;0.0;0.0;6994624.86;6.99462486;7585;922.1654396835861;1;;;;;;;;;;;2024;7585
2024;Non;75;Nouvelle-Aquitaine;64;Pyrénées-Atlantiques;200067262;Communauté de communes du Haut Béarn;3;Non;Non;Non;2;Non;64126;Bidos;Commune;216401265;64126;BIDOS;Dépenses d'investissement;122546.24;0.0;0.0;122546.24;0.12254624;1141;107.40248904469763;1;;;;;;;;;;;2024;1141
2024;Non;75;Nouvelle-Aquitaine;64;Pyrénées-Atlantiques;246400337;Communauté de communes de la Vallée d'Ossau;2;Oui;Oui;Non;2;Non;64127;Bielle;Commune;216401273;64127;BIELLE;Dépenses d'investissement;348909.98;115996.39;0.0;464906.37;0.46490637;397;1171.04879093199;1;;;;;;;;;;;2024;397
2024;Non;75;Nouvelle-Aquitaine;64;Pyrénées-Atlantiques;246400337;Communauté de communes de la Vallée d'Ossau;1;Oui;Oui;Non;2;Non;64128;Bilhères;Commune;216401281;64128;BILHERES;Dépenses d'investissement;162687.44;19746.21;0.0;182433.65;0.18243365;162;1126.1336419753086;1;;;;;;;;;;;2024;162
2024;Non;75;Nouvelle-Aquitaine;64;Pyrénées-Atlantiques;200067254;Communauté d'agglomération Pau Béarn Pyrénées;7;Non;Non;Non;2;Non;64129;Billère;Commune;216401299;64129;BILLERE;Dépenses d'investissement;3938008.95;0.0;0.0;3938008.95;3.9380089500000004;14080;279.6881356534091;1;;;;;;;;;;;2024;14080
2024;Non;75;Nouvelle-Aquitaine;64;Pyrénées-Atlantiques;200067106;Communauté d'agglomération du Pays Basque;3;Non;Oui;Non;2;Non;64130;Biriatou;Commune;216401307;64130;BIRIATOU;Dépenses d'investissement;349584.41;0.0;0.0;349584.41;0.34958440999999996;1237;282.6066370250606;1;;;;;;;;;;;2024;1237
2024;Non;75;Nouvelle-Aquitaine;64;Pyrénées-Atlantiques;200039204;Communauté de communes de Lacq-Orthez;3;Non;Non;Non;2;Non;64131;Biron;Commune;216401315;64131;BIRON;Dépenses d'investissement;50736.78;0.0;0.0;50736.78;0.05073678;632;80.27971518987341;1;;;;;;;;;;;2024;632
2024;Non;75;Nouvelle-Aquitaine;64;Pyrénées-Atlantiques;200067254;Communauté d'agglomération Pau Béarn Pyrénées;5;Non;Non;Non;3;Non;64132;Bizanos;Commune;216401323;64132;BIZANOS;Dépenses d'investissement;1569844.91;0.0;0.0;1569844.91;1.5698449099999998;4649;337.6736739083674;1;;;;;;;;;;;2024;4649
2024;Non;75;Nouvelle-Aquitaine;64;Pyrénées-Atlantiques;246401756;Communauté de communes Pays de Nay;3;Non;Non;Non;2;Non;64133;Boeil-Bezing;Commune;216401331;64133;BOEIL-BEZING;Dépenses d'investissement;198137.88;0.0;0.0;198137.88;0.19813788000000002;1360;145.68961764705884;1;;;;;;;;;;;2024;1360
2024;Non;75;Nouvelle-Aquitaine;64;Pyrénées-Atlantiques;200067106;Communauté d'agglomération du Pays Basque;2;Oui;Non;Non;1;Non;64134;Bonloc;Commune;216401349;64134;BONLOC;Dépenses d'investissement;1457448.62;0.0;0.0;1457448.62;1.45744862;374;3896.9214438502677;1;;;;;;;;;;;2024;374
2024;Non;75;Nouvelle-Aquitaine;64;Pyrénées-Atlantiques;200039204;Communauté de communes de Lacq-Orthez;3;Oui;Non;Non;1;Non;64135;Bonnut;Commune;216401356;64135;BONNUT;Dépenses d'investissement;190680.17;0.0;0.0;190680.17;0.19068017;842;226.46100950118768;1;;;;;;;;;;;2024;842
2024;Non;75;Nouvelle-Aquitaine;64;Pyrénées-Atlantiques;200067262;Communauté de communes du Haut Béarn;1;Oui;Oui;Non;0;Non;64136;Borce;Commune;216401364;64136;BORCE;Dépenses d'investissement;269127.85;12460.87;0.0;281588.72;0.28158871999999996;123;2289.3391869918696;1;;;;;;;;;;;2024;123
2024;Non;75;Nouvelle-Aquitaine;64;Pyrénées-Atlantiques;246401756;Communauté de communes Pays de Nay;3;Non;Non;Non;2;Non;64137;Bordères;Commune;216401372;64137;BORDERES;Dépenses d'investissement;80851.99;0.0;0.0;80851.99;0.08085199;692;116.8381358381503;1;;;;;;;;;;;2024;692
2024;Non;75;Nouvelle-Aquitaine;64;Pyrénées-Atlantiques;246401756;Communauté de communes Pays de Nay;4;Non;Non;Non;2;Non;64138;Bordes;Commune;216401380;64138;BORDES;Dépenses d'investissement;2144877.11;7600.08;0.0;2152477.19;2.15247719;2938;732.6334887678693;1;;;;;;;;;;;2024;2938
2024;Non;75;Nouvelle-Aquitaine;64;Pyrénées-Atlantiques;200067254;Communauté d'agglomération Pau Béarn Pyrénées;3;Non;Oui;Non;2;Non;64139;Bosdarros;Commune;216401398;64139;BOSDARROS;Dépenses d'investissement;995861.98;8947.55;0.0;1004809.53;1.00480953;995;1009.858824120603;1;;;;;;;;;;;2024;995
2024;Non;75;Nouvelle-Aquitaine;64;Pyrénées-Atlantiques;200067106;Communauté d'agglomération du Pays Basque;6;Non;Non;Non;2;Non;64140;Boucau;Commune;216401406;64140;BOUCAU;Dépenses d'investissement;2155176.81;0.0;0.0;2155176.81;2.15517681;8969;240.29176162336938;1;;;;;;;;;;;2024;8969
2024;Non;75;Nouvelle-Aquitaine;64;Pyrénées-Atlantiques;200067239;Communauté de communes des Luys en Béarn;2;Oui;Non;Non;1;Non;64141;Boueilh-Boueilho-Lasque;Commune;216401414;64141;BOUEILH-BOUEILHO-LASQUE;Dépenses d'investissement;37835.99;0.0;0.0;37835.99;0.03783599;396;95.54542929292928;1;;;;;;;;;;;2024;396
2024;Non;75;Nouvelle-Aquitaine;64;Pyrénées-Atlantiques;200067254;Communauté d'agglomération Pau Béarn Pyrénées;3;Oui;Non;Non;3;Non;64142;Bougarber;Commune;216401422;64142;BOUGARBER;Dépenses d'investissement;218085.99;0.0;0.0;218085.99;0.21808598999999998;861;253.29383275261324;1;;;;;;;;;;;2024;861
2024;Non;75;Nouvelle-Aquitaine;64;Pyrénées-Atlantiques;200067239;Communauté de communes des Luys en Béarn;1;Oui;Non;Non;1;Non;64143;Bouillon;Commune;216401430;64143;BOUILLON;Dépenses d'investissement;295809.04;0.0;0.0;295809.04;0.29580903999999997;158;1872.2091139240506;1;;;;;;;;;;;2024;158
2024;Non;75;Nouvelle-Aquitaine;64;Pyrénées-Atlantiques;200039204;Communauté de communes de Lacq-Orthez;1;Oui;Non;Non;1;Non;64144;Boumourt;Commune;216401448;64144;BOUMOURT;Dépenses d'investissement;71559.81;0.0;0.0;71559.81;0.07155981;166;431.0831927710843;1;;;;;;;;;;;2024;166
2024;Non;75;Nouvelle-Aquitaine;64;Pyrénées-Atlantiques;246401756;Communauté de communes Pays de Nay;3;Non;Non;Non;1;Non;64145;Bourdettes;Commune;216401455;64145;BOURDETTES;Dépenses d'investissement;154138.49;0.0;0.0;154138.49;0.15413849;520;296.42017307692305;1;;;;;;;;;;;2024;520
2024;Non;75;Nouvelle-Aquitaine;64;Pyrénées-Atlantiques;200067239;Communauté de communes des Luys en Béarn;2;Oui;Non;Non;2;Non;64146;Bournos;Commune;216401463;64146;BOURNOS;Dépenses d'investissement;80240.54;0.0;0.0;80240.54;0.08024054;340;236.0015882352941;1;;;;;;;;;;;2024;340
2024;Non;75;Nouvelle-Aquitaine;64;Pyrénées-Atlantiques;200067106;Communauté d'agglomération du Pays Basque;4;Oui;Non;Non;2;Non;64147;Briscous;Commune;216401471;64147;BRISCOUS;Dépenses d'investissement;813044.41;114746.6;0.0;927791.01;0.92779101;2925;317.1935076923077;1;;;;;;;;;;;2024;2925
2024;Non;75;Nouvelle-Aquitaine;64;Pyrénées-Atlantiques;246401756;Communauté de communes Pays de Nay;3;Oui;Oui;Non;2;Non;64148;Bruges-Capbis-Mifaget;Commune;216401489;64148;BRUGES-CAPBIS-MIFAGET;Dépenses d'investissement;39635.03;0.0;0.0;39635.03;0.03963503;878;45.14240318906606;1;;;;;;;;;;;2024;878
2024;Non;75;Nouvelle-Aquitaine;64;Pyrénées-Atlantiques;200067288;Communauté de communes du Béarn des Gaves;2;Oui;Non;Non;1;Non;64149;Bugnein;Commune;216401497;64149;BUGNEIN;Dépenses d'investissement;114450.08;0.0;0.0;114450.08;0.11445008;241;474.89659751037345;1;;;;;;;;;;;2024;241
2024;Non;75;Nouvelle-Aquitaine;64;Pyrénées-Atlantiques;200067106;Communauté d'agglomération du Pays Basque;1;Oui;Oui;Non;1;Non;64150;Bunus;Commune;216401505;64150;BUNUS;Dépenses d'investissement;319898.81;0.0;0.0;319898.81;0.31989881;134;2387.304552238806;1;;;;;;;;;;;2024;134
2024;Non;75;Nouvelle-Aquitaine;64;Pyrénées-Atlantiques;200067288;Communauté de communes du Béarn des Gaves;1;Oui;Non;Non;2;Non;64151;Burgaronne;Commune;216401513;64151;BURGARONNE;Dépenses d'investissement;17498.09;0.0;0.0;17498.09;0.01749809;103;169.88436893203883;1;;;;;;;;;;;2024;103
2024;Non;75;Nouvelle-Aquitaine;64;Pyrénées-Atlantiques;200067296;Communauté de communes du Nord Est Béarn;4;Non;Non;Non;3;Non;64152;Buros;Commune;216401521;64152;BUROS;Dépenses d'investissement;719533.31;105813.59;0.0;825346.9;0.8253469;2021;408.38540326571007;1;;;;;;;;;;;2024;2021
2024;Non;75;Nouvelle-Aquitaine;64;Pyrénées-Atlantiques;200067239;Communauté de communes des Luys en Béarn;0;Oui;Non;Non;1;Non;64153;Burosse-Mendousse;Commune;216401539;64153;BUROSSE-MENDOUSSE;Dépenses d'investissement;229274.95;0.0;0.0;229274.95;0.22927495;77;2977.5967532467535;1;;;;;;;;;;;2024;77
2024;Non;75;Nouvelle-Aquitaine;64;Pyrénées-Atlantiques;200067106;Communauté d'agglomération du Pays Basque;2;Oui;Oui;Non;1;Non;64154;Bussunarits-Sarrasquette;Commune;216401547;64154;BUSSUNARITS-SARRASQUETTE;Dépenses d'investissement;200742.79;0.0;0.0;200742.79;0.20074279;211;951.3876303317536;1;;;;;;;;;;;2024;211
2024;Non;75;Nouvelle-Aquitaine;64;Pyrénées-Atlantiques;200067106;Communauté d'agglomération du Pays Basque;1;Oui;Oui;Non;1;Non;64155;Bustince-Iriberry;Commune;216401554;64155;BUSTINCE-IRIBERRY;Dépenses d'investissement;300307.93;0.0;0.0;300307.93;0.30030793;107;2806.616168224299;1;;;;;;;;;;;2024;107
2024;Non;75;Nouvelle-Aquitaine;64;Pyrénées-Atlantiques;200067262;Communauté de communes du Haut Béarn;2;Oui;Non;Non;2;Non;64156;Buziet;Commune;216401562;64156;BUZIET;Dépenses d'investissement;27201.89;0.0;0.0;27201.89;0.02720189;490;55.514061224489794;1;;;;;;;;;;;2024;490
2024;Non;75;Nouvelle-Aquitaine;64;Pyrénées-Atlantiques;246400337;Communauté de communes de la Vallée d'Ossau;3;Oui;Non;Non;1;Non;64157;Buzy;Commune;216401570;64157;BUZY;Dépenses d'investissement;882023.48;5511.9;0.0;887535.38;0.88753538;1018;871.8422200392928;1;;;;;;;;;;;2024;1018
2024;Non;75;Nouvelle-Aquitaine;64;Pyrénées-Atlantiques;200067239;Communauté de communes des Luys en Béarn;1;Oui;Non;Non;1;Non;64158;Cabidos;Commune;216401588;64158;CABIDOS;Dépenses d'investissement;381.64;0.0;0.0;381.64;0.00038164;177;2.1561581920903956;1;;;;;;;;;;;2024;177
2024;Non;75;Nouvelle-Aquitaine;64;Pyrénées-Atlantiques;200067296;Communauté de communes du Nord Est Béarn;1;Oui;Non;Non;1;Non;64159;Cadillon;Commune;216401596;64159;CADILLON;Dépenses d'investissement;25450.24;0.0;0.0;25450.24;0.025450240000000002;114;223.24771929824564;1;;;;;;;;;;;2024;114
2024;Non;75;Nouvelle-Aquitaine;64;Pyrénées-Atlantiques;200067106;Communauté d'agglomération du Pays Basque;6;Non;Oui;Oui;2;Non;64160;Cambo-les-Bains;Commune;216401604;64160;CAMBO-LES-BAINS;Dépenses d'investissement;2449687.34;0.0;0.0;2449687.34;2.4496873399999997;6772;361.7376461901949;1;;;;;;;;;;;2024;6772
2024;Non;75;Nouvelle-Aquitaine;64;Pyrénées-Atlantiques;200067106;Communauté d'agglomération du Pays Basque;3;Oui;Non;Non;1;Non;64161;Came;Commune;216401612;64161;CAME;Dépenses d'investissement;734090.6;9621.66;0.0;743712.26;0.74371226;1040;715.1079423076923;1;;;;;;;;;;;2024;1040
2024;Non;75;Nouvelle-Aquitaine;64;Pyrénées-Atlantiques;200067106;Communauté d'agglomération du Pays Basque;1;Oui;Oui;Non;0;Non;64162;Camou-Cihigue;Commune;216401620;64162;CAMOU-CIHIGUE;Dépenses d'investissement;62285.45;0.0;0.0;62285.45;0.06228545;105;593.1947619047619;1;;;;;;;;;;;2024;105
2024;Non;75;Nouvelle-Aquitaine;64;Pyrénées-Atlantiques;200039204;Communauté de communes de Lacq-Orthez;2;Oui;Oui;Non;1;Non;64165;Cardesse;Commune;216401653;64165;CARDESSE;Dépenses d'investissement;30436.76;15020.01;0.0;45456.77;0.045456769999999994;307;148.06765472312702;1;;;;;;;;;;;2024;307
2024;Non;75;Nouvelle-Aquitaine;64;Pyrénées-Atlantiques;200067106;Communauté d'agglomération du Pays Basque;1;Non;Oui;Non;2;Non;64166;Caro;Commune;216401661;64166;CARO;Dépenses d'investissement;4932.0;0.0;0.0;4932.0;0.004932;190;25.957894736842107;1;;;;;;;;;;;2024;190
2024;Non;75;Nouvelle-Aquitaine;64;Pyrénées-Atlantiques;200067239;Communauté de communes des Luys en Béarn;2;Oui;Non;Non;1;Non;64167;Carrère;Commune;216401679;64167;CARRERE;Dépenses d'investissement;47659.46;0.0;0.0;47659.46;0.04765946;219;217.62310502283106;1;;;;;;;;;;;2024;219
2024;Non;75;Nouvelle-Aquitaine;64;Pyrénées-Atlantiques;200067288;Communauté de communes du Béarn des Gaves;3;Oui;Non;Non;1;Non;64168;Carresse-Cassaber;Commune;216401687;64168;CARRESSE-CASSABER;Dépenses d'investissement;216494.3;56567.08;0.0;273061.38;0.27306138;674;405.13557863501484;1;;;;;;;;;;;2024;674
2024;Non;75;Nouvelle-Aquitaine;64;Pyrénées-Atlantiques;200067288;Communauté de communes du Béarn des Gaves;2;Oui;Non;Non;2;Non;64170;Castagnède;Commune;216401703;64170;CASTAGNEDE;Dépenses d'investissement;188033.54;8639.63;0.0;196673.17;0.19667317;202;973.6295544554456;1;;;;;;;;;;;2024;202
2024;Non;75;Nouvelle-Aquitaine;64;Pyrénées-Atlantiques;200039204;Communauté de communes de Lacq-Orthez;2;Oui;Non;Non;1;Non;64171;Casteide-Cami;Commune;216401711;64171;CASTEIDE-CAMI;Dépenses d'investissement;129131.56;0.0;0.0;129131.56;0.12913156;270;478.265037037037;1;;;;;;;;;;;2024;270
2024;Non;75;Nouvelle-Aquitaine;64;Pyrénées-Atlantiques;200039204;Communauté de communes de Lacq-Orthez;2;Oui;Non;Non;1;Non;64172;Casteide-Candau;Commune;216401729;64172;CASTEIDE-CANDAU;Dépenses d'investissement;546755.83;0.0;0.0;546755.83;0.5467558299999999;308;1775.181266233766;1;;;;;;;;;;;2024;308
2024;Non;75;Nouvelle-Aquitaine;64;Pyrénées-Atlantiques;200072106;Communauté de communes Adour Madiran;1;Oui;Non;Non;1;Non;64173;Casteide-Doat;Commune;216401737;64173;CASTEIDE-DOAT;Dépenses d'investissement;69128.54;0.0;0.0;69128.54;0.06912853999999999;164;421.51548780487803;1;;;;;;;;;;;2024;164
2024;Non;75;Nouvelle-Aquitaine;64;Pyrénées-Atlantiques;200072106;Communauté de communes Adour Madiran;0;Oui;Non;Non;1;Non;64174;Castéra-Loubix;Commune;216401745;64174;CASTERA-LOUBIX;Dépenses d'investissement;110051.8;0.0;0.0;110051.8;0.1100518;51;2157.878431372549;1;;;;;;;;;;;2024;51
2024;Non;75;Nouvelle-Aquitaine;64;Pyrénées-Atlantiques;246400337;Communauté de communes de la Vallée d'Ossau;1;Oui;Oui;Non;1;Non;64175;Castet;Commune;216401752;64175;CASTET;Dépenses d'investissement;219141.09;24099.7;0.0;243240.79;0.24324079;148;1643.5188513513515;1;;;;;;;;;;;2024;148
2024;Non;75;Nouvelle-Aquitaine;64;Pyrénées-Atlantiques;200067288;Communauté de communes du Béarn des Gaves;1;Oui;Non;Non;1;Non;64176;Castetbon;Commune;216401760;64176;CASTETBON;Dépenses d'investissement;48077.51;0.0;0.0;48077.51;0.048077510000000004;159;302.37427672955977;1;;;;;;;;;;;2024;159
2024;Non;75;Nouvelle-Aquitaine;64;Pyrénées-Atlantiques;200039204;Communauté de communes de Lacq-Orthez;3;Non;Non;Non;2;Non;64177;Castétis;Commune;216401778;64177;CASTETIS;Dépenses d'investissement;48868.62;0.0;0.0;48868.62;0.04886862;668;73.15661676646707;1;;;;;;;;;;;2024;668
2024;Non;75;Nouvelle-Aquitaine;64;Pyrénées-Atlantiques;200067288;Communauté de communes du Béarn des Gaves;2;Non;Non;Non;1;Non;64178;Castetnau-Camblong;Commune;216401786;64178;CASTETNAU-CAMBLONG;Dépenses d'investissement;85662.4;0.0;0.0;85662.4;0.0856624;473;181.1044397463002;1;;;;;;;;;;;2024;473
2024;Non;75;Nouvelle-Aquitaine;64;Pyrénées-Atlantiques;200067239;Communauté de communes des Luys en Béarn;2;Oui;Non;Non;1;Non;64180;Castetpugon;Commune;216401802;64180;CASTETPUGON;Dépenses d'investissement;22188.17;0.0;0.0;22188.17;0.022188169999999997;215;103.2007906976744;1;;;;;;;;;;;2024;215
2024;Non;75;Nouvelle-Aquitaine;64;Pyrénées-Atlantiques;200039204;Communauté de communes de Lacq-Orthez;2;Oui;Non;Non;3;Non;64181;Castillon (Canton d'Arthez-de-Béarn);Commune;216401810;64181;CASTILLON CANTON ARTHEZ-DE-BEARN;Dépenses d'investissement;430940.15;0.0;0.0;430940.15;0.43094015;343;1256.3852769679302;1;;;;;;;;;;;2024;343
2024;Non;75;Nouvelle-Aquitaine;64;Pyrénées-Atlantiques;200067296;Communauté de communes du Nord Est Béarn;0;Oui;Non;Non;1;Non;64182;Castillon (Canton de Lembeye);Commune;216401828;64182;CASTILLON CANTON DE LEMBEYE;Dépenses d'investissement;14730.51;0.0;0.0;14730.51;0.01473051;76;193.8225;1;;;;;;;;;;;2024;76
2024;Non;75;Nouvelle-Aquitaine;64;Pyrénées-Atlantiques;200067239;Communauté de communes des Luys en Béarn;3;Oui;Non;Non;2;Non;64183;Caubios-Loos;Commune;216401836;64183;CAUBIOS-LOOS;Dépenses d'investissement;144080.61;0.0;0.0;144080.61;0.14408061;685;210.33665693430655;1;;;;;;;;;;;2024;685
2024;Non;75;Nouvelle-Aquitaine;64;Pyrénées-Atlantiques;200039204;Communauté de communes de Lacq-Orthez;3;Oui;Non;Non;2;Non;64184;Cescau;Commune;216401844;64184;CESCAU;Dépenses d'investissement;416342.98;0.0;0.0;416342.98;0.41634298;653;637.5849617151607;1;;;;;;;;;;;2024;653
2024;Non;75;Nouvelle-Aquitaine;64;Pyrénées-Atlantiques;200067262;Communauté de communes du Haut Béarn;0;Oui;Oui;Non;2;Non;64185;Cette-Eygun;Commune;216401851;64185;CETTE-EYGUN;Dépenses d'investissement;134056.23;56104.56;0.0;190160.79;0.19016079;60;3169.3465;1;;;;;;;;;;;2024;60
2024;Non;75;Nouvelle-Aquitaine;64;Pyrénées-Atlantiques;200067288;Communauté de communes du Béarn des Gaves;2;Oui;Non;Non;1;Non;64186;Charre;Commune;216401869;64186;CHARRE;Dépenses d'investissement;64669.22;0.0;0.0;64669.22;0.06466922;224;288.70187500000003;1;;;;;;;;;;;2024;224
2024;Non;75;Nouvelle-Aquitaine;64;Pyrénées-Atlantiques;200067106;Communauté d'agglomération du Pays Basque;2;Non;Non;Non;1;Non;64187;Charritte-de-Bas;Commune;216401877;64187;CHARRITTE-DE-BAS;Dépenses d'investissement;200033.9;0.0;0.0;200033.9;0.2000339;255;784.4466666666666;1;;;;;;;;;;;2024;255
2024;Non;75;Nouvelle-Aquitaine;64;Pyrénées-Atlantiques;200067106;Communauté d'agglomération du Pays Basque;3;Non;Oui;Non;1;Non;64188;Chéraute;Commune;216401885;64188;CHERAUTE;Dépenses d'investissement;269779.23;0.0;0.0;269779.23;0.26977923;1206;223.69753731343283;1;;;;;;;;;;;2024;1206
2024;Non;75;Nouvelle-Aquitaine;64;Pyrénées-Atlantiques;200067106;Communauté d'agglomération du Pays Basque;6;Non;Non;Oui;3;Non;64189;Ciboure;Commune;216401893;64189;CIBOURE;Dépenses d'investissement;3644521.02;0.0;0.0;3644521.02;3.64452102;6162;591.4509931840312;1;;;;;;;;;;;2024;6162
2024;Non;75;Nouvelle-Aquitaine;64;Pyrénées-Atlantiques;200067239;Communauté de communes des Luys en Béarn;2;Oui;Non;Non;1;Non;64190;Claracq;Commune;216401901;64190;CLARACQ;Dépenses d'investissement;77480.61;0.0;0.0;77480.61;0.07748061;249;311.16710843373494;1;;;;;;;;;;;2024;249
2024;Non;75;Nouvelle-Aquitaine;64;Pyrénées-Atlantiques;246401756;Communauté de communes Pays de Nay;4;Non;Non;Non;1;Non;64191;Coarraze;Commune;216401919;64191;COARRAZE;Dépenses d'investissement;573550.51;0.0;0.0;573550.51;0.57355051;2334;245.73715081405314;1;;;;;;;;;;;2024;2334
2024;Non;75;Nouvelle-Aquitaine;64;Pyrénées-Atlantiques;200067239;Communauté de communes des Luys en Béarn;1;Oui;Non;Non;1;Non;64192;Conchez-de-Béarn;Commune;216401927;64192;CONCHEZ-DE-BEARN;Dépenses d'investissement;35166.03;0.0;0.0;35166.03;0.03516603;111;316.81108108108106;1;;;;;;;;;;;2024;111
2024;Non;75;Nouvelle-Aquitaine;64;Pyrénées-Atlantiques;200067296;Communauté de communes du Nord Est Béarn;0;Oui;Non;Non;2;Non;64193;Corbère-Abères;Commune;216401935;64193;CORBERE-ABERES;Dépenses d'investissement;15310.65;0.0;0.0;15310.65;0.01531065;98;156.2311224489796;1;;;;;;;;;;;2024;98
2024;Non;75;Nouvelle-Aquitaine;64;Pyrénées-Atlantiques;200067296;Communauté de communes du Nord Est Béarn;2;Oui;Non;Non;1;Non;64194;Coslédaà-Lube-Boast;Commune;216401943;64194;COSLEDAA-LUBE-BOAST;Dépenses d'investissement;112393.78;43729.04;0.0;156122.82;0.15612282;389;401.34401028277637;1;;;;;;;;;;;2024;389
2024;Non;75;Nouvelle-Aquitaine;64;Pyrénées-Atlantiques;200067239;Communauté de communes des Luys en Béarn;0;Oui;Non;Non;2;Non;64195;Coublucq;Commune;216401950;64195;COUBLUCQ;Dépenses d'investissement;70171.19;0.0;0.0;70171.19;0.07017119000000001;93;754.5289247311828;1;;;;;;;;;;;2024;93
2024;Non;75;Nouvelle-Aquitaine;64;Pyrénées-Atlantiques;200067296;Communauté de communes du Nord Est Béarn;1;Oui;Non;Non;1;Non;64196;Crouseilles;Commune;216401968;64196;CROUSEILLES;Dépenses d'investissement;52038.55;0.0;0.0;52038.55;0.05203855;123;423.0776422764228;1;;;;;;;;;;;2024;123
2024;Non;75;Nouvelle-Aquitaine;64;Pyrénées-Atlantiques;200039204;Communauté de communes de Lacq-Orthez;1;Non;Oui;Non;2;Non;64197;Cuqueron;Commune;216401976;64197;CUQUERON;Dépenses d'investissement;25423.4;0.0;0.0;25423.4;0.025423400000000002;196;129.71122448979594;1;;;;;;;;;;;2024;196
2024;Non;75;Nouvelle-Aquitaine;64;Pyrénées-Atlantiques;200067254;Communauté d'agglomération Pau Béarn Pyrénées;3;Non;Non;Non;2;Non;64198;Denguin;Commune;216401984;64198;DENGUIN;Dépenses d'investissement;291653.03;0.0;0.0;291653.03;0.29165303000000004;1820;160.2489175824176;1;;;;;;;;;;;2024;1820
2024;Non;75;Nouvelle-Aquitaine;64;Pyrénées-Atlantiques;200067239;Communauté de communes des Luys en Béarn;1;Oui;Non;Non;1;Non;64199;Diusse;Commune;216401992;64199;DIUSSE;Dépenses d'investissement;4777.06;0.0;0.0;4777.06;0.0047770600000000005;145;32.945241379310346;1;;;;;;;;;;;2024;145
2024;Non;75;Nouvelle-Aquitaine;64;Pyrénées-Atlantiques;200039204;Communauté de communes de Lacq-Orthez;1;Oui;Non;Non;2;Non;64200;Doazon;Commune;216402008;64200;DOAZON;Dépenses d'investissement;76754.23;0.0;0.0;76754.23;0.07675422999999999;185;414.8877297297297;1;;;;;;;;;;;2024;185
2024;Non;75;Nouvelle-Aquitaine;64;Pyrénées-Atlantiques;200067288;Communauté de communes du Béarn des Gaves;2;Oui;Non;Non;1;Non;64201;Dognen;Commune;216402016;64201;DOGNEN;Dépenses d'investissement;102293.53;0.0;0.0;102293.53;0.10229353;237;431.61827004219407;1;;;;;;;;;;;2024;237
2024;Non;75;Nouvelle-Aquitaine;64;Pyrénées-Atlantiques;200067106;Communauté d'agglomération du Pays Basque;2;Oui;Non;Non;1;Non;64202;Domezain-Berraute;Commune;216402024;64202;DOMEZAIN-BERRAUTE;Dépenses d'investissement;106795.43;0.0;0.0;106795.43;0.10679543;481;222.02792099792097;1;;;;;;;;;;;2024;481
2024;Non;75;Nouvelle-Aquitaine;64;Pyrénées-Atlantiques;200067239;Communauté de communes des Luys en Béarn;2;Oui;Non;Non;2;Non;64203;Doumy;Commune;216402032;64203;DOUMY;Dépenses d'investissement;298655.05;0.0;0.0;298655.05;0.29865505;331;902.2811178247733;1;;;;;;;;;;;2024;331
2024;Non;75;Nouvelle-Aquitaine;64;Pyrénées-Atlantiques;246400337;Communauté de communes de la Vallée d'Ossau;1;Oui;Oui;Oui;2;Non;64204;Eaux-Bonnes;Commune;216402040;64204;EAUX-BONNES;Dépenses d'investissement;368975.52;355355.59;0.0;724331.11;0.72433111;193;3753.0109326424868;1;;;;;;;;;;;2024;193
2024;Non;75;Nouvelle-Aquitaine;64;Pyrénées-Atlantiques;200067288;Communauté de communes du Béarn des Gaves;2;Oui;Non;Non;1;Non;64205;Escos;Commune;216402057;64205;ESCOS;Dépenses d'investissement;79317.74;4846.17;0.0;84163.91;0.08416391000000001;239;352.1502510460251;1;;;;;;;;;;;2024;239
2024;Non;75;Nouvelle-Aquitaine;64;Pyrénées-Atlantiques;200067262;Communauté de communes du Haut Béarn;1;Oui;Oui;Non;1;Non;64206;Escot;Commune;216402065;64206;ESCOT;Dépenses d'investissement;49133.47;19499.63;0.0;68633.1;0.0686331;122;562.566393442623;1;;;;;;;;;;;2024;122
2024;Non;75;Nouvelle-Aquitaine;64;Pyrénées-Atlantiques;200067262;Communauté de communes du Haut Béarn;2;Oui;Non;Non;1;Non;64207;Escou;Commune;216402073;64207;ESCOU;Dépenses d'investissement;27918.03;0.0;0.0;27918.03;0.02791803;441;63.30619047619047;1;;;;;;;;;;;2024;441
2024;Non;75;Nouvelle-Aquitaine;64;Pyrénées-Atlantiques;200067296;Communauté de communes du Nord Est Béarn;2;Oui;Non;Non;1;Non;64208;Escoubès;Commune;216402081;64208;ESCOUBES;Dépenses d'investissement;63706.37;0.0;0.0;63706.37;0.06370637;441;144.4588888888889;1;;;;;;;;;;;2024;441
2024;Non;75;Nouvelle-Aquitaine;64;Pyrénées-Atlantiques;200067262;Communauté de communes du Haut Béarn;2;Oui;Non;Non;2;Non;64209;Escout;Commune;216402099;64209;ESCOUT;Dépenses d'investissement;26157.17;16019.09;0.0;42176.26;0.04217626;439;96.07348519362188;1;;;;;;;;;;;2024;439
2024;Non;75;Nouvelle-Aquitaine;64;Pyrénées-Atlantiques;200067296;Communauté de communes du Nord Est Béarn;1;Oui;Non;Non;2;Non;64210;Escurès;Commune;216402107;64210;ESCURES;Dépenses d'investissement;130047.74;0.0;0.0;130047.74;0.13004774;147;884.6785034013606;1;;;;;;;;;;;2024;147
2024;Non;75;Nouvelle-Aquitaine;64;Pyrénées-Atlantiques;200067296;Communauté de communes du Nord Est Béarn;2;Oui;Non;Non;1;Non;64211;Eslourenties-Daban;Commune;216402115;64211;ESLOURENTIES-DABAN;Dépenses d'investissement;201879.16;0.0;0.0;201879.16;0.20187916;376;536.9126595744681;1;;;;;;;;;;;2024;376
2024;Non;75;Nouvelle-Aquitaine;64;Pyrénées-Atlantiques;200067296;Communauté de communes du Nord Est Béarn;1;Oui;Non;Non;2;Non;64212;Espéchède;Commune;216402123;64212;ESPECHEDE;Dépenses d'investissement;105326.12;0.0;0.0;105326.12;0.10532612;152;692.935;1;;;;;;;;;;;2024;152
2024;Non;75;Nouvelle-Aquitaine;64;Pyrénées-Atlantiques;200067106;Communauté d'agglomération du Pays Basque;4;Non;Oui;Oui;2;Non;64213;Espelette;Commune;216402131;64213;ESPELETTE;Dépenses d'investissement;571369.12;0.0;0.0;571369.12;0.57136912;2090;273.38235406698567;1;;;;;;;;;;;2024;2090
2024;Non;75;Nouvelle-Aquitaine;64;Pyrénées-Atlantiques;200067106;Communauté d'agglomération du Pays Basque;3;Non;Non;Non;2;Non;64214;Espès-Undurein;Commune;216402149;64214;ESPES-UNDUREIN;Dépenses d'investissement;57258.49;0.0;0.0;57258.49;0.057258489999999995;504;113.60811507936508;1;;;;;;;;;;;2024;504
2024;Non;75;Nouvelle-Aquitaine;64;Pyrénées-Atlantiques;200067288;Communauté de communes du Béarn des Gaves;1;Oui;Non;Non;1;Non;64215;Espiute;Commune;216402156;64215;ESPIUTE;Dépenses d'investissement;23908.0;0.0;0.0;23908.0;0.023908;108;221.37037037037038;1;;;;;;;;;;;2024;108
2024;Non;75;Nouvelle-Aquitaine;64;Pyrénées-Atlantiques;200067296;Communauté de communes du Nord Est Béarn;3;Non;Non;Non;3;Non;64216;Espoey;Commune;216402164;64216;ESPOEY;Dépenses d'investissement;1392574.44;203054.22;0.0;1595628.66;1.5956286599999998;1241;1285.7604029008862;1;;;;;;;;;;;2024;1241
2024;Non;75;Nouvelle-Aquitaine;64;Pyrénées-Atlantiques;200067262;Communauté de communes du Haut Béarn;3;Oui;Oui;Non;2;Non;64217;Esquiule;Commune;216402172;64217;ESQUIULE;Dépenses d'investissement;55854.88;81287.96;0.0;137142.84;0.13714284;547;250.7181718464351;1;;;;;;;;;;;2024;547
2024;Non;75;Nouvelle-Aquitaine;64;Pyrénées-Atlantiques;200067106;Communauté d'agglomération du Pays Basque;2;Oui;Oui;Non;1;Non;64218;Estérençuby;Commune;216402180;64218;ESTERENCUBY;Dépenses d'investissement;842195.27;0.0;0.0;842195.27;0.84219527;315;2673.635777777778;1;;;;;;;;;;;2024;315
2024;Non;75;Nouvelle-Aquitaine;64;Pyrénées-Atlantiques;200067262;Communauté de communes du Haut Béarn;2;Oui;Non;Non;2;Non;64219;Estialescq;Commune;216402198;64219;ESTIALESCQ;Dépenses d'investissement;32067.79;0.0;0.0;32067.79;0.03206779;266;120.5556015037594;1;;;;;;;;;;;2024;266
2024;Non;75;Nouvelle-Aquitaine;64;Pyrénées-Atlantiques;200067262;Communauté de communes du Haut Béarn;3;Non;Non;Non;3;Non;64220;Estos;Commune;216402206;64220;ESTOS;Dépenses d'investissement;51544.33;0.0;0.0;51544.33;0.05154433;503;102.4738170974155;1;;;;;;;;;;;2024;503
2024;Non;75;Nouvelle-Aquitaine;64;Pyrénées-Atlantiques;200067106;Communauté d'agglomération du Pays Basque;1;Oui;Non;Non;1;Non;64221;Etcharry;Commune;216402214;64221;ETCHARRY;Dépenses d'investissement;57878.4;0.0;0.0;57878.4;0.0578784;186;311.1741935483871;1;;;;;;;;;;;2024;186
2024;Non;75;Nouvelle-Aquitaine;64;Pyrénées-Atlantiques;200067106;Communauté d'agglomération du Pays Basque;0;Oui;Oui;Non;1;Non;64222;Etchebar;Commune;216402222;64222;ETCHEBAR;Dépenses d'investissement;26545.25;0.0;0.0;26545.25;0.02654525;74;358.7195945945946;1;;;;;;;;;;;2024;74
2024;Non;75;Nouvelle-Aquitaine;64;Pyrénées-Atlantiques;200067262;Communauté de communes du Haut Béarn;0;Oui;Oui;Non;2;Non;64223;Etsaut;Commune;216402230;64223;ETSAUT;Dépenses d'investissement;201286.29;0.0;0.0;201286.29;0.20128629;54;3727.523888888889;1;;;;;;;;;;;2024;54
2024;Non;75;Nouvelle-Aquitaine;64;Pyrénées-Atlantiques;200067262;Communauté de communes du Haut Béarn;3;Non;Non;Non;2;Non;64224;Eysus;Commune;216402248;64224;EYSUS;Dépenses d'investissement;126837.69;42589.97;0.0;169427.66;0.16942766;644;263.0864285714286;1;;;;;;;;;;;2024;644
2024;Non;75;Nouvelle-Aquitaine;64;Pyrénées-Atlantiques;200067239;Communauté de communes des Luys en Béarn;1;Oui;Non;Non;1;Non;64226;Fichous-Riumayou;Commune;216402263;64226;FICHOUS-RIUMAYOU;Dépenses d'investissement;9145.82;0.0;0.0;9145.82;0.009145819999999999;196;46.66234693877551;1;;;;;;;;;;;2024;196
2024;Non;75;Nouvelle-Aquitaine;64;Pyrénées-Atlantiques;200067296;Communauté de communes du Nord Est Béarn;3;Non;Non;Non;2;Non;64227;Gabaston;Commune;216402271;64227;GABASTON;Dépenses d'investissement;125322.73;0.0;0.0;125322.73;0.12532273;682;183.75766862170087;1;;;;;;;;;;;2024;682
2024;Non;75;Nouvelle-Aquitaine;64;Pyrénées-Atlantiques;200067106;Communauté d'agglomération du Pays Basque;2;Oui;Non;Non;2;Non;64228;Gabat;Commune;216402289;64228;GABAT;Dépenses d'investissement;131833.02;0.0;0.0;131833.02;0.13183302;282;467.49297872340424;1;;;;;;;;;;;2024;282
2024;Non;75;Nouvelle-Aquitaine;64;Pyrénées-Atlantiques;200067106;Communauté d'agglomération du Pays Basque;1;Oui;Oui;Non;1;Non;64229;Gamarthe;Commune;216402297;64229;GAMARTHE;Dépenses d'investissement;120167.94;0.0;0.0;120167.94;0.12016794;132;910.3631818181818;1;;;;;;;;;;;2024;132
2024;Non;75;Nouvelle-Aquitaine;64;Pyrénées-Atlantiques;200067254;Communauté d'agglomération Pau Béarn Pyrénées;6;Non;Oui;Non;2;Non;64230;Gan;Commune;216402305;64230;GAN;Dépenses d'investissement;1912647.02;0.0;0.0;1912647.02;1.91264702;5744;332.98172353760447;1;;;;;;;;;;;2024;5744
2024;Non;75;Nouvelle-Aquitaine;64;Pyrénées-Atlantiques;200067106;Communauté d'agglomération du Pays Basque;2;Non;Oui;Non;2;Non;64231;Garindein;Commune;216402313;64231;GARINDEIN;Dépenses d'investissement;94222.22;0.0;0.0;94222.22;0.09422222;481;195.88819126819126;1;;;;;;;;;;;2024;481
2024;Non;75;Nouvelle-Aquitaine;64;Pyrénées-Atlantiques;200067239;Communauté de communes des Luys en Béarn;2;Oui;Non;Non;1;Non;64232;Garlède-Mondebat;Commune;216402321;64232;GARLEDE-MONDEBAT;Dépenses d'investissement;85776.05;9551.39;0.0;95327.44;0.09532744;221;431.3458823529412;1;;;;;;;;;;;2024;221
2024;Non;75;Nouvelle-Aquitaine;64;Pyrénées-Atlantiques;200067239;Communauté de communes des Luys en Béarn;3;Oui;Non;Non;1;Non;64233;Garlin;Commune;216402339;64233;GARLIN;Dépenses d'investissement;288694.32;1940712.26;0.0;2229406.58;2.22940658;1365;1633.2648937728939;1;;;;;;;;;;;2024;1365
2024;Non;75;Nouvelle-Aquitaine;64;Pyrénées-Atlantiques;200067239;Communauté de communes des Luys en Béarn;2;Oui;Non;Non;1;Non;64234;Garos;Commune;216402347;64234;GAROS;Dépenses d'investissement;146855.76;0.0;0.0;146855.76;0.14685576;269;545.9321933085503;1;;;;;;;;;;;2024;269
2024;Non;75;Nouvelle-Aquitaine;64;Pyrénées-Atlantiques;200067106;Communauté d'agglomération du Pays Basque;2;Oui;Non;Non;4;Non;64235;Garris;Commune;216402354;64235;GARRIS;Dépenses d'investissement;128245.81;35941.44;30000.0;134187.25;0.13418725;314;427.3479299363057;1;;;;;;;;;;;2024;314
2024;Non;75;Nouvelle-Aquitaine;64;Pyrénées-Atlantiques;200067296;Communauté de communes du Nord Est Béarn;0;Oui;Non;Non;2;Non;64236;Gayon;Commune;216402362;64236;GAYON;Dépenses d'investissement;30792.26;0.0;0.0;30792.26;0.03079226;55;559.8592727272727;1;;;;;;;;;;;2024;55
2024;Non;75;Nouvelle-Aquitaine;64;Pyrénées-Atlantiques;200067254;Communauté d'agglomération Pau Béarn Pyrénées;5;Non;Non;Non;2;Non;64237;Gelos;Commune;216402370;64237;GELOS;Dépenses d'investissement;1190117.29;6292.79;0.0;1196410.08;1.1964100800000002;3737;320.15255017393633;1;;;;;;;;;;;2024;3737
2024;Non;75;Nouvelle-Aquitaine;64;Pyrénées-Atlantiques;200067296;Communauté de communes du Nord Est Béarn;4;Oui;Non;Non;2;Non;64238;Ger;Commune;216402388;64238;GER;Dépenses d'investissement;2283821.96;0.0;0.0;2283821.96;2.28382196;2118;1078.2917658168083;1;;;;;;;;;;;2024;2118
2024;Non;75;Nouvelle-Aquitaine;64;Pyrénées-Atlantiques;200067296;Communauté de communes du Nord Est Béarn;1;Oui;Non;Non;1;Non;64239;Gerderest;Commune;216402396;64239;GERDEREST;Dépenses d'investissement;3934.33;0.0;0.0;3934.33;0.00393433;146;26.947465753424655;1;;;;;;;;;;;2024;146
2024;Non;75;Nouvelle-Aquitaine;64;Pyrénées-Atlantiques;246400337;Communauté de communes de la Vallée d'Ossau;1;Oui;Oui;Non;2;Non;64240;Gère-Bélesten;Commune;216402404;64240;GERE-BELESTEN;Dépenses d'investissement;109371.98;131731.54;0.0;241103.52;0.24110352;187;1289.3236363636363;1;;;;;;;;;;;2024;187
2024;Non;75;Nouvelle-Aquitaine;64;Pyrénées-Atlantiques;200067262;Communauté de communes du Haut Béarn;2;Oui;Non;Non;1;Non;64241;Géronce;Commune;216402412;64241;GERONCE;Dépenses d'investissement;154309.77;5010.84;0.0;159320.61;0.15932060999999997;494;322.5113562753036;1;;;;;;;;;;;2024;494
2024;Non;75;Nouvelle-Aquitaine;64;Pyrénées-Atlantiques;200067288;Communauté de communes du Béarn des Gaves;0;Oui;Non;Non;1;Non;64242;Gestas;Commune;216402420;64242;GESTAS;Dépenses d'investissement;50144.7;0.0;0.0;50144.7;0.0501447;76;659.7986842105263;1;;;;;;;;;;;2024;76
2024;Non;75;Nouvelle-Aquitaine;64;Pyrénées-Atlantiques;200067239;Communauté de communes des Luys en Béarn;2;Oui;Non;Non;1;Non;64243;Géus-d'Arzacq;Commune;216402438;64243;GEUS-D'ARZACQ;Dépenses d'investissement;61167.29;2425.84;0.0;63593.13;0.06359313;206;308.7045145631068;1;;;;;;;;;;;2024;206
2024;Non;75;Nouvelle-Aquitaine;64;Pyrénées-Atlantiques;200067262;Communauté de communes du Haut Béarn;2;Oui;Non;Non;1;Non;64244;Geüs-d'Oloron;Commune;216402446;64244;GEUS-D'OLORON;Dépenses d'investissement;45810.6;4680.0;0.0;50490.6;0.0504906;273;184.94725274725275;1;;;;;;;;;;;2024;273
2024;Non;75;Nouvelle-Aquitaine;64;Pyrénées-Atlantiques;200067262;Communauté de communes du Haut Béarn;3;Non;Non;Non;2;Non;64245;Goès;Commune;216402453;64245;GOES;Dépenses d'investissement;63624.67;0.0;0.0;63624.67;0.06362467;559;113.81872987477638;1;;;;;;;;;;;2024;559
2024;Non;75;Nouvelle-Aquitaine;64;Pyrénées-Atlantiques;200067296;Communauté de communes du Nord Est Béarn;2;Oui;Non;Non;2;Non;64246;Gomer;Commune;216402461;64246;GOMER;Dépenses d'investissement;36271.61;0.0;0.0;36271.61;0.03627161;308;117.76496753246754;1;;;;;;;;;;;2024;308
2024;Non;75;Nouvelle-Aquitaine;64;Pyrénées-Atlantiques;200067106;Communauté d'agglomération du Pays Basque;2;Oui;Oui;Non;1;Non;64247;Gotein-Libarrenx;Commune;216402479;64247;GOTEIN-LIBARRENX;Dépenses d'investissement;107408.85;0.0;0.0;107408.85;0.10740885;485;221.4615463917526;1;;;;;;;;;;;2024;485
2024;Non;75;Nouvelle-Aquitaine;64;Pyrénées-Atlantiques;200067106;Communauté d'agglomération du Pays Basque;3;Non;Non;Oui;4;Non;64249;Guéthary;Commune;216402495;64249;GUETHARY;Dépenses d'investissement;1447651.82;0.0;0.0;1447651.82;1.4476518200000001;1360;1064.449867647059;1;;;;;;;;;;;2024;1360
2024;Non;75;Nouvelle-Aquitaine;64;Pyrénées-Atlantiques;200067106;Communauté d'agglomération du Pays Basque;3;Oui;Non;Non;1;Non;64250;Guiche;Commune;216402503;64250;GUICHE;Dépenses d'investissement;802112.14;626142.65;370000.0;1058254.79;1.0582547900000001;1060;998.3535754716982;1;;;;;;;;;;;2024;1060
2024;Non;75;Nouvelle-Aquitaine;64;Pyrénées-Atlantiques;200067288;Communauté de communes du Béarn des Gaves;2;Oui;Non;Non;2;Non;64251;Guinarthe-Parenties;Commune;216402511;64251;GUINARTHE-PARENTIES;Dépenses d'investissement;143697.24;13156.0;0.0;156853.24;0.15685323999999998;234;670.3129914529915;1;;;;;;;;;;;2024;234
2024;Non;75;Nouvelle-Aquitaine;64;Pyrénées-Atlantiques;200067288;Communauté de communes du Béarn des Gaves;2;Oui;Non;Non;1;Non;64253;Gurs;Commune;216402537;64253;GURS;Dépenses d'investissement;74590.2;0.0;0.0;74590.2;0.0745902;425;175.50635294117646;1;;;;;;;;;;;2024;425
2024;Non;75;Nouvelle-Aquitaine;64;Pyrénées-Atlantiques;200039204;Communauté de communes de Lacq-Orthez;3;Oui;Non;Non;1;Non;64254;Hagetaubin;Commune;216402545;64254;HAGETAUBIN;Dépenses d'investissement;101339.85;0.0;0.0;101339.85;0.10133985000000001;590;171.76245762711866;1;;;;;;;;;;;2024;590
2024;Non;75;Nouvelle-Aquitaine;64;Pyrénées-Atlantiques;200067106;Communauté d'agglomération du Pays Basque;3;Non;Non;Non;4;Non;64255;Halsou;Commune;216402552;64255;HALSOU;Dépenses d'investissement;271817.8;11394.04;0.0;283211.84;0.28321184000000005;637;444.6025745682889;1;;;;;;;;;;;2024;637
2024;Non;75;Nouvelle-Aquitaine;64;Pyrénées-Atlantiques;200067106;Communauté d'agglomération du Pays Basque;6;Non;Oui;Non;2;Non;64256;Hasparren;Commune;216402560;64256;HASPARREN;Dépenses d'investissement;2133822.23;0.0;0.0;2133822.23;2.13382223;7835;272.34489215060626;1;;;;;;;;;;;2024;7835
2024;Non;75;Nouvelle-Aquitaine;64;Pyrénées-Atlantiques;246401756;Communauté de communes Pays de Nay;2;Oui;Oui;Non;1;Non;64257;Haut-de-Bosdarros;Commune;216402578;64257;HAUT-DE-BOSDARROS;Dépenses d'investissement;85670.36;0.0;0.0;85670.36;0.08567036;336;254.97130952380954;1;;;;;;;;;;;2024;336
2024;Non;75;Nouvelle-Aquitaine;64;Pyrénées-Atlantiques;200067106;Communauté d'agglomération du Pays Basque;0;Oui;Oui;Non;1;Non;64258;Haux;Commune;216402586;64258;HAUX;Dépenses d'investissement;82873.67;0.0;0.0;82873.67;0.08287367;85;974.9843529411764;1;;;;;;;;;;;2024;85
2024;Non;75;Nouvelle-Aquitaine;64;Pyrénées-Atlantiques;200067106;Communauté d'agglomération du Pays Basque;3;Oui;Oui;Non;1;Non;64259;Hélette;Commune;216402594;64259;HELETTE;Dépenses d'investissement;1471204.58;35228.61;0.0;1506433.19;1.5064331899999999;765;1969.1937124183005;1;;;;;;;;;;;2024;765
2024;Non;75;Nouvelle-Aquitaine;64;Pyrénées-Atlantiques;200067106;Communauté d'agglomération du Pays Basque;7;Non;Non;Oui;2;Non;64260;Hendaye;Commune;216402602;64260;HENDAYE;Dépenses d'investissement;11051053.42;1214060.27;0.0;12265113.69;12.26511369;18254;671.9137553412951;1;;;;;;;;;;;2024;18254
2024;Non;75;Nouvelle-Aquitaine;64;Pyrénées-Atlantiques;200067262;Communauté de communes du Haut Béarn;2;Oui;Non;Non;2;Non;64261;Herrère;Commune;216402610;64261;HERRERE;Dépenses d'investissement;61036.62;0.0;0.0;61036.62;0.06103662;395;154.52308860759496;1;;;;;;;;;;;2024;395
